trace_name,source_id,annotated_p_sample,annotated_p_time_s,predicted_p_sample,predicted_p_time_s,absolute_error_s,detected
11030611.IV.OFFI..HH,11030611,1735,17.35,1747.0,17.47,0.11999999999999744,True
11030611.IV.PIEI..HH,11030611,1876,18.76,1898.0,18.98,0.21999999999999886,True
11030611.IV.PIEI..HN,11030611,1889,18.89,,,,False
11030611.IV.RM33..EH,11030611,1678,16.78,1668.0,16.68,0.10000000000000142,True
11030611.IV.RM33..HN,11030611,1610,16.1,1640.0,16.4,0.29999999999999716,True
11030611.IV.SEF1..HN,11030611,1780,17.8,1890.0,18.900000000000002,1.1000000000000014,True
11030611.IV.SNTG..HH,11030611,1971,19.71,1982.0,19.82,0.10999999999999943,True
11030611.IV.SNTG..HN,11030611,2012,20.12,2085.0,20.85,0.7300000000000004,True
11030611.IV.SSFR..HH,11030611,1962,19.62,1321.0,13.21,6.41,True
11030611.IV.SSFR..HN,11030611,1903,19.03,1283.0,12.83,6.200000000000001,True
11030611.IV.SSM1..HN,11030611,1562,15.620000000000001,2118.0,21.18,5.559999999999999,True
11030611.IV.T0110..HH,11030611,1652,16.52,1655.0,16.55,0.030000000000001137,True
11030611.IV.T1201..HN,11030611,2298,22.98,2284.0,22.84,0.14000000000000057,True
11030611.IV.T1202..EH,11030611,2072,20.72,1631.0,16.31,4.41,True
11030611.IV.T1204..EH,11030611,1771,17.71,1752.0,17.52,0.19000000000000128,True
11030611.IV.T1211..EH,11030611,3778,37.78,1113.0,11.13,26.65,True
11030611.IV.T1211..HN,11030611,1989,19.89,2147.0,21.47,1.5799999999999983,True
11030611.IV.T1212..EH,11030611,3893,38.93,999.0,9.99,28.939999999999998,True
11030611.IV.T1212..HN,11030611,2605,26.05,2608.0,26.080000000000002,0.030000000000001137,True
11030611.IV.T1213..EH,11030611,3422,34.22,3422.0,34.22,0.0,True
11030611.IV.T1213..HN,11030611,2824,28.240000000000002,2828.0,28.28,0.03999999999999915,True
11030611.IV.T1215..EH,11030611,2197,21.97,2206.0,22.06,0.08999999999999986,True
11030611.IV.T1215..HN,11030611,3228,32.28,3244.0,32.44,0.1599999999999966,True
11030611.IV.T1216..EH,11030611,2255,22.55,1395.0,13.950000000000001,8.6,True
11030611.IV.T1216..HN,11030611,2139,21.39,1279.0,12.790000000000001,8.6,True
11030611.IV.T1217..EH,11030611,2326,23.26,2325.0,23.25,0.010000000000001563,True
11030611.IV.T1217..HN,11030611,2714,27.14,2720.0,27.2,0.05999999999999872,True
11030611.IV.T1218..EH,11030611,2282,22.82,1994.0,19.94,2.879999999999999,True
11030611.IV.T1218..HN,11030611,2843,28.43,2854.0,28.54,0.10999999999999943,True
11030611.IV.T1219..EH,11030611,1752,17.52,1586.0,15.860000000000001,1.6599999999999984,True
11030611.IV.T1219..HN,11030611,4129,41.29,999.0,9.99,31.299999999999997,True
11030611.IV.T1220..EH,11030611,4118,41.18,999.0,9.99,31.189999999999998,True
11030611.IV.T1220..HN,11030611,3556,35.56,3566.0,35.660000000000004,0.10000000000000142,True
11030611.IV.T1221..EH,11030611,2098,20.98,2092.0,20.92,0.05999999999999872,True
11030611.IV.T1221..HN,11030611,3447,34.47,3473.0,34.730000000000004,0.2600000000000051,True
11030611.IV.T1241..EH,11030611,1653,16.53,1630.0,16.3,0.23000000000000043,True
11030611.IV.T1241..HN,11030611,1646,16.46,1655.0,16.55,0.08999999999999986,True
11030611.IV.T1243..HH,11030611,1671,16.71,1675.0,16.75,0.03999999999999915,True
11030611.IV.T1243..HN,11030611,1634,16.34,1668.0,16.68,0.33999999999999986,True
11030611.IV.T1244..EH,11030611,1920,19.2,1906.0,19.06,0.14000000000000057,True
11030611.IV.T1244..HN,11030611,1859,18.59,1862.0,18.62,0.030000000000001137,True
11030611.IV.T1245..HH,11030611,1584,15.84,1542.0,15.42,0.41999999999999993,True
11030611.IV.T1245..HN,11030611,1590,15.9,1593.0,15.93,0.02999999999999936,True
11030611.IV.T1246..HH,11030611,1873,18.73,1857.0,18.57,0.16000000000000014,True
11030611.IV.T1247..HH,11030611,1877,18.77,1883.0,18.830000000000002,0.060000000000002274,True
11030611.IV.T1256..HH,11030611,1702,17.02,1656.0,16.56,0.46000000000000085,True
11030611.IV.T1256..HN,11030611,1700,17.0,1700.0,17.0,0.0,True
11030611.IV.T1299..EH,11030611,1619,16.19,1615.0,16.15,0.0400000000000027,True
11030611.IV.T1299..HN,11030611,1521,15.21,1549.0,15.49,0.27999999999999936,True
11030611.IV.TERO..HH,11030611,1978,19.78,1980.0,19.8,0.019999999999999574,True
11030611.IV.TERO..HN,11030611,2274,22.740000000000002,2288.0,22.88,0.13999999999999702,True
11030611.IV.VCEL..EH,11030611,2039,20.39,2045.0,20.45,0.05999999999999872,True
11030911.IV.CESI..HH,11030911,1753,17.53,1757.0,17.57,0.03999999999999915,True
11030911.IV.CSP1..EH,11030911,1780,17.8,1782.0,17.82,0.019999999999999574,True
11030911.IV.FDMO..HH,11030911,1720,17.2,1727.0,17.27,0.07000000000000028,True
11030911.IV.GUMA..HH,11030911,1612,16.12,1621.0,16.21,0.08999999999999986,True
11030911.IV.GUMA..HN,11030911,1700,17.0,1716.0,17.16,0.16000000000000014,True
11030911.IV.MC2..EH,11030911,1585,15.85,1610.0,16.1,0.2500000000000018,True
11030911.IV.MMO1..EH,11030911,1773,17.73,1788.0,17.88,0.14999999999999858,True
11030911.IV.MMO1..HN,11030911,1839,18.39,11940.0,119.4,101.01,True
11030911.IV.T1215..EH,11030911,2338,23.38,2376.0,23.76,0.38000000000000256,True
11030911.IV.T1215..HN,11030911,4639,46.39,4725.0,47.25,0.8599999999999994,True
11030911.IV.T1219..EH,11030911,1761,17.61,1764.0,17.64,0.030000000000001137,True
11030911.IV.T1219..HN,11030911,1846,18.46,1849.0,18.490000000000002,0.030000000000001137,True
11030911.IV.T1245..HH,11030911,1966,19.66,1277.0,12.77,6.890000000000001,True
11030911.IV.T1245..HN,11030911,1920,19.2,2364.0,23.64,4.440000000000001,True
11030911.IV.T1256..HH,11030911,2020,20.2,2028.0,20.28,0.08000000000000185,True
11030911.IV.T1256..HN,11030911,2014,20.14,2080.0,20.8,0.6600000000000001,True
11031361.IV.ASSB..HH,11031361,1645,16.45,1608.0,16.080000000000002,0.36999999999999744,True
11031361.IV.ATCC..EH,11031361,1823,18.23,1826.0,18.26,0.030000000000001137,True
11031361.IV.CAMP..HH,11031361,1698,16.98,1728.0,17.28,0.3000000000000007,True
11031361.IV.CESI..HH,11031361,1605,16.05,1159.0,11.59,4.460000000000001,True
11031361.IV.CSP1..EH,11031361,1987,19.87,1206.0,12.06,7.8100000000000005,True
11031361.IV.FDMO..HH,11031361,1820,18.2,999.0,9.99,8.209999999999999,True
11031361.IV.FIAM..HH,11031361,1910,19.1,1945.0,19.45,0.34999999999999787,True
11031361.IV.FIAM..HN,11031361,1884,18.84,1936.0,19.36,0.5199999999999996,True
11031361.IV.GUMA..HH,11031361,1923,19.23,1007.0,10.07,9.16,True
11031361.IV.GUMA..HN,11031361,1898,18.98,1023.0,10.23,8.75,True
11031361.IV.LNSS..HH,11031361,1953,19.53,1131.0,11.31,8.22,True
11031361.IV.MC2..EH,11031361,1703,17.03,1552.0,15.52,1.5100000000000016,True
11031361.IV.MMO1..EH,11031361,1719,17.19,1401.0,14.01,3.1800000000000015,True
11031361.IV.MMO1..HN,11031361,1703,17.03,2268.0,22.68,5.649999999999999,True
11031361.IV.NRCA..HH,11031361,1841,18.41,1501.0,15.01,3.4000000000000004,True
11031361.IV.NRCA..HN,11031361,1941,19.41,1940.0,19.400000000000002,0.00999999999999801,True
11031361.IV.OFFI..HH,11031361,2200,22.0,2910.0,29.1,7.100000000000001,True
11031361.IV.RM33..EH,11031361,1982,19.82,1999.0,19.990000000000002,0.1700000000000017,True
11031361.IV.RM33..HN,11031361,1812,18.12,1828.0,18.28,0.16000000000000014,True
11031361.IV.SEF1..HN,11031361,1594,15.94,1600.0,16.0,0.0600000000000005,True
11031361.IV.T0110..HH,11031361,1862,18.62,1931.0,19.31,0.6899999999999977,True
11031361.IV.T1215..EH,11031361,3453,34.53,1468.0,14.68,19.85,True
11031361.IV.T1215..HN,11031361,1910,19.1,1954.0,19.54,0.4399999999999977,True
11031361.IV.T1218..EH,11031361,2077,20.77,1330.0,13.3,7.469999999999999,True
11031361.IV.T1218..HN,11031361,3404,34.04,1996.0,19.96,14.079999999999998,True
11031361.IV.T1219..EH,11031361,2314,23.14,1609.0,16.09,7.050000000000001,True
11031361.IV.T1219..HN,11031361,2695,26.95,1996.0,19.96,6.989999999999998,True
11031361.IV.T1241..EH,11031361,1932,19.32,1381.0,13.81,5.51,True
11031361.IV.T1241..HN,11031361,1842,18.42,1947.0,19.47,1.0499999999999972,True
11031361.IV.T1243..HH,11031361,1876,18.76,999.0,9.99,8.770000000000001,True
11031361.IV.T1243..HN,11031361,1839,18.39,1105.0,11.05,7.34,True
11031361.IV.T1245..HH,11031361,2005,20.05,1734.0,17.34,2.710000000000001,True
11031361.IV.T1245..HN,11031361,2023,20.23,2047.0,20.47,0.23999999999999844,True
11031361.IV.TERO..HH,11031361,1723,17.23,1022.0,10.22,7.01,True
11031361.IV.TERO..HN,11031361,1578,15.780000000000001,1629.0,16.29,0.509999999999998,True
11032751.XO.AM05..EH,11032751,1911,19.11,1346.0,13.46,5.649999999999999,True
11032751.XO.AM05..HN,11032751,2082,20.82,1711.0,17.11,3.710000000000001,True
11032751.IV.AOI..HH,11032751,1968,19.68,1966.0,19.66,0.019999999999999574,True
11032751.MN.AQU..HH,11032751,1898,18.98,1957.0,19.57,0.5899999999999999,True
11032751.MN.AQU..HL,11032751,1853,18.53,1914.0,19.14,0.6099999999999994,True
11032751.IV.ARVD..HH,11032751,1814,18.14,1326.0,13.26,4.880000000000001,True
11032751.IV.ASQU..HH,11032751,1868,18.68,1954.0,19.54,0.8599999999999994,True
11032751.IV.ATCC..EH,11032751,1880,18.8,1888.0,18.88,0.0799999999999983,True
11032751.IV.ATCC..HN,11032751,1678,16.78,1715.0,17.150000000000002,0.370000000000001,True
11032751.IV.ATFO..HH,11032751,1527,15.27,1551.0,15.51,0.2400000000000002,True
11032751.IV.ATFO..HN,11032751,1614,16.14,1669.0,16.69,0.5500000000000007,True
11032751.IV.ATLO..EH,11032751,1764,17.64,1770.0,17.7,0.05999999999999872,True
11032751.IV.ATLO..HN,11032751,1621,16.21,1658.0,16.580000000000002,0.370000000000001,True
11032751.IV.ATMC..EH,11032751,1692,16.92,1724.0,17.240000000000002,0.3200000000000003,True
11032751.IV.ATPC..HH,11032751,1655,16.55,1677.0,16.77,0.21999999999999886,True
11032751.IV.ATPC..HN,11032751,1603,16.03,1731.0,17.31,1.2799999999999976,True
11032751.IV.ATSC..EH,11032751,1971,19.71,1999.0,19.990000000000002,0.28000000000000114,True
11032751.IV.ATVA..EH,11032751,1651,16.51,1649.0,16.490000000000002,0.019999999999999574,True
11032751.IV.ATVO..HH,11032751,1653,16.53,1657.0,16.57,0.03999999999999915,True
11032751.IV.ATVO..HN,11032751,1588,15.88,,,,False
11032751.IV.BADI..EH,11032751,1698,16.98,1729.0,17.29,0.3099999999999987,True
11032751.IV.CAFI..HH,11032751,1558,15.58,1559.0,15.59,0.009999999999999787,True
11032751.IV.CAFI..HN,11032751,1586,15.860000000000001,1623.0,16.23,0.3699999999999992,True
11032751.IV.CAMP..HH,11032751,1948,19.48,1939.0,19.39,0.08999999999999986,True
11032751.IV.CERT..HH,11032751,2214,22.14,1598.0,15.98,6.16,True
11032751.IV.CESI..HH,11032751,1695,16.95,1671.0,16.71,0.23999999999999844,True
11032751.IV.CESX..HH,11032751,1630,16.3,1624.0,16.240000000000002,0.05999999999999872,True
11032751.IV.CING..HH,11032751,1909,19.09,1913.0,19.13,0.03999999999999915,True
11032751.IV.CRE..HH,11032751,1871,18.71,1801.0,18.01,0.6999999999999993,True
11032751.IV.CSP1..EH,11032751,1607,16.07,1597.0,15.97,0.09999999999999964,True
11032751.IV.FAGN..HH,11032751,2035,20.35,1868.0,18.68,1.6700000000000017,True
11032751.IV.FDMO..HH,11032751,2003,20.03,2017.0,20.17,0.14000000000000057,True
11032751.IV.FEMA..HN,11032751,2058,20.580000000000002,999.0,9.99,10.590000000000002,True
11032751.IV.FIAM..HH,11032751,1955,19.55,1935.0,19.35,0.1999999999999993,True
11032751.IV.FIAM..HN,11032751,1817,18.17,1814.0,18.14,0.030000000000001137,True
11032751.IV.FIU1..HN,11032751,1812,18.12,2714.0,27.14,9.02,True
11032751.IV.FOSV..EH,11032751,1821,18.21,1830.0,18.3,0.08999999999999986,True
11032751.IV.FOSV..HN,11032751,1786,17.86,1817.0,18.17,0.3100000000000023,True
11032751.IV.FRON..EH,11032751,2021,20.21,1382.0,13.82,6.390000000000001,True
11032751.IV.FSSB..HH,11032751,1957,19.57,1986.0,19.86,0.28999999999999915,True
11032751.IV.GAG1..HN,11032751,1639,16.39,1677.0,16.77,0.379999999999999,True
11032751.IV.GIGS..HH,11032751,1630,16.3,1641.0,16.41,0.10999999999999943,True
11032751.IV.GUMA..HH,11032751,1653,16.53,1631.0,16.31,0.22000000000000242,True
11032751.IV.GUMA..HN,11032751,1609,16.09,1610.0,16.1,0.010000000000001563,True
11032751.IV.INTR..HH,11032751,1767,17.67,1794.0,17.94,0.2699999999999996,True
11032751.IV.INTR..HN,11032751,1710,17.1,,,,False
11032751.IV.LATB..EH,11032751,1687,16.87,1964.0,19.64,2.7699999999999996,True
11032751.IV.LNSS..HH,11032751,1837,18.37,1804.0,18.04,0.33000000000000185,True
11032751.IV.MC2..EH,11032751,1852,18.52,1848.0,18.48,0.03999999999999915,True
11032751.IV.MCIV..HH,11032751,1655,16.55,1749.0,17.490000000000002,0.9400000000000013,True
11032751.IV.MDAR..HN,11032751,2003,20.03,2008.0,20.080000000000002,0.05000000000000071,True
11032751.IV.MGAB..HN,11032751,1657,16.57,1684.0,16.84,0.2699999999999996,True
11032751.IV.MMUR..HN,11032751,1805,18.05,1834.0,18.34,0.28999999999999915,True
11032751.IV.MOMA..HH,11032751,2113,21.13,2135.0,21.35,0.22000000000000242,True
11032751.IV.MOMA..HN,11032751,2041,20.41,2067.0,20.67,0.26000000000000156,True
11032751.IV.MPAG..EH,11032751,1590,15.9,1599.0,15.99,0.08999999999999986,True
11032751.IV.MPAG..HN,11032751,1590,15.9,11964.0,119.64,103.74,True
11032751.IV.MTCE..HH,11032751,1678,16.78,1744.0,17.44,0.6600000000000001,True
11032751.IV.MTL1..HN,11032751,1543,15.43,1630.0,16.3,0.870000000000001,True
11032751.IV.MURB..HH,11032751,1828,18.28,1845.0,18.45,0.16999999999999815,True
11032751.IV.MURB..HN,11032751,1842,18.42,1876.0,18.76,0.33999999999999986,True
11032751.IV.NRCA..HH,11032751,1502,15.02,1463.0,14.63,0.3899999999999988,True
11032751.IV.NRCA..HN,11032751,1557,15.57,1544.0,15.44,0.13000000000000078,True
11032751.IV.OFFI..HH,11032751,1586,15.860000000000001,1612.0,16.12,0.2599999999999998,True
11032751.IV.PE3..EH,11032751,2110,21.1,2182.0,21.82,0.7199999999999989,True
11032751.IV.PIEI..HH,11032751,2159,21.59,2159.0,21.59,0.0,True
11032751.IV.PIEI..HN,11032751,1937,19.37,2072.0,20.72,1.3499999999999979,True
11032751.IV.PP3..EH,11032751,1980,19.8,1143.0,11.43,8.370000000000001,True
11032751.IV.PP3..HN,11032751,2074,20.740000000000002,1248.0,12.48,8.260000000000002,True
11032751.IV.RM33..EH,11032751,1889,18.89,1862.0,18.62,0.2699999999999996,True
11032751.IV.RM33..HN,11032751,1871,18.71,1882.0,18.82,0.10999999999999943,True
11032751.IV.SACS..HH,11032751,2096,20.96,2105.0,21.05,0.08999999999999986,True
11032751.IV.SACS..HN,11032751,1927,19.27,1953.0,19.53,0.26000000000000156,True
11032751.IV.SEF1..HN,11032751,1700,17.0,1708.0,17.080000000000002,0.08000000000000185,True
11032751.IV.SMA1..EH,11032751,2034,20.34,2027.0,20.27,0.07000000000000028,True
11032751.IV.SNTG..HH,11032751,1696,16.96,1702.0,17.02,0.05999999999999872,True
11032751.IV.SNTG..HN,11032751,1616,16.16,1653.0,16.53,0.370000000000001,True
11032751.IV.SSFR..HH,11032751,1889,18.89,1881.0,18.81,0.08000000000000185,True
11032751.IV.SSFR..HN,11032751,1692,16.92,1723.0,17.23,0.3099999999999987,True
11032751.IV.SSM1..HN,11032751,2018,20.18,2051.0,20.51,0.33000000000000185,True
11032751.IV.T0110..HH,11032751,2155,21.55,2175.0,21.75,0.1999999999999993,True
11032751.IV.T1201..HN,11032751,2139,21.39,2110.0,21.1,0.28999999999999915,True
11032751.IV.T1202..EH,11032751,1786,17.86,1728.0,17.28,0.5799999999999983,True
11032751.IV.T1204..EH,11032751,1553,15.530000000000001,1151.0,11.51,4.020000000000001,True
11032751.IV.T1211..EH,11032751,2021,20.21,1027.0,10.27,9.940000000000001,True
11032751.IV.T1211..HN,11032751,6701,67.01,6711.0,67.11,0.09999999999999432,True
11032751.IV.T1212..EH,11032751,2438,24.38,2398.0,23.98,0.3999999999999986,True
11032751.IV.T1212..HN,11032751,1907,19.07,1890.0,18.900000000000002,0.16999999999999815,True
11032751.IV.T1213..EH,11032751,1828,18.28,1821.0,18.21,0.07000000000000028,True
11032751.IV.T1213..HN,11032751,3186,31.86,1579.0,15.790000000000001,16.07,True
11032751.IV.T1215..EH,11032751,3117,31.17,1076.0,10.76,20.410000000000004,True
11032751.IV.T1215..HN,11032751,5994,59.94,5999.0,59.99,0.05000000000000426,True
11032751.IV.T1216..EH,11032751,3975,39.75,1989.0,19.89,19.86,True
11032751.IV.T1216..HN,11032751,1773,17.73,1769.0,17.69,0.03999999999999915,True
11032751.IV.T1217..EH,11032751,1655,16.55,1646.0,16.46,0.08999999999999986,True
11032751.IV.T1217..HN,11032751,2107,21.07,2110.0,21.1,0.030000000000001137,True
11032751.IV.T1218..EH,11032751,2407,24.07,2356.0,23.56,0.5100000000000016,True
11032751.IV.T1218..HN,11032751,3263,32.63,3242.0,32.42,0.21000000000000085,True
11032751.IV.T1219..EH,11032751,3781,37.81,1460.0,14.6,23.21,True
11032751.IV.T1219..HN,11032751,3553,35.53,1239.0,12.39,23.14,True
11032751.IV.T1220..EH,11032751,3232,32.32,1006.0,10.06,22.259999999999998,True
11032751.IV.T1220..HN,11032751,2016,20.16,2021.0,20.21,0.05000000000000071,True
11032751.IV.T1221..EH,11032751,3229,32.29,1496.0,14.96,17.33,True
11032751.IV.T1221..HN,11032751,2763,27.63,2244.0,22.44,5.189999999999998,True
11032751.IV.T1241..EH,11032751,2012,20.12,1987.0,19.87,0.25,True
11032751.IV.T1243..HH,11032751,2090,20.900000000000002,2053.0,20.53,0.370000000000001,True
11032751.IV.T1243..HN,11032751,1982,19.82,1980.0,19.8,0.019999999999999574,True
11032751.IV.T1244..EH,11032751,2037,20.37,2020.0,20.2,0.1700000000000017,True
11032751.IV.T1244..HN,11032751,1893,18.93,1888.0,18.88,0.05000000000000071,True
11032751.IV.T1245..HH,11032751,1989,19.89,1950.0,19.5,0.39000000000000057,True
11032751.IV.T1245..HN,11032751,2043,20.43,2038.0,20.38,0.05000000000000071,True
11032751.IV.T1246..HH,11032751,2090,20.900000000000002,1048.0,10.48,10.420000000000002,True
11032751.IV.T1247..HH,11032751,1648,16.48,1668.0,16.68,0.1999999999999993,True
11032751.IV.T1256..HH,11032751,1887,18.87,1876.0,18.76,0.10999999999999943,True
11032751.IV.T1256..HN,11032751,1896,18.96,1906.0,19.06,0.09999999999999787,True
11032751.IV.T1299..EH,11032751,1782,17.82,1725.0,17.25,0.5700000000000003,True
11032751.IV.T1299..HN,11032751,1682,16.82,1672.0,16.72,0.10000000000000142,True
11032751.IV.TERO..HH,11032751,2097,20.97,2074.0,20.740000000000002,0.22999999999999687,True
11032751.IV.TERO..HN,11032751,2059,20.59,2053.0,20.53,0.05999999999999872,True
11032751.IV.TOLF..HH,11032751,1800,18.0,1895.0,18.95,0.9499999999999993,True
11032751.IV.VCEL..EH,11032751,1975,19.75,1989.0,19.89,0.14000000000000057,True
1103291.IV.CSNT..HH,1103291,1930,19.3,1967.0,19.67,0.370000000000001,True
1103291.IV.MODE..HN,1103291,1662,16.62,1687.0,16.87,0.25,True
1103291.IV.MSSA..HH,1103291,1901,19.01,1903.0,19.03,0.019999999999999574,True
1103291.IV.NOVE..EH,1103291,1721,17.21,1713.0,17.13,0.08000000000000185,True
1103291.IV.RAVA..EH,1103291,1642,16.42,1697.0,16.97,0.5499999999999972,True
1103291.IV.ROVR..HH,1103291,1880,18.8,1839.0,18.39,0.41000000000000014,True
1103291.IV.SALO..HH,1103291,2111,21.11,2121.0,21.21,0.10000000000000142,True
1103291.IV.SBPO..HH,1103291,1884,18.84,1906.0,19.06,0.21999999999999886,True
1103291.IV.T0800..HH,1103291,2030,20.3,2047.0,20.47,0.16999999999999815,True
1103291.IV.T0800..HN,1103291,2340,23.400000000000002,2340.0,23.400000000000002,0.0,True
1103291.IV.T0802..HN,1103291,1994,19.94,1996.0,19.96,0.019999999999999574,True
1103291.IV.T0819..EH,1103291,1887,18.87,1863.0,18.63,0.240000000000002,True
1103291.IV.T0819..HN,1103291,1991,19.91,1981.0,19.81,0.10000000000000142,True
1103291.IV.T0822..EH,1103291,1982,19.82,2004.0,20.04,0.21999999999999886,True
1103291.IV.T0825..EH,1103291,1545,15.450000000000001,1534.0,15.34,0.11000000000000121,True
1103291.IV.TEOL..HH,1103291,1973,19.73,1997.0,19.97,0.23999999999999844,True
1103291.IV.ZCCA..HH,1103291,1998,19.98,1604.0,16.04,3.9400000000000013,True
1103291.IV.ZCCA..HN,1103291,1777,17.77,,,,False
11033161.IV.CESI..HH,11033161,1855,18.55,1856.0,18.56,0.00999999999999801,True
11033161.IV.CSP1..EH,11033161,1857,18.57,1512.0,15.120000000000001,3.4499999999999993,True
11033161.IV.FDMO..HH,11033161,1767,17.67,1239.0,12.39,5.280000000000001,True
11033161.IV.FEMA..HN,11033161,1993,19.93,1995.0,19.95,0.019999999999999574,True
11033161.IV.GUMA..HH,11033161,1896,18.96,1898.0,18.98,0.019999999999999574,True
11033161.IV.GUMA..HN,11033161,1900,19.0,1904.0,19.04,0.03999999999999915,True
11033161.IV.MC2..EH,11033161,1592,15.92,1022.0,10.22,5.699999999999999,True
11033161.IV.MMO1..EH,11033161,2291,22.91,2296.0,22.96,0.05000000000000071,True
11033161.IV.MMO1..HN,11033161,2003,20.03,,,,False
11033161.IV.NRCA..HH,11033161,2240,22.400000000000002,2242.0,22.42,0.019999999999999574,True
11033161.IV.NRCA..HN,11033161,2036,20.36,2044.0,20.44,0.08000000000000185,True
11033161.IV.SNTG..HH,11033161,1642,16.42,1634.0,16.34,0.08000000000000185,True
11033161.IV.SNTG..HN,11033161,1555,15.55,1770.0,17.7,2.1499999999999986,True
11033161.IV.T1215..EH,11033161,2873,28.73,2862.0,28.62,0.10999999999999943,True
11033161.IV.T1215..HN,11033161,2937,29.37,2946.0,29.46,0.08999999999999986,True
11033161.IV.T1216..EH,11033161,1907,19.07,1900.0,19.0,0.07000000000000028,True
11033161.IV.T1216..HN,11033161,2110,21.1,2113.0,21.13,0.029999999999997584,True
11033161.IV.T1219..EH,11033161,2030,20.3,2034.0,20.34,0.03999999999999915,True
11033161.IV.T1219..HN,11033161,2488,24.88,2492.0,24.92,0.0400000000000027,True
11033161.IV.T1245..HH,11033161,1659,16.59,1659.0,16.59,0.0,True
11033161.IV.T1245..HN,11033161,1516,15.16,1552.0,15.52,0.35999999999999943,True
11033161.IV.T1256..HH,11033161,1918,19.18,1359.0,13.59,5.59,True
11033161.IV.T1256..HN,11033161,1843,18.43,1902.0,19.02,0.5899999999999999,True
11033871.IV.CAMP..HH,11033871,2088,20.88,2106.0,21.06,0.17999999999999972,True
11033871.IV.FIAM..HH,11033871,1907,19.07,999.0,9.99,9.08,True
11033871.IV.FIAM..HN,11033871,2045,20.45,1097.0,10.97,9.479999999999999,True
11033871.IV.GIGS..HH,11033871,1995,19.95,2082.0,20.82,0.870000000000001,True
11033871.IV.LNSS..HH,11033871,1798,17.98,1799.0,17.990000000000002,0.010000000000001563,True
11033871.IV.RM33..EH,11033871,1588,15.88,1591.0,15.91,0.02999999999999936,True
11033871.IV.RM33..HN,11033871,1567,15.67,1587.0,15.870000000000001,0.20000000000000107,True
11033871.IV.SMA1..EH,11033871,1873,18.73,1227.0,12.27,6.460000000000001,True
11033871.IV.T1218..EH,11033871,3993,39.93,2542.0,25.42,14.509999999999998,True
11033871.IV.T1218..HN,11033871,2197,21.97,2460.0,24.6,2.6300000000000026,True
11033871.IV.T1243..HH,11033871,1787,17.87,1786.0,17.86,0.010000000000001563,True
11033871.IV.T1243..HN,11033871,1714,17.14,1755.0,17.55,0.41000000000000014,True
11033871.IV.T1246..HH,11033871,1894,18.94,1901.0,19.01,0.07000000000000028,True
11033871.IV.T1247..HH,11033871,1669,16.69,1970.0,19.7,3.009999999999998,True
11033871.IV.T1299..EH,11033871,1957,19.57,1402.0,14.02,5.550000000000001,True
11033871.IV.T1299..HN,11033871,1878,18.78,1884.0,18.84,0.05999999999999872,True
11033871.IV.TERO..HH,11033871,1607,16.07,1425.0,14.25,1.8200000000000003,True
11033871.IV.TERO..HN,11033871,1767,17.67,1828.0,18.28,0.6099999999999994,True
1103391.IV.CAMP..HH,1103391,2048,20.48,2091.0,20.91,0.4299999999999997,True
1103391.IV.LNSS..HH,1103391,1923,19.23,1929.0,19.29,0.05999999999999872,True
1103391.IV.NRCA..HH,1103391,1703,17.03,1735.0,17.35,0.3200000000000003,True
1103391.IV.NRCA..HN,1103391,1769,17.69,11995.0,119.95,102.26,True
1103391.IV.SMA1..EH,1103391,2189,21.89,2190.0,21.900000000000002,0.010000000000001563,True
1103391.IV.TERO..HH,1103391,1635,16.35,1656.0,16.56,0.2099999999999973,True
1103391.IV.TERO..HN,1103391,1630,16.3,1732.0,17.32,1.0199999999999996,True
11034421.IV.MC2..EH,11034421,1946,19.46,1997.0,19.97,0.509999999999998,True
11034421.IV.MMO1..EH,11034421,2055,20.55,1180.0,11.8,8.75,True
11034421.IV.MMO1..HN,11034421,1889,18.89,3202.0,32.02,13.130000000000003,True
11034421.IV.NRCA..HH,11034421,1936,19.36,1950.0,19.5,0.14000000000000057,True
11034421.IV.NRCA..HN,11034421,1803,18.03,1993.0,19.93,1.8999999999999986,True
11034421.IV.SMA1..EH,11034421,1728,17.28,1728.0,17.28,0.0,True
11034421.IV.T1218..EH,11034421,2207,22.07,2277.0,22.77,0.6999999999999993,True
11034421.IV.T1218..HN,11034421,3404,34.04,3600.0,36.0,1.9600000000000009,True
11034421.IV.T1243..HH,11034421,2007,20.07,2009.0,20.09,0.019999999999999574,True
11034421.IV.T1243..HN,11034421,1755,17.55,1757.0,17.57,0.019999999999999574,True
11035181.IV.CAMP..HH,11035181,1519,15.19,1519.0,15.19,0.0,True
11035181.IV.LNSS..HH,11035181,2045,20.45,1115.0,11.15,9.299999999999999,True
11035181.IV.MC2..EH,11035181,2010,20.1,999.0,9.99,10.110000000000001,True
11035181.IV.MMO1..EH,11035181,1877,18.77,1880.0,18.8,0.030000000000001137,True
11035181.IV.NRCA..HH,11035181,1717,17.17,1715.0,17.150000000000002,0.019999999999999574,True
11035181.IV.NRCA..HN,11035181,1759,17.59,1758.0,17.580000000000002,0.00999999999999801,True
11035181.IV.T1216..EH,11035181,2285,22.85,2288.0,22.88,0.029999999999997584,True
11035181.IV.T1216..HN,11035181,2509,25.09,2520.0,25.2,0.10999999999999943,True
11035181.IV.T1218..EH,11035181,2799,27.990000000000002,1734.0,17.34,10.650000000000002,True
11035181.IV.T1218..HN,11035181,2642,26.42,2645.0,26.45,0.029999999999997584,True
11035181.IV.T1243..HH,11035181,1653,16.53,1659.0,16.59,0.05999999999999872,True
11035181.IV.T1243..HN,11035181,1667,16.67,1676.0,16.76,0.08999999999999986,True
11035181.IV.T1245..HH,11035181,1619,16.19,1659.0,16.59,0.3999999999999986,True
11035181.IV.T1245..HN,11035181,1685,16.85,1861.0,18.61,1.759999999999998,True
11035491.IV.CESI..HH,11035491,1623,16.23,1580.0,15.8,0.4299999999999997,True
11035491.IV.CING..HH,11035491,1977,19.77,1897.0,18.97,0.8000000000000007,True
11035491.IV.CSP1..EH,11035491,1946,19.46,1890.0,18.900000000000002,0.5599999999999987,True
11035491.IV.EL6..EH,11035491,2085,20.85,2073.0,20.73,0.120000000000001,True
11035491.IV.FDMO..HH,11035491,2115,21.150000000000002,2036.0,20.36,0.7900000000000027,True
11035491.IV.FEMA..HN,11035491,1709,17.09,1709.0,17.09,0.0,True
11035491.IV.FOSV..EH,11035491,1844,18.44,1839.0,18.39,0.05000000000000071,True
11035491.IV.GUMA..HH,11035491,1593,15.93,1231.0,12.31,3.619999999999999,True
11035491.IV.GUMA..HN,11035491,1588,15.88,1591.0,15.91,0.02999999999999936,True
11035491.IV.MC2..EH,11035491,1592,15.92,1565.0,15.65,0.2699999999999996,True
11035491.IV.MMO1..EH,11035491,1982,19.82,1957.0,19.57,0.25,True
11035491.IV.SEF1..HN,11035491,1764,17.64,1764.0,17.64,0.0,True
11035491.IV.SNTG..HH,11035491,2014,20.14,1506.0,15.06,5.08,True
11035491.IV.SNTG..HN,11035491,1834,18.34,1841.0,18.41,0.07000000000000028,True
11035491.IV.T1215..EH,11035491,2433,24.330000000000002,2395.0,23.95,0.38000000000000256,True
11035491.IV.T1215..HN,11035491,2121,21.21,2122.0,21.22,0.00999999999999801,True
11035491.IV.T1216..EH,11035491,2827,28.27,999.0,9.99,18.28,True
11035491.IV.T1216..HN,11035491,2430,24.3,1694.0,16.94,7.359999999999999,True
11035491.IV.T1219..EH,11035491,2882,28.82,2813.0,28.13,0.6900000000000013,True
11035491.IV.T1219..HN,11035491,3073,30.73,3057.0,30.57,0.16000000000000014,True
11035491.IV.T1245..HH,11035491,1980,19.8,1951.0,19.51,0.28999999999999915,True
11035491.IV.T1245..HN,11035491,1839,18.39,1851.0,18.51,0.120000000000001,True
11035491.IV.T1256..HH,11035491,1825,18.25,1810.0,18.1,0.14999999999999858,True
11036421.XO.AM05..EH,11036421,1843,18.43,1030.0,10.3,8.129999999999999,True
11036421.XO.AM05..HN,11036421,1730,17.3,999.0,9.99,7.3100000000000005,True
11036421.IV.ARRO..EH,11036421,2066,20.66,2100.0,21.0,0.33999999999999986,True
11036421.IV.ARVD..HH,11036421,1782,17.82,1781.0,17.81,0.010000000000001563,True
11036421.IV.ATCC..EH,11036421,1761,17.61,1744.0,17.44,0.16999999999999815,True
11036421.IV.ATCC..HN,11036421,1728,17.28,1745.0,17.45,0.16999999999999815,True
11036421.IV.ATFO..HH,11036421,1948,19.48,1971.0,19.71,0.23000000000000043,True
11036421.IV.ATPI..EH,11036421,2012,20.12,2014.0,20.14,0.019999999999999574,True
11036421.IV.ATVO..HH,11036421,1953,19.53,1951.0,19.51,0.019999999999999574,True
11036421.IV.ATVO..HN,11036421,1952,19.52,2075.0,20.75,1.2300000000000004,True
11036421.IV.BADI..EH,11036421,1823,18.23,1831.0,18.31,0.0799999999999983,True
11036421.IV.CAMP..HH,11036421,1985,19.85,1991.0,19.91,0.05999999999999872,True
11036421.IV.CESI..HH,11036421,1946,19.46,1896.0,18.96,0.5,True
11036421.IV.CESX..HH,11036421,1612,16.12,1628.0,16.28,0.16000000000000014,True
11036421.IV.CSP1..EH,11036421,1861,18.61,1795.0,17.95,0.6600000000000001,True
11036421.IV.EL6..EH,11036421,1848,18.48,1829.0,18.29,0.19000000000000128,True
11036421.IV.FAGN..HH,11036421,1667,16.67,1694.0,16.94,0.2699999999999996,True
11036421.IV.FDMO..HH,11036421,1556,15.56,1372.0,13.72,1.8399999999999999,True
11036421.IV.FEMA..HN,11036421,1843,18.43,1833.0,18.330000000000002,0.09999999999999787,True
11036421.IV.FIAM..HH,11036421,1811,18.11,1027.0,10.27,7.84,True
11036421.IV.FIAM..HN,11036421,1801,18.01,1948.0,19.48,1.4699999999999989,True
11036421.IV.FIU1..HN,11036421,1925,19.25,2033.0,20.330000000000002,1.0800000000000018,True
11036421.IV.FOSV..EH,11036421,1556,15.56,1582.0,15.82,0.2599999999999998,True
11036421.IV.FOSV..HN,11036421,1559,15.59,1632.0,16.32,0.7300000000000004,True
11036421.IV.FSSB..HH,11036421,1996,19.96,1996.0,19.96,0.0,True
11036421.IV.GAG1..HN,11036421,1787,17.87,1806.0,18.06,0.18999999999999773,True
11036421.IV.GIGS..HH,11036421,2046,20.46,2060.0,20.6,0.14000000000000057,True
11036421.IV.GUMA..HH,11036421,1873,18.73,1876.0,18.76,0.030000000000001137,True
11036421.IV.GUMA..HN,11036421,1848,18.48,1854.0,18.54,0.05999999999999872,True
11036421.IV.LNSS..HH,11036421,1557,15.57,1542.0,15.42,0.15000000000000036,True
11036421.IV.MC2..EH,11036421,1794,17.94,1430.0,14.3,3.6400000000000006,True
11036421.IV.MDAR..HN,11036421,1655,16.55,1660.0,16.6,0.05000000000000071,True
11036421.IV.MGAB..HH,11036421,1976,19.76,2033.0,20.330000000000002,0.5700000000000003,True
11036421.IV.MGAB..HN,11036421,2151,21.51,2309.0,23.09,1.5799999999999983,True
11036421.IV.MMO1..EH,11036421,1600,16.0,1147.0,11.47,4.529999999999999,True
11036421.IV.MMO1..HN,11036421,1567,15.67,1575.0,15.75,0.08000000000000007,True
11036421.IV.MMUR..HN,11036421,1670,16.7,1631.0,16.31,0.39000000000000057,True
11036421.IV.MNTP..HN,11036421,1778,17.78,1849.0,18.490000000000002,0.7100000000000009,True
11036421.IV.MPAG..EH,11036421,2117,21.17,2104.0,21.04,0.13000000000000256,True
11036421.IV.MPAG..HN,11036421,1911,19.11,11995.0,119.95,100.84,True
11036421.IV.MTL1..HN,11036421,1851,18.51,1965.0,19.650000000000002,1.1400000000000006,True
11036421.IV.MURB..HH,11036421,1905,19.05,1906.0,19.06,0.00999999999999801,True
11036421.IV.MURB..HN,11036421,1785,17.85,1816.0,18.16,0.3099999999999987,True
11036421.IV.NRCA..HH,11036421,1730,17.3,1751.0,17.51,0.21000000000000085,True
11036421.IV.NRCA..HN,11036421,1791,17.91,1834.0,18.34,0.4299999999999997,True
11036421.IV.OFFI..HH,11036421,1909,19.09,1928.0,19.28,0.19000000000000128,True
11036421.IV.PIEI..HH,11036421,1798,17.98,1791.0,17.91,0.07000000000000028,True
11036421.IV.PIEI..HN,11036421,1744,17.44,1833.0,18.330000000000002,0.8900000000000006,True
11036421.IV.RM33..EH,11036421,1616,16.16,1640.0,16.4,0.23999999999999844,True
11036421.IV.RM33..HN,11036421,1586,15.860000000000001,1678.0,16.78,0.9199999999999999,True
11036421.IV.SEF1..HN,11036421,1927,19.27,1961.0,19.61,0.33999999999999986,True
11036421.IV.SMA1..EH,11036421,2081,20.81,2083.0,20.830000000000002,0.020000000000003126,True
11036421.IV.SNTG..HH,11036421,1834,18.34,1830.0,18.3,0.03999999999999915,True
11036421.IV.SNTG..HN,11036421,1825,18.25,1878.0,18.78,0.5300000000000011,True
11036421.IV.T0110..HH,11036421,1680,16.8,1690.0,16.9,0.09999999999999787,True
11036421.IV.T1201..HN,11036421,1802,18.02,1803.0,18.03,0.010000000000001563,True
11036421.IV.T1202..EH,11036421,1928,19.28,1761.0,17.61,1.6700000000000017,True
11036421.IV.T1204..EH,11036421,2060,20.6,2077.0,20.77,0.16999999999999815,True
11036421.IV.T1212..EH,11036421,1864,18.64,999.0,9.99,8.65,True
11036421.IV.T1212..HN,11036421,6255,62.550000000000004,2178.0,21.78,40.77,True
11036421.IV.T1213..EH,11036421,2792,27.92,1979.0,19.79,8.130000000000003,True
11036421.IV.T1213..HN,11036421,4380,43.800000000000004,3574.0,35.74,8.060000000000002,True
11036421.IV.T1215..EH,11036421,1609,16.09,1590.0,15.9,0.1899999999999995,True
11036421.IV.T1215..HN,11036421,6282,62.82,6287.0,62.870000000000005,0.05000000000000426,True
11036421.IV.T1216..EH,11036421,2190,21.900000000000002,1519.0,15.19,6.710000000000003,True
11036421.IV.T1216..HN,11036421,6146,61.46,5611.0,56.11,5.350000000000001,True
11036421.IV.T1217..EH,11036421,2536,25.36,2530.0,25.3,0.05999999999999872,True
11036421.IV.T1217..HN,11036421,6317,63.17,6329.0,63.29,0.11999999999999744,True
11036421.IV.T1218..EH,11036421,2680,26.8,2680.0,26.8,0.0,True
11036421.IV.T1218..HN,11036421,1798,17.98,1816.0,18.16,0.17999999999999972,True
11036421.IV.T1219..EH,11036421,6367,63.67,2631.0,26.310000000000002,37.36,True
11036421.IV.T1219..HN,11036421,5848,58.480000000000004,1328.0,13.280000000000001,45.2,True
11036421.IV.T1220..EH,11036421,2090,20.900000000000002,2072.0,20.72,0.18000000000000327,True
11036421.IV.T1220..HN,11036421,5949,59.49,5947.0,59.47,0.020000000000003126,True
11036421.IV.T1221..EH,11036421,2009,20.09,1979.0,19.79,0.3000000000000007,True
11036421.IV.T1221..HN,11036421,6118,61.18,1323.0,13.23,47.95,True
11036421.IV.T1241..EH,11036421,1687,16.87,1503.0,15.030000000000001,1.8399999999999999,True
11036421.IV.T1241..HN,11036421,1605,16.05,1619.0,16.19,0.14000000000000057,True
11036421.IV.T1243..HH,11036421,1869,18.69,1738.0,17.38,1.3100000000000023,True
11036421.IV.T1243..HN,11036421,1778,17.78,1807.0,18.07,0.28999999999999915,True
11036421.IV.T1244..EH,11036421,2144,21.44,1888.0,18.88,2.5600000000000023,True
11036421.IV.T1244..HN,11036421,1980,19.8,1993.0,19.93,0.129999999999999,True
11036421.IV.T1245..HH,11036421,1894,18.94,1497.0,14.97,3.9700000000000006,True
11036421.IV.T1245..HN,11036421,1882,18.82,1900.0,19.0,0.17999999999999972,True
11036421.IV.T1256..HH,11036421,1739,17.39,1667.0,16.67,0.7199999999999989,True
11036421.IV.T1256..HN,11036421,1737,17.37,1727.0,17.27,0.10000000000000142,True
11036421.IV.T1299..EH,11036421,1623,16.23,1624.0,16.240000000000002,0.010000000000001563,True
11036421.IV.T1299..HN,11036421,1621,16.21,1659.0,16.59,0.379999999999999,True
11036421.IV.TERO..HH,11036421,2065,20.650000000000002,1587.0,15.870000000000001,4.780000000000001,True
11036421.IV.TERO..HN,11036421,1985,19.85,2015.0,20.150000000000002,0.3000000000000007,True
11036421.IV.VCEL..EH,11036421,1785,17.85,1803.0,18.03,0.17999999999999972,True
1103991.IV.CAMP..HH,1103991,1946,19.46,2063.0,20.63,1.1699999999999982,True
1103991.IV.LNSS..HH,1103991,1959,19.59,1963.0,19.63,0.03999999999999915,True
1103991.IV.NRCA..HH,1103991,2237,22.37,2243.0,22.43,0.05999999999999872,True
1103991.IV.NRCA..HN,1103991,2011,20.11,2447.0,24.47,4.359999999999999,True
1103991.IV.SMA1..EH,1103991,1691,16.91,1695.0,16.95,0.03999999999999915,True
1103991.IV.TERO..HH,1103991,1960,19.6,1990.0,19.900000000000002,0.3000000000000007,True
1103991.IV.TERO..HN,1103991,1989,19.89,2015.0,20.150000000000002,0.26000000000000156,True
11041421.IV.CESI..HH,11041421,1639,16.39,1584.0,15.84,0.5500000000000007,True
11041421.IV.CSP1..EH,11041421,1696,16.96,1655.0,16.55,0.41000000000000014,True
11041421.IV.FDMO..HH,11041421,1893,18.93,1347.0,13.47,5.459999999999999,True
11041421.IV.FEMA..HN,11041421,2027,20.27,2012.0,20.12,0.14999999999999858,True
11041421.IV.MC2..EH,11041421,1776,17.76,1769.0,17.69,0.07000000000000028,True
11041421.IV.NRCA..HH,11041421,2072,20.72,1086.0,10.86,9.86,True
11041421.IV.NRCA..HN,11041421,1907,19.07,1909.0,19.09,0.019999999999999574,True
11041421.IV.SEF1..HN,11041421,1820,18.2,1846.0,18.46,0.26000000000000156,True
11041421.IV.T1216..EH,11041421,1816,18.16,1745.0,17.45,0.7100000000000009,True
11041421.IV.T1216..HN,11041421,5659,56.59,1480.0,14.8,41.790000000000006,True
11041421.IV.T1219..EH,11041421,1648,16.48,1624.0,16.240000000000002,0.23999999999999844,True
11041421.IV.T1219..HN,11041421,5320,53.2,3231.0,32.31,20.89,True
11041421.IV.T1245..HH,11041421,1823,18.23,1819.0,18.19,0.03999999999999915,True
11041421.IV.T1256..HH,11041421,1714,17.14,1660.0,16.6,0.5399999999999991,True
11041421.IV.T1256..HN,11041421,1780,17.8,1781.0,17.81,0.00999999999999801,True
11041511.XO.AM05..EH,11041511,2064,20.64,999.0,9.99,10.65,True
11041511.XO.AM05..HN,11041511,2032,20.32,1001.0,10.01,10.31,True
11041511.IV.ARRO..EH,11041511,1946,19.46,1959.0,19.59,0.129999999999999,True
11041511.IV.ARVD..HH,11041511,2014,20.14,2011.0,20.11,0.030000000000001137,True
11041511.IV.ASSB..HH,11041511,1884,18.84,1896.0,18.96,0.120000000000001,True
11041511.IV.ATCC..EH,11041511,1891,18.91,1918.0,19.18,0.2699999999999996,True
11041511.IV.ATCC..HN,11041511,1932,19.32,2017.0,20.17,0.8500000000000014,True
11041511.IV.ATFO..HH,11041511,1743,17.43,1757.0,17.57,0.14000000000000057,True
11041511.IV.ATFO..HN,11041511,1648,16.48,1703.0,17.03,0.5500000000000007,True
11041511.IV.ATSC..EH,11041511,1692,16.92,1711.0,17.11,0.18999999999999773,True
11041511.IV.ATVO..HH,11041511,1882,18.82,1892.0,18.92,0.10000000000000142,True
11041511.IV.ATVO..HN,11041511,1951,19.51,3056.0,30.560000000000002,11.05,True
11041511.IV.CESI..HH,11041511,1923,19.23,1904.0,19.04,0.19000000000000128,True
11041511.IV.CESX..HH,11041511,1650,16.5,1657.0,16.57,0.07000000000000028,True
11041511.IV.CING..HH,11041511,1811,18.11,1808.0,18.080000000000002,0.029999999999997584,True
11041511.IV.CSP1..EH,11041511,1748,17.48,1724.0,17.240000000000002,0.23999999999999844,True
11041511.IV.FDMO..HH,11041511,1966,19.66,1945.0,19.45,0.21000000000000085,True
11041511.IV.FEMA..HN,11041511,2036,20.36,2028.0,20.28,0.0799999999999983,True
11041511.IV.FIU1..HN,11041511,1846,18.46,2146.0,21.46,3.0,True
11041511.IV.FOSV..EH,11041511,1664,16.64,1677.0,16.77,0.129999999999999,True
11041511.IV.FSSB..HH,11041511,1533,15.33,1533.0,15.33,0.0,True
11041511.IV.GIGS..HH,11041511,1678,16.78,1695.0,16.95,0.16999999999999815,True
11041511.IV.GUMA..HH,11041511,1752,17.52,1738.0,17.38,0.14000000000000057,True
11041511.IV.GUMA..HN,11041511,1759,17.59,1766.0,17.66,0.07000000000000028,True
11041511.IV.LNSS..HH,11041511,2126,21.26,1946.0,19.46,1.8000000000000007,True
11041511.IV.MC2..EH,11041511,1607,16.07,1616.0,16.16,0.08999999999999986,True
11041511.IV.MDAR..HN,11041511,1528,15.280000000000001,1532.0,15.32,0.03999999999999915,True
11041511.IV.MMO1..EH,11041511,1518,15.18,1510.0,15.1,0.08000000000000007,True
11041511.IV.MMO1..HN,11041511,1528,15.280000000000001,1540.0,15.4,0.11999999999999922,True
11041511.IV.MMUR..HN,11041511,1823,18.23,1823.0,18.23,0.0,True
11041511.IV.MPAG..EH,11041511,2023,20.23,2026.0,20.26,0.030000000000001137,True
11041511.IV.MPAG..HN,11041511,1892,18.92,,,,False
11041511.IV.MTL1..HN,11041511,1581,15.81,1627.0,16.27,0.4599999999999991,True
11041511.IV.MURB..HH,11041511,1610,16.1,1614.0,16.14,0.03999999999999915,True
11041511.IV.MURB..HN,11041511,1539,15.39,1554.0,15.540000000000001,0.15000000000000036,True
11041511.IV.NRCA..HH,11041511,2085,20.85,2075.0,20.75,0.10000000000000142,True
11041511.IV.NRCA..HN,11041511,2012,20.12,2012.0,20.12,0.0,True
11041511.IV.OFFI..HH,11041511,1961,19.61,1998.0,19.98,0.370000000000001,True
11041511.IV.PP3..EH,11041511,1787,17.87,1825.0,18.25,0.379999999999999,True
11041511.IV.PP3..HN,11041511,1716,17.16,1764.0,17.64,0.4800000000000004,True
11041511.IV.RM33..EH,11041511,1619,16.19,1640.0,16.4,0.2099999999999973,True
11041511.IV.RM33..HN,11041511,1628,16.28,1695.0,16.95,0.6699999999999982,True
11041511.IV.SEF1..HN,11041511,2070,20.7,2079.0,20.79,0.08999999999999986,True
11041511.IV.SNTG..HH,11041511,1793,17.93,1799.0,17.990000000000002,0.060000000000002274,True
11041511.IV.SNTG..HN,11041511,1795,17.95,1815.0,18.150000000000002,0.20000000000000284,True
11041511.IV.SSFR..HH,11041511,1807,18.07,1812.0,18.12,0.05000000000000071,True
11041511.IV.SSFR..HN,11041511,1780,17.8,1799.0,17.990000000000002,0.19000000000000128,True
11041511.IV.SSM1..HN,11041511,1650,16.5,1666.0,16.66,0.16000000000000014,True
11041511.IV.T1201..HN,11041511,1898,18.98,1901.0,19.01,0.030000000000001137,True
11041511.IV.T1202..EH,11041511,1932,19.32,1930.0,19.3,0.019999999999999574,True
11041511.IV.T1204..EH,11041511,1785,17.85,1791.0,17.91,0.05999999999999872,True
11041511.IV.T1212..EH,11041511,3431,34.31,1628.0,16.28,18.03,True
11041511.IV.T1212..HN,11041511,4810,48.1,999.0,9.99,38.11,True
11041511.IV.T1213..EH,11041511,2482,24.82,2494.0,24.94,0.120000000000001,True
11041511.IV.T1213..HN,11041511,2579,25.79,2591.0,25.91,0.120000000000001,True
11041511.IV.T1215..EH,11041511,2298,22.98,2279.0,22.79,0.19000000000000128,True
11041511.IV.T1215..HN,11041511,5093,50.93,2152.0,21.52,29.41,True
11041511.IV.T1216..EH,11041511,1902,19.02,1879.0,18.79,0.23000000000000043,True
11041511.IV.T1216..HN,11041511,2369,23.69,2365.0,23.650000000000002,0.03999999999999915,True
11041511.IV.T1217..EH,11041511,3440,34.4,3431.0,34.31,0.0899999999999963,True
11041511.IV.T1217..HN,11041511,2819,28.19,2824.0,28.240000000000002,0.05000000000000071,True
11041511.IV.T1218..EH,11041511,1889,18.89,1884.0,18.84,0.05000000000000071,True
11041511.IV.T1218..HN,11041511,2459,24.59,2468.0,24.68,0.08999999999999986,True
11041511.IV.T1219..EH,11041511,2234,22.34,2209.0,22.09,0.25,True
11041511.IV.T1219..HN,11041511,1798,17.98,1797.0,17.97,0.010000000000001563,True
11041511.IV.T1220..EH,11041511,2548,25.48,2541.0,25.41,0.07000000000000028,True
11041511.IV.T1220..HN,11041511,4237,42.37,1974.0,19.740000000000002,22.629999999999995,True
11041511.IV.T1221..EH,11041511,2292,22.92,2269.0,22.69,0.23000000000000043,True
11041511.IV.T1221..HN,11041511,4082,40.82,1248.0,12.48,28.34,True
11041511.IV.T1241..EH,11041511,1962,19.62,1972.0,19.72,0.09999999999999787,True
11041511.IV.T1241..HN,11041511,1866,18.66,1900.0,19.0,0.33999999999999986,True
11041511.IV.T1243..HH,11041511,2086,20.86,2109.0,21.09,0.23000000000000043,True
11041511.IV.T1243..HN,11041511,1901,19.01,1946.0,19.46,0.4499999999999993,True
11041511.IV.T1244..EH,11041511,1540,15.4,1544.0,15.44,0.03999999999999915,True
11041511.IV.T1244..HN,11041511,1602,16.02,1613.0,16.13,0.10999999999999943,True
11041511.IV.T1245..HH,11041511,1973,19.73,1973.0,19.73,0.0,True
11041511.IV.T1245..HN,11041511,1827,18.27,1840.0,18.400000000000002,0.13000000000000256,True
11041511.IV.T1256..HH,11041511,1619,16.19,1582.0,15.82,0.370000000000001,True
11041511.IV.T1256..HN,11041511,1632,16.32,1635.0,16.35,0.030000000000001137,True
11041511.IV.T1299..EH,11041511,1837,18.37,1245.0,12.450000000000001,5.92,True
11041511.IV.T1299..HN,11041511,1848,18.48,1865.0,18.650000000000002,0.1700000000000017,True
11041511.IV.TERO..HH,11041511,1857,18.57,1873.0,18.73,0.16000000000000014,True
11041511.IV.TERO..HN,11041511,1678,16.78,1698.0,16.98,0.1999999999999993,True
11041511.IV.VCEL..EH,11041511,1966,19.66,1978.0,19.78,0.120000000000001,True
11041921.XO.AM05..EH,11041921,1914,19.14,1912.0,19.12,0.019999999999999574,True
11041921.XO.AM05..HN,11041921,1909,19.09,1911.0,19.11,0.019999999999999574,True
11041921.IV.AOI..HH,11041921,1595,15.950000000000001,1579.0,15.790000000000001,0.16000000000000014,True
11041921.IV.APEC..HH,11041921,1592,15.92,1113.0,11.13,4.789999999999999,True
11041921.IV.APEC..HN,11041921,1590,15.9,1637.0,16.37,0.47000000000000064,True
11041921.MN.AQU..HH,11041921,1980,19.8,1998.0,19.98,0.17999999999999972,True
11041921.MN.AQU..HL,11041921,1973,19.73,2027.0,20.27,0.5399999999999991,True
11041921.IV.ARRO..EH,11041921,1967,19.67,1950.0,19.5,0.1700000000000017,True
11041921.IV.ARVD..HH,11041921,1540,15.4,1502.0,15.02,0.3800000000000008,True
11041921.IV.ATCC..EH,11041921,1905,19.05,1831.0,18.31,0.740000000000002,True
11041921.IV.ATCC..HN,11041921,1832,18.32,1804.0,18.04,0.28000000000000114,True
11041921.IV.ATFO..HH,11041921,1655,16.55,1617.0,16.17,0.379999999999999,True
11041921.IV.ATFO..HN,11041921,1609,16.09,1601.0,16.01,0.0799999999999983,True
11041921.IV.ATLO..EH,11041921,1584,15.84,1528.0,15.280000000000001,0.5599999999999987,True
11041921.IV.ATLO..HN,11041921,1723,17.23,1718.0,17.18,0.05000000000000071,True
11041921.IV.ATMC..EH,11041921,2232,22.32,2249.0,22.490000000000002,0.1700000000000017,True
11041921.IV.ATMI..HH,11041921,1661,16.61,1643.0,16.43,0.17999999999999972,True
11041921.IV.ATPC..HH,11041921,1753,17.53,1370.0,13.700000000000001,3.83,True
11041921.IV.ATPC..HN,11041921,1753,17.53,1772.0,17.72,0.18999999999999773,True
11041921.IV.ATPI..EH,11041921,2107,21.07,1185.0,11.85,9.22,True
11041921.IV.ATSC..EH,11041921,1603,16.03,1582.0,15.82,0.21000000000000085,True
11041921.IV.ATVA..EH,11041921,1896,18.96,1880.0,18.8,0.16000000000000014,True
11041921.IV.ATVO..HH,11041921,1989,19.89,1922.0,19.22,0.6700000000000017,True
11041921.IV.ATVO..HN,11041921,1902,19.02,1897.0,18.97,0.05000000000000071,True
11041921.IV.BADI..EH,11041921,1850,18.5,1814.0,18.14,0.35999999999999943,True
11041921.IV.CAMP..HH,11041921,1939,19.39,1896.0,18.96,0.4299999999999997,True
11041921.IV.CDCA..HN,11041921,1577,15.77,1722.0,17.22,1.4499999999999993,True
11041921.IV.CESI..HH,11041921,1612,16.12,1544.0,15.44,0.6800000000000015,True
11041921.IV.CESX..HH,11041921,1736,17.36,1699.0,16.990000000000002,0.36999999999999744,True
11041921.IV.CIMA..HN,11041921,1882,18.82,1921.0,19.21,0.39000000000000057,True
11041921.IV.CING..HH,11041921,1893,18.93,1866.0,18.66,0.2699999999999996,True
11041921.IV.COR1..EH,11041921,1536,15.36,1038.0,10.38,4.979999999999999,True
11041921.IV.COR1..HN,11041921,1552,15.52,1597.0,15.97,0.45000000000000107,True
11041921.IV.CSP1..EH,11041921,1775,17.75,1685.0,16.85,0.8999999999999986,True
11041921.IV.EL6..EH,11041921,1641,16.41,1603.0,16.03,0.379999999999999,True
11041921.IV.FDMO..HH,11041921,2003,20.03,1900.0,19.0,1.0300000000000011,True
11041921.IV.FEMA..HN,11041921,1773,17.73,1731.0,17.31,0.4200000000000017,True
11041921.IV.FIAM..HH,11041921,2136,21.36,2123.0,21.23,0.129999999999999,True
11041921.IV.FIAM..HN,11041921,2373,23.73,2407.0,24.07,0.33999999999999986,True
11041921.IV.FIU1..HN,11041921,1898,18.98,1378.0,13.780000000000001,5.199999999999999,True
11041921.IV.FOSV..EH,11041921,1605,16.05,1538.0,15.38,0.6699999999999999,True
11041921.IV.FOSV..HN,11041921,1530,15.3,1504.0,15.040000000000001,0.2599999999999998,True
11041921.IV.FRON..EH,11041921,1848,18.48,1792.0,17.92,0.5599999999999987,True
11041921.IV.FSSB..HH,11041921,1992,19.92,1967.0,19.67,0.25,True
11041921.IV.GAG1..HN,11041921,1605,16.05,1608.0,16.080000000000002,0.030000000000001137,True
11041921.IV.GIGS..HH,11041921,1848,18.48,1841.0,18.41,0.07000000000000028,True
11041921.IV.GUMA..HH,11041921,1771,17.71,1722.0,17.22,0.490000000000002,True
11041921.IV.GUMA..HN,11041921,1595,15.950000000000001,1568.0,15.68,0.27000000000000135,True
11041921.IV.LNSS..HH,11041921,1807,18.07,1776.0,17.76,0.3099999999999987,True
11041921.IV.MC2..EH,11041921,1812,18.12,1762.0,17.62,0.5,True
11041921.IV.MDAR..HN,11041921,1977,19.77,1972.0,19.72,0.05000000000000071,True
11041921.IV.MGAB..HH,11041921,1818,18.18,1811.0,18.11,0.07000000000000028,True
11041921.IV.MGAB..HN,11041921,1973,19.73,1974.0,19.740000000000002,0.010000000000001563,True
11041921.IV.MMUR..HN,11041921,1525,15.25,1511.0,15.11,0.14000000000000057,True
11041921.IV.MOMA..HH,11041921,1844,18.44,1846.0,18.46,0.019999999999999574,True
11041921.IV.MOMA..HN,11041921,1768,17.68,1774.0,17.740000000000002,0.060000000000002274,True
11041921.IV.MPAG..EH,11041921,1653,16.53,1614.0,16.14,0.39000000000000057,True
11041921.IV.MPAG..HN,11041921,1581,15.81,1641.0,16.41,0.5999999999999996,True
11041921.IV.MTL1..HN,11041921,1777,17.77,1774.0,17.740000000000002,0.029999999999997584,True
11041921.IV.MURB..HH,11041921,1542,15.42,1504.0,15.040000000000001,0.379999999999999,True
11041921.IV.MURB..HN,11041921,1601,16.01,1602.0,16.02,0.00999999999999801,True
11041921.IV.NRCA..HH,11041921,1553,15.530000000000001,1520.0,15.200000000000001,0.33000000000000007,True
11041921.IV.NRCA..HN,11041921,1564,15.64,1555.0,15.55,0.08999999999999986,True
11041921.IV.OFFI..HH,11041921,1696,16.96,1726.0,17.26,0.3000000000000007,True
11041921.IV.PCRO..HN,11041921,1926,19.26,2039.0,20.39,1.129999999999999,True
11041921.IV.PE3..EH,11041921,1912,19.12,1899.0,18.990000000000002,0.129999999999999,True
11041921.IV.PIEI..HH,11041921,1962,19.62,999.0,9.99,9.63,True
11041921.IV.PIEI..HN,11041921,1987,19.87,2000.0,20.0,0.129999999999999,True
11041921.IV.PIO1..HN,11041921,1552,15.52,1567.0,15.67,0.15000000000000036,True
11041921.IV.PP3..EH,11041921,1782,17.82,1402.0,14.02,3.8000000000000007,True
11041921.IV.PP3..HN,11041921,1803,18.03,1423.0,14.23,3.8000000000000007,True
11041921.IV.RM33..HN,11041921,1803,18.03,1810.0,18.1,0.07000000000000028,True
11041921.IV.SEF1..HN,11041921,1641,16.41,1628.0,16.28,0.129999999999999,True
11041921.IV.SENI..EH,11041921,1789,17.89,1815.0,18.150000000000002,0.26000000000000156,True
11041921.IV.SENI..HN,11041921,1698,16.98,1757.0,17.57,0.5899999999999999,True
11041921.IV.SMA1..EH,11041921,1853,18.53,1823.0,18.23,0.3000000000000007,True
11041921.IV.SNTG..HH,11041921,1887,18.87,1820.0,18.2,0.6700000000000017,True
11041921.IV.SNTG..HN,11041921,1891,18.91,1866.0,18.66,0.25,True
11041921.IV.SSFR..HH,11041921,1864,18.64,1835.0,18.35,0.28999999999999915,True
11041921.IV.SSFR..HN,11041921,1821,18.21,1798.0,17.98,0.23000000000000043,True
11041921.IV.SSM1..HN,11041921,1832,18.32,1822.0,18.22,0.10000000000000142,True
11041921.IV.T1201..HN,11041921,1880,18.8,1836.0,18.36,0.4400000000000013,True
11041921.IV.T1202..EH,11041921,2111,21.11,2085.0,20.85,0.259999999999998,True
11041921.IV.T1204..EH,11041921,2039,20.39,2001.0,20.01,0.379999999999999,True
11041921.IV.T1212..EH,11041921,1921,19.21,1870.0,18.7,0.5100000000000016,True
11041921.IV.T1212..HN,11041921,2905,29.05,1012.0,10.120000000000001,18.93,True
11041921.IV.T1213..EH,11041921,2943,29.43,2937.0,29.37,0.05999999999999872,True
11041921.IV.T1213..HN,11041921,2513,25.13,2539.0,25.39,0.26000000000000156,True
11041921.IV.T1215..EH,11041921,2900,29.0,999.0,9.99,19.009999999999998,True
11041921.IV.T1215..HN,11041921,3628,36.28,1703.0,17.03,19.25,True
11041921.IV.T1216..EH,11041921,2497,24.97,2445.0,24.45,0.5199999999999996,True
11041921.IV.T1216..HN,11041921,5490,54.9,1654.0,16.54,38.36,True
11041921.IV.T1217..EH,11041921,1882,18.82,1847.0,18.47,0.3500000000000014,True
11041921.IV.T1217..HN,11041921,2630,26.3,2623.0,26.23,0.07000000000000028,True
11041921.IV.T1218..EH,11041921,1794,17.94,1757.0,17.57,0.370000000000001,True
11041921.IV.T1218..HN,11041921,1966,19.66,1959.0,19.59,0.07000000000000028,True
11041921.IV.T1219..EH,11041921,2500,25.0,2447.0,24.47,0.5300000000000011,True
11041921.IV.T1219..HN,11041921,2003,20.03,1976.0,19.76,0.2699999999999996,True
11041921.IV.T1220..EH,11041921,2514,25.14,2435.0,24.35,0.7899999999999991,True
11041921.IV.T1220..HN,11041921,2626,26.26,2564.0,25.64,0.620000000000001,True
11041921.IV.T1221..EH,11041921,4186,41.86,1878.0,18.78,23.08,True
11041921.IV.T1221..HN,11041921,4850,48.5,1650.0,16.5,32.0,True
11041921.IV.T1241..EH,11041921,1680,16.8,1628.0,16.28,0.5199999999999996,True
11041921.IV.T1241..HN,11041921,1714,17.14,1707.0,17.07,0.07000000000000028,True
11041921.IV.T1243..HH,11041921,1762,17.62,1724.0,17.240000000000002,0.379999999999999,True
11041921.IV.T1243..HN,11041921,1776,17.76,1768.0,17.68,0.08000000000000185,True
11041921.IV.T1244..EH,11041921,1980,19.8,1923.0,19.23,0.5700000000000003,True
11041921.IV.T1244..HN,11041921,1939,19.39,1917.0,19.17,0.21999999999999886,True
11041921.IV.T1245..HH,11041921,1531,15.31,1478.0,14.780000000000001,0.5299999999999994,True
11041921.IV.T1245..HN,11041921,1513,15.13,1490.0,14.9,0.23000000000000043,True
11041921.IV.T1246..HH,11041921,1816,18.16,1765.0,17.650000000000002,0.509999999999998,True
11041921.IV.T1247..HH,11041921,1553,15.530000000000001,1146.0,11.46,4.07,True
11041921.IV.T1256..HH,11041921,1978,19.78,1913.0,19.13,0.6500000000000021,True
11041921.IV.T1256..HN,11041921,2050,20.5,2025.0,20.25,0.25,True
11041921.IV.T1299..EH,11041921,1785,17.85,1733.0,17.330000000000002,0.5199999999999996,True
11041921.IV.T1299..HN,11041921,1730,17.3,1724.0,17.240000000000002,0.05999999999999872,True
11041921.IV.TERO..HH,11041921,1916,19.16,1886.0,18.86,0.3000000000000007,True
11041921.IV.TERO..HN,11041921,1721,17.21,1714.0,17.14,0.07000000000000028,True
11043661.IV.LNSS..HH,11043661,1737,17.37,1829.0,18.29,0.9199999999999982,True
11043661.IV.MC2..EH,11043661,1778,17.78,2001.0,20.01,2.2300000000000004,True
11043661.IV.MMO1..EH,11043661,1948,19.48,1977.0,19.77,0.28999999999999915,True
11043661.IV.MMO1..HN,11043661,1917,19.17,2243.0,22.43,3.259999999999998,True
11043661.IV.T1216..EH,11043661,2403,24.03,2704.0,27.04,3.009999999999998,True
11043661.IV.T1216..HN,11043661,2998,29.98,3055.0,30.55,0.5700000000000003,True
11043661.IV.T1218..EH,11043661,2435,24.35,2476.0,24.76,0.41000000000000014,True
11043661.IV.T1218..HN,11043661,4631,46.31,1795.0,17.95,28.360000000000003,True
11043661.IV.T1243..HH,11043661,1966,19.66,2031.0,20.31,0.6499999999999986,True
11043661.IV.T1243..HN,11043661,2005,20.05,2054.0,20.54,0.48999999999999844,True
11043661.IV.T1245..HH,11043661,1795,17.95,1825.0,18.25,0.3000000000000007,True
11043661.IV.T1245..HN,11043661,1687,16.87,1716.0,17.16,0.28999999999999915,True
11043661.IV.T1256..HH,11043661,1932,19.32,2137.0,21.37,2.0500000000000007,True
11043661.IV.T1256..HN,11043661,2021,20.21,2389.0,23.89,3.6799999999999997,True
11044641.OX.CIMO..HH,11044641,2037,20.37,2056.0,20.56,0.18999999999999773,True
11044641.OX.CIMO..HN,11044641,2063,20.63,2138.0,21.38,0.75,True
11044641.OX.CLUD..HH,11044641,1728,17.28,1703.0,17.03,0.25,True
11044641.OX.CLUD..HN,11044641,1980,19.8,1988.0,19.88,0.0799999999999983,True
11044641.IV.FVI..HH,11044641,1844,18.44,1848.0,18.48,0.03999999999999915,True
11044641.OX.MPRI..HH,11044641,1860,18.6,1864.0,18.64,0.03999999999999915,True
11044641.OX.MPRI..HN,11044641,1659,16.59,,,,False
11044641.IV.PTCC..HH,11044641,1842,18.42,1855.0,18.55,0.129999999999999,True
11044641.SI.RISI..HH,11044641,2063,20.63,2096.0,20.96,0.33000000000000185,True
11044641.IV.STAL..HH,11044641,1846,18.46,1856.0,18.56,0.09999999999999787,True
11044641.IV.STAL..HN,11044641,1789,17.89,1833.0,18.330000000000002,0.4400000000000013,True
11044641.OX.ZOU2..HH,11044641,1977,19.77,1974.0,19.740000000000002,0.029999999999997584,True
11044641.OX.ZOU2..HN,11044641,2182,21.82,2207.0,22.07,0.25,True
11047891.IV.ASSB..HH,11047891,2106,21.06,1294.0,12.94,8.12,True
11047891.IV.CESI..HH,11047891,1632,16.32,1635.0,16.35,0.030000000000001137,True
11047891.IV.CSP1..EH,11047891,1730,17.3,1741.0,17.41,0.10999999999999943,True
11047891.IV.MC2..EH,11047891,2088,20.88,999.0,9.99,10.889999999999999,True
11047891.IV.T1216..EH,11047891,4587,45.87,3474.0,34.74,11.129999999999995,True
11047891.IV.T1216..HN,11047891,5092,50.92,999.0,9.99,40.93,True
11047891.IV.T1218..EH,11047891,2966,29.66,1692.0,16.92,12.739999999999998,True
11047891.IV.T1218..HN,11047891,2294,22.94,1815.0,18.150000000000002,4.789999999999999,True
11047891.IV.T1219..EH,11047891,5572,55.72,1411.0,14.11,41.61,True
11047891.IV.T1219..HN,11047891,3206,32.06,1702.0,17.02,15.040000000000003,True
11047891.IV.T1245..HH,11047891,1914,19.14,999.0,9.99,9.15,True
11047891.IV.T1245..HN,11047891,1893,18.93,1276.0,12.76,6.17,True
11047891.IV.T1256..HH,11047891,1821,18.21,1824.0,18.240000000000002,0.030000000000001137,True
11047891.IV.T1256..HN,11047891,1753,17.53,,,,False
11047951.IV.CAMP..HH,11047951,1750,17.5,1753.0,17.53,0.030000000000001137,True
11047951.IV.CESI..HH,11047951,1759,17.59,1772.0,17.72,0.129999999999999,True
11047951.IV.GUMA..HH,11047951,1914,19.14,1921.0,19.21,0.07000000000000028,True
11047951.IV.GUMA..HN,11047951,1843,18.43,1854.0,18.54,0.10999999999999943,True
11047951.IV.LNSS..HH,11047951,1664,16.64,1640.0,16.4,0.240000000000002,True
11047951.IV.MC2..EH,11047951,1632,16.32,1606.0,16.06,0.26000000000000156,True
11047951.IV.NRCA..HH,11047951,1961,19.61,1694.0,16.94,2.669999999999998,True
11047951.IV.NRCA..HN,11047951,1998,19.98,1736.0,17.36,2.620000000000001,True
11047951.IV.OFFI..HH,11047951,1946,19.46,1941.0,19.41,0.05000000000000071,True
11047951.IV.RM33..EH,11047951,1846,18.46,1238.0,12.38,6.08,True
11047951.IV.RM33..HN,11047951,1848,18.48,,,,False
11047951.IV.SMA1..EH,11047951,1773,17.73,1782.0,17.82,0.08999999999999986,True
11047951.IV.T1219..EH,11047951,4883,48.83,2064.0,20.64,28.189999999999998,True
11047951.IV.T1219..HN,11047951,2443,24.43,2033.0,20.330000000000002,4.099999999999998,True
11047951.IV.T1241..EH,11047951,1902,19.02,1898.0,18.98,0.03999999999999915,True
11047951.IV.T1243..HH,11047951,2035,20.35,2039.0,20.39,0.03999999999999915,True
11047951.IV.T1243..HN,11047951,1898,18.98,1910.0,19.1,0.120000000000001,True
11047951.IV.T1245..HH,11047951,1691,16.91,1664.0,16.64,0.2699999999999996,True
11047951.IV.T1245..HN,11047951,1714,17.14,1714.0,17.14,0.0,True
11047951.IV.TERO..HH,11047951,1700,17.0,1692.0,16.92,0.0799999999999983,True
11047951.IV.TERO..HN,11047951,1712,17.12,1717.0,17.17,0.05000000000000071,True
11048161.XO.AM05..EH,11048161,1927,19.27,1952.0,19.52,0.25,True
11048161.XO.AM05..HN,11048161,1973,19.73,2004.0,20.04,0.3099999999999987,True
11048161.IV.ATCC..EH,11048161,2197,21.97,1707.0,17.07,4.899999999999999,True
11048161.IV.ATCC..HN,11048161,1996,19.96,2031.0,20.31,0.34999999999999787,True
11048161.IV.CAMP..HH,11048161,1971,19.71,1961.0,19.61,0.10000000000000142,True
11048161.IV.CERT..HH,11048161,1800,18.0,1855.0,18.55,0.5500000000000007,True
11048161.IV.CESI..HH,11048161,1710,17.1,1106.0,11.06,6.040000000000001,True
11048161.IV.CESX..HH,11048161,1996,19.96,2003.0,20.03,0.07000000000000028,True
11048161.IV.CING..HH,11048161,1664,16.64,1672.0,16.72,0.0799999999999983,True
11048161.IV.CSP1..EH,11048161,1565,15.65,999.0,9.99,5.66,True
11048161.IV.EL6..EH,11048161,1676,16.76,1035.0,10.35,6.410000000000002,True
11048161.IV.FAGN..HH,11048161,1914,19.14,1933.0,19.330000000000002,0.19000000000000128,True
11048161.IV.FEMA..HN,11048161,1780,17.8,1195.0,11.950000000000001,5.85,True
11048161.IV.FIAM..HH,11048161,1734,17.34,1131.0,11.31,6.029999999999999,True
11048161.IV.FIAM..HN,11048161,1866,18.66,1924.0,19.240000000000002,0.5800000000000018,True
11048161.IV.GIGS..HH,11048161,2023,20.23,2030.0,20.3,0.07000000000000028,True
11048161.IV.GUMA..HH,11048161,1862,18.62,1312.0,13.120000000000001,5.5,True
11048161.IV.GUMA..HN,11048161,1846,18.46,1300.0,13.0,5.460000000000001,True
11048161.IV.LNSS..HH,11048161,1771,17.71,1748.0,17.48,0.23000000000000043,True
11048161.IV.MC2..EH,11048161,1918,19.18,1566.0,15.66,3.5199999999999996,True
11048161.IV.NRCA..HH,11048161,1603,16.03,1475.0,14.75,1.2800000000000011,True
11048161.IV.NRCA..HN,11048161,1590,15.9,1573.0,15.73,0.16999999999999993,True
11048161.IV.RM33..EH,11048161,1735,17.35,1748.0,17.48,0.129999999999999,True
11048161.IV.RM33..HN,11048161,1668,16.68,1706.0,17.06,0.379999999999999,True
11048161.IV.SMA1..EH,11048161,1739,17.39,1734.0,17.34,0.05000000000000071,True
11048161.IV.T0110..HH,11048161,2083,20.830000000000002,1475.0,14.75,6.080000000000002,True
11048161.IV.T1201..HN,11048161,1551,15.51,1512.0,15.120000000000001,0.3899999999999988,True
11048161.IV.T1202..EH,11048161,1630,16.3,1621.0,16.21,0.08999999999999986,True
11048161.IV.T1204..EH,11048161,1669,16.69,1656.0,16.56,0.13000000000000256,True
11048161.IV.T1212..EH,11048161,4250,42.5,1346.0,13.46,29.04,True
11048161.IV.T1212..HN,11048161,6107,61.07,6090.0,60.9,0.1700000000000017,True
11048161.IV.T1213..EH,11048161,3186,31.86,1401.0,14.01,17.85,True
11048161.IV.T1213..HN,11048161,2244,22.44,2237.0,22.37,0.07000000000000028,True
11048161.IV.T1215..EH,11048161,2214,22.14,1999.0,19.990000000000002,2.1499999999999986,True
11048161.IV.T1215..HN,11048161,4745,47.45,4738.0,47.38,0.07000000000000028,True
11048161.IV.T1216..EH,11048161,3954,39.54,999.0,9.99,29.549999999999997,True
11048161.IV.T1216..HN,11048161,3543,35.43,3170.0,31.7,3.7300000000000004,True
11048161.IV.T1217..EH,11048161,3717,37.17,2147.0,21.47,15.700000000000003,True
11048161.IV.T1217..HN,11048161,3722,37.22,3725.0,37.25,0.030000000000001137,True
11048161.IV.T1218..EH,11048161,3145,31.45,1095.0,10.950000000000001,20.5,True
11048161.IV.T1218..HN,11048161,4624,46.24,4624.0,46.24,0.0,True
11048161.IV.T1219..EH,11048161,1597,15.97,999.0,9.99,5.98,True
11048161.IV.T1219..HN,11048161,2949,29.490000000000002,2201.0,22.01,7.48,True
11048161.IV.T1243..HH,11048161,2039,20.39,999.0,9.99,10.4,True
11048161.IV.T1243..HN,11048161,1867,18.67,1874.0,18.740000000000002,0.07000000000000028,True
11048161.IV.T1244..EH,11048161,2056,20.56,1980.0,19.8,0.759999999999998,True
11048161.IV.T1244..HN,11048161,1942,19.42,1943.0,19.43,0.00999999999999801,True
11048161.IV.T1245..HH,11048161,1828,18.28,1618.0,16.18,2.1000000000000014,True
11048161.IV.T1245..HN,11048161,1844,18.44,1845.0,18.45,0.00999999999999801,True
11048161.IV.T1246..HH,11048161,1705,17.05,1684.0,16.84,0.21000000000000085,True
11048161.IV.T1247..HH,11048161,1994,19.94,2041.0,20.41,0.46999999999999886,True
11048161.IV.T1256..HH,11048161,1723,17.23,1145.0,11.450000000000001,5.779999999999999,True
11048161.IV.T1256..HN,11048161,1725,17.25,1158.0,11.58,5.67,True
11048161.IV.T1299..EH,11048161,1784,17.84,1690.0,16.9,0.9400000000000013,True
11048161.IV.T1299..HN,11048161,1787,17.87,1795.0,17.95,0.0799999999999983,True
11048161.IV.TERO..HH,11048161,1707,17.07,1689.0,16.89,0.17999999999999972,True
11048161.IV.TERO..HN,11048161,1957,19.57,1961.0,19.61,0.03999999999999915,True
11048161.IV.VCEL..EH,11048161,1712,17.12,1726.0,17.26,0.14000000000000057,True
11048291.IV.CAMP..HH,11048291,1711,17.11,1736.0,17.36,0.25,True
11048291.IV.LNSS..HH,11048291,1582,15.82,1580.0,15.8,0.019999999999999574,True
11048291.IV.NRCA..HH,11048291,1989,19.89,2034.0,20.34,0.4499999999999993,True
11048291.IV.NRCA..HN,11048291,1976,19.76,2059.0,20.59,0.8299999999999983,True
11048291.IV.RM33..EH,11048291,1984,19.84,1988.0,19.88,0.03999999999999915,True
11048291.IV.RM33..HN,11048291,1977,19.77,2074.0,20.740000000000002,0.9700000000000024,True
11048291.IV.SMA1..EH,11048291,2005,20.05,2005.0,20.05,0.0,True
11048291.IV.T1215..EH,11048291,3102,31.02,1010.0,10.1,20.92,True
11048291.IV.T1215..HN,11048291,3722,37.22,3987.0,39.87,2.6499999999999986,True
11048291.IV.T1216..EH,11048291,3338,33.38,999.0,9.99,23.39,True
11048291.IV.T1216..HN,11048291,2633,26.330000000000002,3274.0,32.74,6.41,True
11048291.IV.T1218..EH,11048291,2356,23.56,2357.0,23.57,0.010000000000001563,True
11048291.IV.T1218..HN,11048291,3602,36.02,3603.0,36.03,0.00999999999999801,True
11048291.IV.T1243..HH,11048291,1632,16.32,1652.0,16.52,0.1999999999999993,True
11048291.IV.T1243..HN,11048291,1680,16.8,1852.0,18.52,1.7199999999999989,True
11048291.IV.TERO..HH,11048291,1712,17.12,1713.0,17.13,0.00999999999999801,True
11048291.IV.TERO..HN,11048291,1957,19.57,1968.0,19.68,0.10999999999999943,True
11048461.XO.AM05..EH,11048461,1937,19.37,1620.0,16.2,3.1700000000000017,True
11048461.XO.AM05..HN,11048461,1930,19.3,1627.0,16.27,3.030000000000001,True
11048461.IV.AOI..HH,11048461,1586,15.860000000000001,1520.0,15.200000000000001,0.6600000000000001,True
11048461.IV.APEC..HH,11048461,1676,16.76,1052.0,10.52,6.240000000000002,True
11048461.IV.APEC..HN,11048461,1726,17.26,,,,False
11048461.MN.AQU..HH,11048461,1555,15.55,1585.0,15.85,0.29999999999999893,True
11048461.MN.AQU..HL,11048461,1703,17.03,1819.0,18.19,1.1600000000000001,True
11048461.IV.ARCI..HH,11048461,1753,17.53,1781.0,17.81,0.2799999999999976,True
11048461.IV.ARRO..EH,11048461,2139,21.39,2140.0,21.400000000000002,0.010000000000001563,True
11048461.IV.ARVD..HH,11048461,1943,19.43,1737.0,17.37,2.0599999999999987,True
11048461.IV.ASQU..HH,11048461,2158,21.580000000000002,2246.0,22.46,0.879999999999999,True
11048461.IV.ASSB..HH,11048461,1630,16.3,1052.0,10.52,5.780000000000001,True
11048461.IV.ATCC..HN,11048461,1805,18.05,1531.0,15.31,2.74,True
11048461.IV.ATFO..HH,11048461,1759,17.59,1520.0,15.200000000000001,2.389999999999999,True
11048461.IV.ATFO..HN,11048461,1755,17.55,1817.0,18.17,0.620000000000001,True
11048461.IV.ATLO..EH,11048461,1923,19.23,1659.0,16.59,2.6400000000000006,True
11048461.IV.ATLO..HN,11048461,1926,19.26,1997.0,19.97,0.7099999999999973,True
11048461.IV.ATMC..EH,11048461,1746,17.46,1653.0,16.53,0.9299999999999997,True
11048461.IV.ATMI..HH,11048461,2213,22.13,2228.0,22.28,0.15000000000000213,True
11048461.IV.ATPC..HH,11048461,1901,19.01,1600.0,16.0,3.0100000000000016,True
11048461.IV.ATPC..HN,11048461,1991,19.91,2086.0,20.86,0.9499999999999993,True
11048461.IV.ATPI..EH,11048461,1959,19.59,1698.0,16.98,2.6099999999999994,True
11048461.IV.ATSC..EH,11048461,1618,16.18,1345.0,13.450000000000001,2.7299999999999986,True
11048461.IV.ATVA..EH,11048461,2020,20.2,1733.0,17.330000000000002,2.8699999999999974,True
11048461.IV.ATVO..HH,11048461,2034,20.34,1768.0,17.68,2.66,True
11048461.IV.ATVO..HN,11048461,2080,20.8,2311.0,23.11,2.3099999999999987,True
11048461.IV.BADI..EH,11048461,1673,16.73,1428.0,14.280000000000001,2.4499999999999993,True
11048461.IV.CAFI..HH,11048461,2069,20.69,2092.0,20.92,0.23000000000000043,True
11048461.IV.CAFI..HN,11048461,1782,17.82,1822.0,18.22,0.3999999999999986,True
11048461.IV.CAMP..HH,11048461,1687,16.87,1673.0,16.73,0.14000000000000057,True
11048461.IV.CERT..HH,11048461,1853,18.53,1855.0,18.55,0.019999999999999574,True
11048461.IV.CESI..HH,11048461,1602,16.02,1190.0,11.9,4.119999999999999,True
11048461.IV.CESX..HH,11048461,1853,18.53,1835.0,18.35,0.17999999999999972,True
11048461.IV.CING..HH,11048461,1795,17.95,1098.0,10.98,6.969999999999999,True
11048461.IV.COR1..HN,11048461,1595,15.950000000000001,,,,False
11048461.IV.CPGN..EH,11048461,1978,19.78,2050.0,20.5,0.7199999999999989,True
11048461.IV.CPGN..HN,11048461,1978,19.78,,,,False
11048461.IV.CRE..HH,11048461,2232,22.32,1811.0,18.11,4.210000000000001,True
11048461.IV.CSP1..EH,11048461,1745,17.45,1464.0,14.64,2.8099999999999987,True
11048461.IV.EL6..EH,11048461,1964,19.64,1170.0,11.700000000000001,7.9399999999999995,True
11048461.IV.FAGN..HH,11048461,2046,20.46,2073.0,20.73,0.2699999999999996,True
11048461.IV.FDMO..HH,11048461,1887,18.87,1798.0,17.98,0.8900000000000006,True
11048461.IV.FEMA..HN,11048461,1800,18.0,1787.0,17.87,0.129999999999999,True
11048461.IV.FIAM..HH,11048461,2096,20.96,2097.0,20.97,0.00999999999999801,True
11048461.IV.FIAM..HN,11048461,1973,19.73,2008.0,20.080000000000002,0.3500000000000014,True
11048461.IV.FIU1..HN,11048461,2039,20.39,2072.0,20.72,0.3299999999999983,True
11048461.IV.FOSV..EH,11048461,1680,16.8,1160.0,11.6,5.200000000000001,True
11048461.IV.FOSV..HN,11048461,1673,16.73,1703.0,17.03,0.3000000000000007,True
11048461.IV.FRON..EH,11048461,2000,20.0,1811.0,18.11,1.8900000000000006,True
11048461.IV.FSSB..HH,11048461,1737,17.37,1547.0,15.47,1.9000000000000004,True
11048461.IV.GAG1..HN,11048461,1528,15.280000000000001,1531.0,15.31,0.02999999999999936,True
11048461.IV.GIGS..HH,11048461,1773,17.73,1765.0,17.650000000000002,0.0799999999999983,True
11048461.IV.GIUL..HH,11048461,1941,19.41,1958.0,19.580000000000002,0.1700000000000017,True
11048461.IV.GUMA..HH,11048461,1773,17.73,1740.0,17.400000000000002,0.3299999999999983,True
11048461.IV.GUMA..HN,11048461,1711,17.11,1706.0,17.06,0.05000000000000071,True
11048461.IV.INTR..HH,11048461,1757,17.57,1746.0,17.46,0.10999999999999943,True
11048461.IV.LATB..EH,11048461,1732,17.32,1781.0,17.81,0.48999999999999844,True
11048461.IV.LMD..HH,11048461,2023,20.23,2241.0,22.41,2.1799999999999997,True
11048461.IV.LNSS..HH,11048461,1934,19.34,1908.0,19.080000000000002,0.259999999999998,True
11048461.IV.LRP..HH,11048461,1916,19.16,2151.0,21.51,2.3500000000000014,True
11048461.IV.MC2..EH,11048461,2114,21.14,1055.0,10.55,10.59,True
11048461.IV.MCIV..HH,11048461,1880,18.8,1909.0,19.09,0.28999999999999915,True
11048461.IV.MDAR..HN,11048461,2018,20.18,1952.0,19.52,0.6600000000000001,True
11048461.IV.MGAB..HH,11048461,2023,20.23,1894.0,18.94,1.2899999999999991,True
11048461.IV.MGAB..HN,11048461,1985,19.85,2012.0,20.12,0.2699999999999996,True
11048461.IV.MMUR..HN,11048461,2055,20.55,2030.0,20.3,0.25,True
11048461.IV.MNTP..HN,11048461,1942,19.42,1493.0,14.93,4.490000000000002,True
11048461.IV.MOMA..HH,11048461,1941,19.41,1922.0,19.22,0.19000000000000128,True
11048461.IV.MOMA..HN,11048461,1926,19.26,1814.0,18.14,1.120000000000001,True
11048461.IV.MPAG..EH,11048461,2141,21.41,1946.0,19.46,1.9499999999999993,True
11048461.IV.MPAG..HN,11048461,1935,19.35,11984.0,119.84,100.49000000000001,True
11048461.IV.MTCE..HH,11048461,1860,18.6,999.0,9.99,8.610000000000001,True
11048461.IV.MURB..HH,11048461,1580,15.8,1274.0,12.74,3.0600000000000005,True
11048461.IV.MURB..HN,11048461,1537,15.370000000000001,1241.0,12.41,2.960000000000001,True
11048461.IV.NRCA..HH,11048461,1887,18.87,1864.0,18.64,0.23000000000000043,True
11048461.IV.NRCA..HN,11048461,1841,18.41,1834.0,18.34,0.07000000000000028,True
11048461.IV.OFFI..HH,11048461,1730,17.3,1736.0,17.36,0.05999999999999872,True
11048461.IV.PE3..EH,11048461,1539,15.39,1295.0,12.950000000000001,2.4399999999999995,True
11048461.IV.PESA..HH,11048461,1709,17.09,1834.0,18.34,1.25,True
11048461.IV.PIEI..HH,11048461,2106,21.06,1830.0,18.3,2.759999999999998,True
11048461.IV.PIEI..HN,11048461,2060,20.6,2191.0,21.91,1.3099999999999987,True
11048461.IV.PP3..EH,11048461,2220,22.2,2245.0,22.45,0.25,True
11048461.IV.PP3..HN,11048461,2005,20.05,2091.0,20.91,0.8599999999999994,True
11048461.IV.PTQR..HH,11048461,2137,21.37,2247.0,22.47,1.0999999999999979,True
11048461.IV.RM33..EH,11048461,1750,17.5,1720.0,17.2,0.3000000000000007,True
11048461.IV.RM33..HN,11048461,1787,17.87,1811.0,18.11,0.23999999999999844,True
11048461.IV.SACS..HH,11048461,1798,17.98,1683.0,16.830000000000002,1.1499999999999986,True
11048461.IV.SACS..HN,11048461,1852,18.52,1884.0,18.84,0.3200000000000003,True
11048461.IV.SEF1..HN,11048461,1836,18.36,1695.0,16.95,1.4100000000000001,True
11048461.IV.SENI..EH,11048461,1720,17.2,2230.0,22.3,5.100000000000001,True
11048461.IV.SENI..HN,11048461,1696,16.96,,,,False
11048461.IV.SFI..HN,11048461,1584,15.84,,,,False
11048461.IV.SMA1..EH,11048461,1828,18.28,999.0,9.99,8.290000000000001,True
11048461.IV.SNTG..HH,11048461,1898,18.98,1701.0,17.01,1.9699999999999989,True
11048461.IV.SNTG..HN,11048461,1851,18.51,1680.0,16.8,1.7100000000000009,True
11048461.IV.SRES..HH,11048461,1960,19.6,1398.0,13.98,5.620000000000001,True
11048461.IV.SSFR..HH,11048461,1998,19.98,1741.0,17.41,2.5700000000000003,True
11048461.IV.SSFR..HN,11048461,2044,20.44,1887.0,18.87,1.5700000000000003,True
11048461.IV.T0110..HH,11048461,1795,17.95,1824.0,18.240000000000002,0.2900000000000027,True
11048461.IV.T1201..HN,11048461,2014,20.14,1224.0,12.24,7.9,True
11048461.IV.T1202..EH,11048461,1592,15.92,999.0,9.99,5.93,True
11048461.IV.T1204..EH,11048461,1907,19.07,999.0,9.99,9.08,True
11048461.IV.T1212..EH,11048461,5342,53.42,999.0,9.99,43.43,True
11048461.IV.T1212..HN,11048461,3934,39.34,2769.0,27.69,11.650000000000002,True
11048461.IV.T1213..EH,11048461,1777,17.77,1772.0,17.72,0.05000000000000071,True
11048461.IV.T1213..HN,11048461,3240,32.4,3243.0,32.43,0.030000000000001137,True
11048461.IV.T1215..EH,11048461,1626,16.26,1362.0,13.620000000000001,2.6400000000000006,True
11048461.IV.T1215..HN,11048461,3672,36.72,3646.0,36.46,0.259999999999998,True
11048461.IV.T1216..EH,11048461,2278,22.78,1004.0,10.040000000000001,12.74,True
11048461.IV.T1216..HN,11048461,4203,42.03,3111.0,31.11,10.920000000000002,True
11048461.IV.T1217..EH,11048461,3756,37.56,2398.0,23.98,13.580000000000002,True
11048461.IV.T1217..HN,11048461,4698,46.980000000000004,4699.0,46.99,0.00999999999999801,True
11048461.IV.T1218..EH,11048461,2937,29.37,1974.0,19.740000000000002,9.629999999999999,True
11048461.IV.T1218..HN,11048461,4190,41.9,4200.0,42.0,0.10000000000000142,True
11048461.IV.T1219..EH,11048461,5412,54.120000000000005,2036.0,20.36,33.760000000000005,True
11048461.IV.T1219..HN,11048461,3840,38.4,2464.0,24.64,13.759999999999998,True
11048461.IV.T1221..EH,11048461,3663,36.63,2667.0,26.67,9.96,True
11048461.IV.T1221..HN,11048461,3468,34.68,1492.0,14.92,19.759999999999998,True
11048461.IV.T1241..EH,11048461,1760,17.6,1721.0,17.21,0.39000000000000057,True
11048461.IV.T1241..HN,11048461,1698,16.98,1702.0,17.02,0.03999999999999915,True
11048461.IV.T1243..HH,11048461,1782,17.82,1065.0,10.65,7.17,True
11048461.IV.T1243..HN,11048461,1807,18.07,1824.0,18.240000000000002,0.1700000000000017,True
11048461.IV.T1244..EH,11048461,2207,22.07,2190.0,21.900000000000002,0.16999999999999815,True
11048461.IV.T1244..HN,11048461,1902,19.02,1906.0,19.06,0.03999999999999915,True
11048461.IV.T1245..HH,11048461,1657,16.57,1605.0,16.05,0.5199999999999996,True
11048461.IV.T1245..HN,11048461,1635,16.35,1626.0,16.26,0.08999999999999986,True
11048461.IV.T1246..HH,11048461,1877,18.77,1180.0,11.8,6.969999999999999,True
11048461.IV.T1247..HH,11048461,1927,19.27,1184.0,11.84,7.43,True
11048461.IV.T1256..HH,11048461,2073,20.73,2015.0,20.150000000000002,0.5799999999999983,True
11048461.IV.T1299..EH,11048461,1660,16.6,1660.0,16.6,0.0,True
11048461.IV.T1299..HN,11048461,1698,16.98,1711.0,17.11,0.129999999999999,True
11048461.IV.TERO..HH,11048461,1971,19.71,1368.0,13.68,6.030000000000001,True
11048461.IV.TERO..HN,11048461,2037,20.37,2046.0,20.46,0.08999999999999986,True
11048461.IV.TOLF..HH,11048461,2095,20.95,2122.0,21.22,0.2699999999999996,True
11048461.IV.TRTR..HH,11048461,1880,18.8,1948.0,19.48,0.6799999999999997,True
11048461.IV.VCEL..EH,11048461,1764,17.64,1753.0,17.53,0.10999999999999943,True
11052061.XO.AM05..EH,11052061,2084,20.84,2076.0,20.76,0.0799999999999983,True
11052061.XO.AM05..HN,11052061,2077,20.77,2079.0,20.79,0.019999999999999574,True
11052061.IV.ARRO..EH,11052061,1828,18.28,1824.0,18.240000000000002,0.03999999999999915,True
11052061.IV.ARVD..HH,11052061,1976,19.76,1988.0,19.88,0.11999999999999744,True
11052061.IV.ATCC..EH,11052061,2231,22.31,2229.0,22.29,0.019999999999999574,True
11052061.IV.ATCC..HN,11052061,1987,19.87,2007.0,20.07,0.1999999999999993,True
11052061.IV.ATVO..HH,11052061,2257,22.57,2276.0,22.76,0.19000000000000128,True
11052061.IV.ATVO..HN,11052061,1957,19.57,,,,False
11052061.IV.CAMP..HH,11052061,1782,17.82,1781.0,17.81,0.010000000000001563,True
11052061.IV.CERT..HH,11052061,1851,18.51,1872.0,18.72,0.2099999999999973,True
11052061.IV.CESI..HH,11052061,1598,15.98,1585.0,15.85,0.13000000000000078,True
11052061.IV.CESX..HH,11052061,1957,19.57,1974.0,19.740000000000002,0.1700000000000017,True
11052061.IV.CING..HH,11052061,1850,18.5,1855.0,18.55,0.05000000000000071,True
11052061.IV.CSP1..EH,11052061,1864,18.64,1837.0,18.37,0.2699999999999996,True
11052061.IV.FAGN..HH,11052061,1732,17.32,1773.0,17.73,0.41000000000000014,True
11052061.IV.FDMO..HH,11052061,1757,17.57,1732.0,17.32,0.25,True
11052061.IV.FEMA..HN,11052061,1945,19.45,1951.0,19.51,0.060000000000002274,True
11052061.IV.FIAM..HH,11052061,2134,21.34,999.0,9.99,11.35,True
11052061.IV.FIAM..HN,11052061,1952,19.52,1977.0,19.77,0.25,True
11052061.IV.FOSV..EH,11052061,2152,21.52,2159.0,21.59,0.07000000000000028,True
11052061.IV.FSSB..HH,11052061,1909,19.09,1925.0,19.25,0.16000000000000014,True
11052061.IV.GIGS..HH,11052061,1842,18.42,1872.0,18.72,0.29999999999999716,True
11052061.IV.GUMA..HH,11052061,1611,16.11,1607.0,16.07,0.03999999999999915,True
11052061.IV.GUMA..HN,11052061,1551,15.51,1556.0,15.56,0.05000000000000071,True
11052061.IV.LNSS..HH,11052061,2042,20.42,2001.0,20.01,0.41000000000000014,True
11052061.IV.MC2..EH,11052061,1696,16.96,1575.0,15.75,1.2100000000000009,True
11052061.IV.MPAG..EH,11052061,2000,20.0,2043.0,20.43,0.4299999999999997,True
11052061.IV.MPAG..HN,11052061,2000,20.0,11970.0,119.7,99.7,True
11052061.IV.MURB..HH,11052061,1916,19.16,1949.0,19.490000000000002,0.33000000000000185,True
11052061.IV.MURB..HN,11052061,1778,17.78,2921.0,29.21,11.43,True
11052061.IV.NRCA..HH,11052061,1594,15.94,1581.0,15.81,0.129999999999999,True
11052061.IV.NRCA..HN,11052061,1723,17.23,1715.0,17.150000000000002,0.0799999999999983,True
11052061.IV.OFFI..HH,11052061,1621,16.21,1626.0,16.26,0.05000000000000071,True
11052061.IV.PIEI..HH,11052061,2019,20.19,2055.0,20.55,0.35999999999999943,True
11052061.IV.PIEI..HN,11052061,1987,19.87,,,,False
11052061.IV.PP3..EH,11052061,1732,17.32,1756.0,17.56,0.23999999999999844,True
11052061.IV.PP3..HN,11052061,1785,17.85,1839.0,18.39,0.5399999999999991,True
11052061.IV.RM33..EH,11052061,1784,17.84,1784.0,17.84,0.0,True
11052061.IV.RM33..HN,11052061,1826,18.26,1833.0,18.330000000000002,0.07000000000000028,True
11052061.IV.SMA1..EH,11052061,1714,17.14,1717.0,17.17,0.030000000000001137,True
11052061.IV.SNTG..HH,11052061,2012,20.12,2040.0,20.400000000000002,0.28000000000000114,True
11052061.IV.SNTG..HN,11052061,2046,20.46,2153.0,21.53,1.0700000000000003,True
11052061.IV.SRES..HH,11052061,1928,19.28,1970.0,19.7,0.41999999999999815,True
11052061.IV.SSFR..HH,11052061,2071,20.71,2087.0,20.87,0.16000000000000014,True
11052061.IV.SSFR..HN,11052061,1912,19.12,3063.0,30.63,11.509999999999998,True
11052061.IV.T0110..HH,11052061,2085,20.85,2114.0,21.14,0.28999999999999915,True
11052061.IV.T1202..EH,11052061,1743,17.43,1730.0,17.3,0.129999999999999,True
11052061.IV.T1212..EH,11052061,2287,22.87,2262.0,22.62,0.25,True
11052061.IV.T1212..HN,11052061,2511,25.11,2510.0,25.1,0.00999999999999801,True
11052061.IV.T1213..EH,11052061,2644,26.44,1843.0,18.43,8.010000000000002,True
11052061.IV.T1213..HN,11052061,1666,16.66,1665.0,16.65,0.010000000000001563,True
11052061.IV.T1215..EH,11052061,2842,28.42,1379.0,13.790000000000001,14.63,True
11052061.IV.T1215..HN,11052061,4172,41.72,4170.0,41.7,0.01999999999999602,True
11052061.IV.T1216..EH,11052061,2787,27.87,1153.0,11.53,16.340000000000003,True
11052061.IV.T1216..HN,11052061,1821,18.21,1815.0,18.150000000000002,0.05999999999999872,True
11052061.IV.T1217..EH,11052061,2506,25.060000000000002,999.0,9.99,15.070000000000002,True
11052061.IV.T1217..HN,11052061,3877,38.77,3878.0,38.78,0.00999999999999801,True
11052061.IV.T1218..EH,11052061,2679,26.79,999.0,9.99,16.799999999999997,True
11052061.IV.T1218..HN,11052061,3243,32.43,3237.0,32.37,0.060000000000002274,True
11052061.IV.T1219..EH,11052061,2612,26.12,1053.0,10.53,15.590000000000002,True
11052061.IV.T1219..HN,11052061,2020,20.2,2028.0,20.28,0.08000000000000185,True
11052061.IV.T1221..EH,11052061,2969,29.69,2936.0,29.36,0.33000000000000185,True
11052061.IV.T1221..HN,11052061,2323,23.23,2035.0,20.35,2.879999999999999,True
11052061.IV.T1241..EH,11052061,1871,18.71,1860.0,18.6,0.10999999999999943,True
11052061.IV.T1241..HN,11052061,1878,18.78,1881.0,18.81,0.029999999999997584,True
11052061.IV.T1243..HH,11052061,1825,18.25,1817.0,18.17,0.0799999999999983,True
11052061.IV.T1243..HN,11052061,1805,18.05,1811.0,18.11,0.05999999999999872,True
11052061.IV.T1244..EH,11052061,2000,20.0,1984.0,19.84,0.16000000000000014,True
11052061.IV.T1244..HN,11052061,1787,17.87,1788.0,17.88,0.00999999999999801,True
11052061.IV.T1245..HH,11052061,1744,17.44,1704.0,17.04,0.40000000000000213,True
11052061.IV.T1245..HN,11052061,1767,17.67,1766.0,17.66,0.010000000000001563,True
11052061.IV.T1247..HH,11052061,2169,21.69,2169.0,21.69,0.0,True
11052061.IV.T1256..HH,11052061,1639,16.39,1616.0,16.16,0.23000000000000043,True
11052061.IV.T1256..HN,11052061,1641,16.41,1652.0,16.52,0.10999999999999943,True
11052061.IV.TERO..HH,11052061,1559,15.59,1551.0,15.51,0.08000000000000007,True
11052061.IV.VCEL..EH,11052061,1693,16.93,1713.0,17.13,0.1999999999999993,True
11052191.MN.AQU..HH,11052191,2201,22.01,2215.0,22.150000000000002,0.14000000000000057,True
11052191.MN.AQU..HL,11052191,1978,19.78,2016.0,20.16,0.379999999999999,True
11052191.IV.CAMP..HH,11052191,1732,17.32,1517.0,15.17,2.1500000000000004,True
11052191.IV.GIGS..HH,11052191,1556,15.56,1566.0,15.66,0.09999999999999964,True
11052191.IV.LNSS..HH,11052191,1720,17.2,999.0,9.99,7.209999999999999,True
11052191.IV.T1218..EH,11052191,2553,25.53,1405.0,14.05,11.48,True
11052191.IV.T1218..HN,11052191,2210,22.1,1073.0,10.73,11.370000000000001,True
11052191.IV.T1243..HH,11052191,1877,18.77,999.0,9.99,8.78,True
11052191.IV.T1243..HN,11052191,1782,17.82,1790.0,17.900000000000002,0.08000000000000185,True
11052191.IV.T1247..HH,11052191,1685,16.85,1657.0,16.57,0.28000000000000114,True
11052191.IV.TERO..HH,11052191,1985,19.85,1185.0,11.85,8.000000000000002,True
11052191.IV.TERO..HN,11052191,2097,20.97,1327.0,13.27,7.699999999999999,True
11052191.IV.VCEL..EH,11052191,1628,16.28,1310.0,13.1,3.1800000000000015,True
1105251.GU.BHB..HH,1105251,1705,17.05,1708.0,17.080000000000002,0.030000000000001137,True
1105251.MN.BNI..HH,1105251,1839,18.39,1432.0,14.32,4.07,True
1105251.MN.BNI..HL,1105251,1786,17.86,2686.0,26.86,9.0,True
1105251.GU.ENR..HH,1105251,1590,15.9,1432.0,14.32,1.58,True
1105251.IV.IMI..HH,1105251,1609,16.09,1609.0,16.09,0.0,True
1105251.GU.NEGI..HH,1105251,1746,17.46,1777.0,17.77,0.3099999999999987,True
1105251.GU.PZZ..HH,1105251,1948,19.48,1963.0,19.63,0.14999999999999858,True
1105251.GU.RRL..HH,1105251,1776,17.76,1089.0,10.89,6.870000000000001,True
1105251.GU.RSP..HH,1105251,1912,19.12,1118.0,11.18,7.940000000000001,True
1105251.GU.STV..HH,1105251,1861,18.61,1862.0,18.62,0.010000000000001563,True
11052631.IV.ASSB..HH,11052631,1973,19.73,2444.0,24.44,4.710000000000001,True
11052631.IV.CESI..HH,11052631,1746,17.46,1748.0,17.48,0.019999999999999574,True
11052631.IV.CSP1..EH,11052631,1780,17.8,1806.0,18.06,0.259999999999998,True
11052631.IV.FDMO..HH,11052631,2000,20.0,1915.0,19.150000000000002,0.8499999999999979,True
11052631.IV.LNSS..HH,11052631,1912,19.12,1999.0,19.990000000000002,0.870000000000001,True
11052631.IV.MC2..EH,11052631,1819,18.19,1849.0,18.490000000000002,0.3000000000000007,True
11052631.IV.MMO1..EH,11052631,2101,21.01,2105.0,21.05,0.03999999999999915,True
11052631.IV.MMO1..HN,11052631,1925,19.25,,,,False
11052631.IV.NRCA..HH,11052631,1553,15.530000000000001,1089.0,10.89,4.640000000000001,True
11052631.IV.NRCA..HN,11052631,1603,16.03,1132.0,11.32,4.710000000000001,True
11052631.IV.SNTG..HH,11052631,2150,21.5,2741.0,27.41,5.91,True
11052631.IV.SNTG..HN,11052631,1968,19.68,2590.0,25.900000000000002,6.220000000000002,True
11052631.IV.T1215..EH,11052631,2197,21.97,2200.0,22.0,0.030000000000001137,True
11052631.IV.T1215..HN,11052631,2134,21.34,2135.0,21.35,0.010000000000001563,True
11052631.IV.T1216..EH,11052631,1773,17.73,1775.0,17.75,0.019999999999999574,True
11052631.IV.T1216..HN,11052631,1982,19.82,1981.0,19.81,0.010000000000001563,True
11052631.IV.T1218..EH,11052631,2285,22.85,2807.0,28.07,5.219999999999999,True
11052631.IV.T1218..HN,11052631,4198,41.980000000000004,1128.0,11.28,30.700000000000003,True
11052631.IV.T1219..EH,11052631,1739,17.39,1927.0,19.27,1.879999999999999,True
11052631.IV.T1219..HN,11052631,3031,30.310000000000002,3063.0,30.63,0.31999999999999673,True
11052631.IV.T1245..HH,11052631,1923,19.23,1927.0,19.27,0.03999999999999915,True
11052631.IV.T1256..HH,11052631,1677,16.77,1685.0,16.85,0.08000000000000185,True
11052631.IV.T1256..HN,11052631,1718,17.18,1744.0,17.44,0.26000000000000156,True
1105311.IV.HAGA..HH,1105311,1814,18.14,2998.0,29.98,11.84,True
1105311.IV.HAVL..HH,1105311,1977,19.77,1981.0,19.81,0.03999999999999915,True
1105311.IV.HCRL..HH,1105311,1923,19.23,1987.0,19.87,0.6400000000000006,True
1105311.IV.HLNI..HH,1105311,2108,21.080000000000002,1474.0,14.74,6.340000000000002,True
1105311.IV.HMDC..HH,1105311,1961,19.61,1999.0,19.990000000000002,0.38000000000000256,True
1105311.IV.HVZN..HH,1105311,1739,17.39,1803.0,18.03,0.6400000000000006,True
1105311.IV.SSY..HH,1105311,1920,19.2,1944.0,19.44,0.240000000000002,True
11053221.XO.AM05..EH,11053221,1941,19.41,1944.0,19.44,0.030000000000001137,True
11053221.XO.AM05..HN,11053221,2109,21.09,2113.0,21.13,0.03999999999999915,True
11053221.MN.AQU..HH,11053221,1680,16.8,1012.0,10.120000000000001,6.68,True
11053221.MN.AQU..HL,11053221,1696,16.96,1673.0,16.73,0.23000000000000043,True
11053221.IV.ARRO..EH,11053221,1962,19.62,999.0,9.99,9.63,True
11053221.IV.ARVD..HH,11053221,1771,17.71,999.0,9.99,7.720000000000001,True
11053221.IV.ATCC..EH,11053221,1653,16.53,1666.0,16.66,0.129999999999999,True
11053221.IV.ATCC..HN,11053221,1611,16.11,1636.0,16.36,0.25,True
11053221.IV.ATFO..HH,11053221,1591,15.91,1658.0,16.580000000000002,0.6700000000000017,True
11053221.IV.ATFO..HN,11053221,1607,16.07,,,,False
11053221.IV.CAMP..HH,11053221,2005,20.05,2000.0,20.0,0.05000000000000071,True
11053221.IV.CESI..HH,11053221,1737,17.37,1734.0,17.34,0.030000000000001137,True
11053221.IV.CESX..HH,11053221,1987,19.87,2042.0,20.42,0.5500000000000007,True
11053221.IV.CING..HH,11053221,1710,17.1,1714.0,17.14,0.03999999999999915,True
11053221.IV.COR1..EH,11053221,1651,16.51,1678.0,16.78,0.2699999999999996,True
11053221.IV.COR1..HN,11053221,1670,16.7,,,,False
11053221.IV.CSP1..EH,11053221,1832,18.32,1828.0,18.28,0.03999999999999915,True
11053221.IV.EL6..EH,11053221,2169,21.69,1070.0,10.700000000000001,10.99,True
11053221.IV.FAGN..HH,11053221,2003,20.03,2024.0,20.240000000000002,0.21000000000000085,True
11053221.IV.FDMO..HH,11053221,1751,17.51,1744.0,17.44,0.07000000000000028,True
11053221.IV.FEMA..HN,11053221,2003,20.03,1999.0,19.990000000000002,0.03999999999999915,True
11053221.IV.FIAM..HH,11053221,1677,16.77,1685.0,16.85,0.08000000000000185,True
11053221.IV.FIAM..HN,11053221,2164,21.64,2175.0,21.75,0.10999999999999943,True
11053221.IV.FRON..EH,11053221,1823,18.23,1048.0,10.48,7.75,True
11053221.IV.FSSB..HH,11053221,2109,21.09,2123.0,21.23,0.14000000000000057,True
11053221.IV.GIGS..HH,11053221,2323,23.23,2331.0,23.31,0.0799999999999983,True
11053221.IV.GIUL..HH,11053221,1962,19.62,2068.0,20.68,1.0599999999999987,True
11053221.IV.GUMA..HH,11053221,1662,16.62,1663.0,16.63,0.00999999999999801,True
11053221.IV.GUMA..HN,11053221,1630,16.3,1631.0,16.31,0.00999999999999801,True
11053221.IV.LNSS..HH,11053221,1764,17.64,1756.0,17.56,0.08000000000000185,True
11053221.IV.MDAR..HN,11053221,1745,17.45,1757.0,17.57,0.120000000000001,True
11053221.IV.MNTP..HN,11053221,2003,20.03,2013.0,20.13,0.09999999999999787,True
11053221.IV.MPAG..EH,11053221,2131,21.31,2163.0,21.63,0.3200000000000003,True
11053221.IV.MPAG..HN,11053221,1821,18.21,11962.0,119.62,101.41,True
11053221.IV.MTCE..HH,11053221,2147,21.47,2186.0,21.86,0.39000000000000057,True
11053221.IV.MURB..HH,11053221,1853,18.53,1058.0,10.58,7.950000000000001,True
11053221.IV.MURB..HN,11053221,1819,18.19,1897.0,18.97,0.7799999999999976,True
11053221.IV.NRCA..HH,11053221,1748,17.48,1753.0,17.53,0.05000000000000071,True
11053221.IV.NRCA..HN,11053221,1657,16.57,1661.0,16.61,0.03999999999999915,True
11053221.IV.OFFI..HH,11053221,1878,18.78,1887.0,18.87,0.08999999999999986,True
11053221.IV.RM33..EH,11053221,2126,21.26,999.0,9.99,11.270000000000001,True
11053221.IV.RM33..HN,11053221,1873,18.73,1888.0,18.88,0.14999999999999858,True
11053221.IV.SEF1..HN,11053221,1594,15.94,1602.0,16.02,0.08000000000000007,True
11053221.IV.SMA1..EH,11053221,2032,20.32,2024.0,20.240000000000002,0.0799999999999983,True
11053221.IV.SNTG..HH,11053221,2095,20.95,999.0,9.99,10.959999999999999,True
11053221.IV.SNTG..HN,11053221,2163,21.63,2177.0,21.77,0.14000000000000057,True
11053221.IV.SRES..HH,11053221,1764,17.64,1792.0,17.92,0.28000000000000114,True
11053221.IV.SSFR..HH,11053221,1835,18.35,999.0,9.99,8.360000000000001,True
11053221.IV.SSFR..HN,11053221,1820,18.2,1854.0,18.54,0.33999999999999986,True
11053221.IV.T0110..HH,11053221,1660,16.6,1683.0,16.830000000000002,0.23000000000000043,True
11053221.IV.T1201..HN,11053221,1621,16.21,1605.0,16.05,0.16000000000000014,True
11053221.IV.T1202..EH,11053221,1653,16.53,1653.0,16.53,0.0,True
11053221.IV.T1204..EH,11053221,1755,17.55,1757.0,17.57,0.019999999999999574,True
11053221.IV.T1211..EH,11053221,3052,30.52,1289.0,12.89,17.63,True
11053221.IV.T1211..HN,11053221,3514,35.14,2377.0,23.77,11.370000000000001,True
11053221.IV.T1212..EH,11053221,3443,34.43,1582.0,15.82,18.61,True
11053221.IV.T1212..HN,11053221,4262,42.62,2401.0,24.01,18.609999999999996,True
11053221.IV.T1213..EH,11053221,2066,20.66,2065.0,20.650000000000002,0.00999999999999801,True
11053221.IV.T1213..HN,11053221,2129,21.29,2127.0,21.27,0.019999999999999574,True
11053221.IV.T1215..EH,11053221,3256,32.56,1349.0,13.49,19.07,True
11053221.IV.T1215..HN,11053221,3006,30.060000000000002,1103.0,11.03,19.03,True
11053221.IV.T1216..EH,11053221,2378,23.78,2379.0,23.79,0.00999999999999801,True
11053221.IV.T1216..HN,11053221,3489,34.89,1534.0,15.34,19.55,True
11053221.IV.T1217..EH,11053221,4205,42.050000000000004,2335.0,23.35,18.700000000000003,True
11053221.IV.T1217..HN,11053221,2467,24.67,999.0,9.99,14.680000000000001,True
11053221.IV.T1218..EH,11053221,2247,22.47,2241.0,22.41,0.05999999999999872,True
11053221.IV.T1218..HN,11053221,2765,27.650000000000002,999.0,9.99,17.660000000000004,True
11053221.IV.T1219..EH,11053221,2842,28.42,999.0,9.99,18.43,True
11053221.IV.T1219..HN,11053221,2573,25.73,999.0,9.99,15.74,True
11053221.IV.T1221..EH,11053221,2560,25.6,1002.0,10.02,15.580000000000002,True
11053221.IV.T1221..HN,11053221,1917,19.17,1919.0,19.19,0.019999999999999574,True
11053221.IV.T1241..EH,11053221,1723,17.23,1724.0,17.240000000000002,0.010000000000001563,True
11053221.IV.T1243..HH,11053221,1921,19.21,1936.0,19.36,0.14999999999999858,True
11053221.IV.T1243..HN,11053221,1967,19.67,1982.0,19.82,0.14999999999999858,True
11053221.IV.T1244..EH,11053221,1787,17.87,1792.0,17.92,0.05000000000000071,True
11053221.IV.T1244..HN,11053221,1812,18.12,1818.0,18.18,0.05999999999999872,True
11053221.IV.T1245..HH,11053221,2003,20.03,1977.0,19.77,0.26000000000000156,True
11053221.IV.T1245..HN,11053221,2048,20.48,2037.0,20.37,0.10999999999999943,True
11053221.IV.T1246..HH,11053221,1728,17.28,1738.0,17.38,0.09999999999999787,True
11053221.IV.T1247..HH,11053221,1751,17.51,999.0,9.99,7.520000000000001,True
11053221.IV.T1256..HH,11053221,1902,19.02,1884.0,18.84,0.17999999999999972,True
11053221.IV.T1256..HN,11053221,1767,17.67,1771.0,17.71,0.03999999999999915,True
11053221.IV.T1299..EH,11053221,1583,15.83,1558.0,15.58,0.25,True
11053221.IV.T1299..HN,11053221,1709,17.09,1710.0,17.1,0.010000000000001563,True
11053221.IV.TERO..HH,11053221,1946,19.46,1970.0,19.7,0.23999999999999844,True
11053221.IV.TERO..HN,11053221,1995,19.95,2015.0,20.150000000000002,0.20000000000000284,True
11053221.IV.VCEL..EH,11053221,1869,18.69,1259.0,12.59,6.100000000000001,True
11053641.MN.AQU..HH,11053641,1680,16.8,1693.0,16.93,0.129999999999999,True
11053641.MN.AQU..HL,11053641,1839,18.39,1876.0,18.76,0.370000000000001,True
11053641.IV.CAMP..HH,11053641,1705,17.05,1654.0,16.54,0.5100000000000016,True
11053641.IV.CESI..HH,11053641,1807,18.07,1285.0,12.85,5.220000000000001,True
11053641.IV.FAGN..HH,11053641,1703,17.03,1711.0,17.11,0.0799999999999983,True
11053641.IV.FDMO..HH,11053641,1700,17.0,1130.0,11.3,5.699999999999999,True
11053641.IV.FIAM..HH,11053641,2115,21.150000000000002,2089.0,20.89,0.26000000000000156,True
11053641.IV.FIAM..HN,11053641,2007,20.07,2024.0,20.240000000000002,0.1700000000000017,True
11053641.IV.GIGS..HH,11053641,2075,20.75,2068.0,20.68,0.07000000000000028,True
11053641.IV.LNSS..HH,11053641,1732,17.32,999.0,9.99,7.33,True
11053641.IV.MC2..EH,11053641,1952,19.52,1203.0,12.030000000000001,7.489999999999998,True
11053641.IV.MMO1..EH,11053641,1873,18.73,999.0,9.99,8.74,True
11053641.IV.NRCA..HH,11053641,2050,20.5,999.0,9.99,10.51,True
11053641.IV.NRCA..HN,11053641,2012,20.12,999.0,9.99,10.13,True
11053641.IV.OFFI..HH,11053641,2130,21.3,2109.0,21.09,0.21000000000000085,True
11053641.IV.RM33..EH,11053641,1789,17.89,1730.0,17.3,0.5899999999999999,True
11053641.IV.RM33..HN,11053641,1780,17.8,1765.0,17.650000000000002,0.14999999999999858,True
11053641.IV.T1211..EH,11053641,3743,37.43,3617.0,36.17,1.259999999999998,True
11053641.IV.T1211..HN,11053641,6047,60.47,6047.0,60.47,0.0,True
11053641.IV.T1215..EH,11053641,4820,48.2,2115.0,21.150000000000002,27.05,True
11053641.IV.T1215..HN,11053641,1667,16.67,1682.0,16.82,0.14999999999999858,True
11053641.IV.T1216..EH,11053641,2482,24.82,1594.0,15.94,8.88,True
11053641.IV.T1216..HN,11053641,2289,22.89,2313.0,23.13,0.23999999999999844,True
11053641.IV.T1218..EH,11053641,1632,16.32,999.0,9.99,6.33,True
11053641.IV.T1218..HN,11053641,2012,20.12,1116.0,11.16,8.96,True
11053641.IV.T1241..EH,11053641,1923,19.23,999.0,9.99,9.24,True
11053641.IV.T1241..HN,11053641,1912,19.12,1920.0,19.2,0.0799999999999983,True
11053641.IV.T1243..HH,11053641,1889,18.89,1129.0,11.290000000000001,7.6,True
11053641.IV.T1243..HN,11053641,1928,19.28,1927.0,19.27,0.010000000000001563,True
11053641.IV.T1245..HH,11053641,2235,22.35,999.0,9.99,12.360000000000001,True
11053641.IV.T1245..HN,11053641,2012,20.12,2066.0,20.66,0.5399999999999991,True
11053641.IV.T1247..HH,11053641,1712,17.12,1711.0,17.11,0.010000000000001563,True
11053641.IV.T1256..HH,11053641,1667,16.67,1123.0,11.23,5.440000000000001,True
11053641.IV.T1256..HN,11053641,1735,17.35,1768.0,17.68,0.3299999999999983,True
11053641.IV.TERO..HH,11053641,2045,20.45,2002.0,20.02,0.4299999999999997,True
11053641.IV.TERO..HN,11053641,1973,19.73,1958.0,19.580000000000002,0.14999999999999858,True
11053731.IV.MC2..EH,11053731,1801,18.01,1156.0,11.56,6.450000000000001,True
11053731.IV.MMO1..EH,11053731,1689,16.89,1153.0,11.53,5.360000000000001,True
11053731.IV.MMO1..HN,11053731,1701,17.01,,,,False
11053731.IV.T1216..EH,11053731,2554,25.54,1519.0,15.19,10.35,True
11053731.IV.T1216..HN,11053731,3050,30.5,2006.0,20.06,10.440000000000001,True
11053731.IV.T1241..EH,11053731,1989,19.89,1994.0,19.94,0.05000000000000071,True
11053731.IV.T1241..HN,11053731,2157,21.57,,,,False
11053731.IV.T1256..HH,11053731,1648,16.48,1674.0,16.740000000000002,0.26000000000000156,True
11053731.IV.T1256..HN,11053731,1590,15.9,1732.0,17.32,1.42,True
11054551.IV.MMO1..EH,11054551,1898,18.98,1906.0,19.06,0.0799999999999983,True
11054551.IV.MMO1..HN,11054551,1948,19.48,11336.0,113.36,93.88,True
11054551.IV.NRCA..HH,11054551,1666,16.66,1705.0,17.05,0.39000000000000057,True
11054551.IV.NRCA..HN,11054551,1721,17.21,1797.0,17.97,0.759999999999998,True
11054551.IV.T1215..EH,11054551,2001,20.01,2396.0,23.96,3.9499999999999993,True
11054551.IV.T1215..HN,11054551,4018,40.18,1740.0,17.400000000000002,22.779999999999998,True
11054551.IV.T1216..EH,11054551,1973,19.73,2064.0,20.64,0.9100000000000001,True
11054551.IV.T1216..HN,11054551,3999,39.99,2809.0,28.09,11.900000000000002,True
11054551.IV.T1219..EH,11054551,2453,24.53,1373.0,13.73,10.8,True
11054551.IV.T1219..HN,11054551,2511,25.11,1463.0,14.63,10.479999999999999,True
11054551.IV.T1241..EH,11054551,1752,17.52,1874.0,18.740000000000002,1.2200000000000024,True
11054551.IV.T1241..HN,11054551,1766,17.66,2075.0,20.75,3.09,True
11054551.IV.T1243..HH,11054551,1635,16.35,2010.0,20.1,3.75,True
11054551.IV.T1243..HN,11054551,1581,15.81,2088.0,20.88,5.0699999999999985,True
11054551.IV.T1245..HH,11054551,1737,17.37,1759.0,17.59,0.21999999999999886,True
11054551.IV.T1245..HN,11054551,1764,17.64,1803.0,18.03,0.39000000000000057,True
11054551.IV.T1256..HH,11054551,2084,20.84,2140.0,21.400000000000002,0.5600000000000023,True
11054551.IV.T1256..HN,11054551,1994,19.94,2214.0,22.14,2.1999999999999993,True
11054551.IV.TERO..HH,11054551,1801,18.01,2304.0,23.04,5.029999999999998,True
11054551.IV.TERO..HN,11054551,2073,20.73,2603.0,26.03,5.300000000000001,True
11056191.IV.CESI..HH,11056191,1905,19.05,1909.0,19.09,0.03999999999999915,True
11056191.IV.CSP1..EH,11056191,2181,21.81,2188.0,21.88,0.07000000000000028,True
11056191.IV.FDMO..HH,11056191,1619,16.19,999.0,9.99,6.200000000000001,True
11056191.IV.MC2..EH,11056191,1592,15.92,1647.0,16.47,0.5499999999999989,True
11056191.IV.MMO1..EH,11056191,1767,17.67,1771.0,17.71,0.03999999999999915,True
11056191.IV.MMO1..HN,11056191,1644,16.44,,,,False
11056191.IV.NRCA..HH,11056191,1741,17.41,1763.0,17.63,0.21999999999999886,True
11056191.IV.NRCA..HN,11056191,1801,18.01,2052.0,20.52,2.509999999999998,True
11056191.IV.SNTG..HH,11056191,2112,21.12,2353.0,23.53,2.41,True
11056191.IV.SNTG..HN,11056191,1921,19.21,,,,False
11056191.IV.T1219..EH,11056191,2058,20.580000000000002,2062.0,20.62,0.03999999999999915,True
11056191.IV.T1219..HN,11056191,4243,42.43,4250.0,42.5,0.07000000000000028,True
11056191.IV.T1241..EH,11056191,2016,20.16,2076.0,20.76,0.6000000000000014,True
11056191.IV.T1241..HN,11056191,2009,20.09,,,,False
11056191.IV.T1243..HH,11056191,1737,17.37,1741.0,17.41,0.03999999999999915,True
11056191.IV.T1243..HN,11056191,1703,17.03,1722.0,17.22,0.18999999999999773,True
11056191.IV.T1245..HH,11056191,1907,19.07,2117.0,21.17,2.1000000000000014,True
11056191.IV.T1245..HN,11056191,1914,19.14,,,,False
11056191.IV.T1256..HH,11056191,2096,20.96,2101.0,21.01,0.05000000000000071,True
11056191.IV.T1256..HN,11056191,2003,20.03,2023.0,20.23,0.1999999999999993,True
11056451.MN.AQU..HH,11056451,2003,20.03,2005.0,20.05,0.019999999999999574,True
11056451.MN.AQU..HL,11056451,2124,21.240000000000002,2153.0,21.53,0.28999999999999915,True
11056451.IV.ARRO..EH,11056451,1796,17.96,1789.0,17.89,0.07000000000000028,True
11056451.IV.CAMP..HH,11056451,1950,19.5,1898.0,18.98,0.5199999999999996,True
11056451.IV.LNSS..HH,11056451,1816,18.16,1757.0,17.57,0.5899999999999999,True
11056451.IV.RM33..EH,11056451,1898,18.98,1822.0,18.22,0.7600000000000016,True
11056451.IV.RM33..HN,11056451,1916,19.16,1906.0,19.06,0.10000000000000142,True
11056451.IV.SMA1..EH,11056451,1898,18.98,1835.0,18.35,0.629999999999999,True
11056451.IV.T1218..EH,11056451,1807,18.07,1767.0,17.67,0.3999999999999986,True
11056451.IV.T1218..HN,11056451,1878,18.78,1876.0,18.76,0.019999999999999574,True
11056451.IV.T1246..HH,11056451,2100,21.0,2040.0,20.400000000000002,0.5999999999999979,True
11056451.IV.T1247..HH,11056451,1948,19.48,1236.0,12.36,7.120000000000001,True
11056451.IV.T1299..EH,11056451,1803,18.03,1784.0,17.84,0.19000000000000128,True
11056451.IV.T1299..HN,11056451,1768,17.68,1772.0,17.72,0.03999999999999915,True
1105901.IV.JOPP..HH,1105901,1978,19.78,1977.0,19.77,0.010000000000001563,True
1105901.IV.JOPP..HN,1105901,2051,20.51,2053.0,20.53,0.019999999999999574,True
1105901.IV.MILZ..HH,1105901,1782,17.82,1787.0,17.87,0.05000000000000071,True
1105901.IV.MSCL..HH,1105901,1903,19.03,1912.0,19.12,0.08999999999999986,True
1105901.IV.MSRU..HH,1105901,1889,18.89,1894.0,18.94,0.05000000000000071,True
1105901.IV.PLAC..HH,1105901,2209,22.09,2214.0,22.14,0.05000000000000071,True
1105901.IV.SERS..HH,1105901,2090,20.900000000000002,1364.0,13.64,7.260000000000002,True
1105901.IV.SERS..HN,1105901,2028,20.28,2131.0,21.31,1.0299999999999976,True
11059921.IV.CSP1..EH,11059921,1753,17.53,1766.0,17.66,0.129999999999999,True
11059921.IV.MC2..EH,11059921,2089,20.89,2258.0,22.580000000000002,1.6900000000000013,True
11059921.IV.MMO1..EH,11059921,1953,19.53,1967.0,19.67,0.14000000000000057,True
11059921.IV.MMO1..HN,11059921,1928,19.28,,,,False
11059921.IV.SNTG..HH,11059921,1850,18.5,2290.0,22.900000000000002,4.400000000000002,True
11059921.IV.SNTG..HN,11059921,1661,16.61,,,,False
11059921.IV.T1215..EH,11059921,3240,32.4,3675.0,36.75,4.350000000000001,True
11059921.IV.T1215..HN,11059921,3132,31.32,,,,False
11059921.IV.T1216..EH,11059921,1971,19.71,1992.0,19.92,0.21000000000000085,True
11059921.IV.T1216..HN,11059921,3765,37.65,3781.0,37.81,0.1600000000000037,True
11059921.IV.T1219..EH,11059921,2882,28.82,2955.0,29.55,0.7300000000000004,True
11059921.IV.T1219..HN,11059921,4212,42.12,1269.0,12.69,29.43,True
11059921.IV.T1245..HH,11059921,1911,19.11,1941.0,19.41,0.3000000000000007,True
11059921.IV.T1245..HN,11059921,1973,19.73,2577.0,25.77,6.039999999999999,True
11061071.IV.ARCI..HH,11061071,1910,19.1,1903.0,19.03,0.07000000000000028,True
11061071.IV.ASQU..HH,11061071,1939,19.39,1929.0,19.29,0.10000000000000142,True
11061071.IV.BADI..EH,11061071,1859,18.59,1866.0,18.66,0.07000000000000028,True
11061071.IV.BDI..HH,11061071,1720,17.2,1718.0,17.18,0.019999999999999574,True
11061071.IV.BDI..HN,11061071,1836,18.36,1860.0,18.6,0.240000000000002,True
11061071.GU.CARD..HH,11061071,1591,15.91,1581.0,15.81,0.09999999999999964,True
11061071.IV.CASP..HH,11061071,1760,17.6,1726.0,17.26,0.33999999999999986,True
11061071.IV.CRE..HH,11061071,1901,19.01,1887.0,18.87,0.14000000000000057,True
11061071.IV.CRMI..HH,11061071,1621,16.21,1572.0,15.72,0.4900000000000002,True
11061071.IV.CRMI..HN,11061071,1639,16.39,1632.0,16.32,0.07000000000000028,True
11061071.IV.CSNT..HH,11061071,1773,17.73,1724.0,17.240000000000002,0.48999999999999844,True
11061071.GU.EQUI..HH,11061071,1744,17.44,1745.0,17.45,0.00999999999999801,True
11061071.IV.FROS..HH,11061071,1825,18.25,1800.0,18.0,0.25,True
11061071.GU.GSCL..HH,11061071,2018,20.18,2017.0,20.17,0.00999999999999801,True
11061071.IV.LMD..HH,11061071,1691,16.91,1689.0,16.89,0.019999999999999574,True
11061071.GU.MAIM..HH,11061071,1987,19.87,1952.0,19.52,0.3500000000000014,True
11061071.IV.MCIV..HH,11061071,1968,19.68,1957.0,19.57,0.10999999999999943,True
11061071.IV.MPPT..EH,11061071,1989,19.89,1983.0,19.830000000000002,0.05999999999999872,True
11061071.IV.MSSA..HH,11061071,1728,17.28,1716.0,17.16,0.120000000000001,True
11061071.IV.MTCR..EH,11061071,1862,18.62,1866.0,18.66,0.03999999999999915,True
11061071.IV.OSSC..HH,11061071,1755,17.55,1704.0,17.04,0.5100000000000016,True
11061071.IV.OSSC..HN,11061071,1880,18.8,1883.0,18.830000000000002,0.030000000000001137,True
11061071.IV.PIEI..HH,11061071,2046,20.46,2048.0,20.48,0.019999999999999574,True
11061071.IV.PIEI..HN,11061071,1964,19.64,,,,False
11061071.IV.PII..HH,11061071,2007,20.07,1966.0,19.66,0.41000000000000014,True
11061071.IV.RUFI..EH,11061071,1801,18.01,1778.0,17.78,0.23000000000000043,True
11061071.GU.SARM..EH,11061071,2012,20.12,2013.0,20.13,0.00999999999999801,True
11061071.IV.SEI..HH,11061071,1785,17.85,1795.0,17.95,0.09999999999999787,True
11061071.IV.SFI..EH,11061071,1875,18.75,1865.0,18.650000000000002,0.09999999999999787,True
11061071.IV.SFI..HN,11061071,1914,19.14,2425.0,24.25,5.109999999999999,True
11061071.IV.TRIF..HH,11061071,1596,15.96,1593.0,15.93,0.030000000000001137,True
11061071.MN.VLC..HH,11061071,1939,19.39,1934.0,19.34,0.05000000000000071,True
11061071.MN.VLC..HN,11061071,1942,19.42,1954.0,19.54,0.11999999999999744,True
11062361.XO.AM05..EH,11062361,1823,18.23,1827.0,18.27,0.03999999999999915,True
11062361.XO.AM05..HN,11062361,2045,20.45,2064.0,20.64,0.19000000000000128,True
11062361.IV.ARVD..HH,11062361,1539,15.39,1160.0,11.6,3.790000000000001,True
11062361.IV.ATCC..EH,11062361,2171,21.71,2175.0,21.75,0.03999999999999915,True
11062361.IV.ATCC..HN,11062361,2087,20.87,2118.0,21.18,0.3099999999999987,True
11062361.IV.ATFO..HH,11062361,1571,15.71,1655.0,16.55,0.8399999999999999,True
11062361.IV.ATFO..HN,11062361,1617,16.17,,,,False
11062361.IV.ATPI..EH,11062361,2065,20.650000000000002,2079.0,20.79,0.13999999999999702,True
11062361.IV.ATVO..HH,11062361,1564,15.64,1574.0,15.74,0.09999999999999964,True
11062361.IV.ATVO..HN,11062361,1588,15.88,,,,False
11062361.IV.BADI..EH,11062361,1866,18.66,1884.0,18.84,0.17999999999999972,True
11062361.IV.CAMP..HH,11062361,1939,19.39,1947.0,19.47,0.0799999999999983,True
11062361.IV.CESI..HH,11062361,1705,17.05,1665.0,16.65,0.40000000000000213,True
11062361.IV.CESX..HH,11062361,1643,16.43,1651.0,16.51,0.08000000000000185,True
11062361.IV.CING..HH,11062361,2034,20.34,2034.0,20.34,0.0,True
11062361.IV.CSP1..EH,11062361,2027,20.27,2004.0,20.04,0.23000000000000043,True
11062361.IV.FDMO..HH,11062361,1620,16.2,1595.0,15.950000000000001,0.24999999999999822,True
11062361.IV.FEMA..HN,11062361,1687,16.87,1690.0,16.9,0.029999999999997584,True
11062361.IV.FOSV..EH,11062361,2138,21.38,2152.0,21.52,0.14000000000000057,True
11062361.IV.FOSV..HN,11062361,2109,21.09,2153.0,21.53,0.4400000000000013,True
11062361.IV.FSSB..HH,11062361,1837,18.37,1072.0,10.72,7.65,True
11062361.IV.GAG1..HN,11062361,1975,19.75,2017.0,20.17,0.4200000000000017,True
11062361.IV.GIGS..HH,11062361,1939,19.39,1963.0,19.63,0.23999999999999844,True
11062361.IV.GUMA..HH,11062361,1964,19.64,1965.0,19.650000000000002,0.010000000000001563,True
11062361.IV.GUMA..HN,11062361,1830,18.3,1837.0,18.37,0.07000000000000028,True
11062361.IV.LNSS..HH,11062361,1919,19.19,1913.0,19.13,0.060000000000002274,True
11062361.IV.MC2..EH,11062361,1598,15.98,1590.0,15.9,0.08000000000000007,True
11062361.IV.MDAR..HN,11062361,1739,17.39,1750.0,17.5,0.10999999999999943,True
11062361.IV.MOMA..HH,11062361,1705,17.05,1732.0,17.32,0.2699999999999996,True
11062361.IV.MOMA..HN,11062361,1686,16.86,1723.0,17.23,0.370000000000001,True
11062361.IV.MPAG..EH,11062361,2340,23.400000000000002,2364.0,23.64,0.23999999999999844,True
11062361.IV.MPAG..HN,11062361,2030,20.3,11985.0,119.85000000000001,99.55000000000001,True
11062361.IV.MURB..HH,11062361,2189,21.89,2196.0,21.96,0.07000000000000028,True
11062361.IV.MURB..HN,11062361,2021,20.21,2073.0,20.73,0.5199999999999996,True
11062361.IV.NRCA..HH,11062361,1919,19.19,1841.0,18.41,0.7800000000000011,True
11062361.IV.NRCA..HN,11062361,1923,19.23,1875.0,18.75,0.4800000000000004,True
11062361.IV.OFFI..HH,11062361,1837,18.37,1852.0,18.52,0.14999999999999858,True
11062361.IV.PE3..EH,11062361,2050,20.5,2088.0,20.88,0.379999999999999,True
11062361.IV.PIEI..HH,11062361,1989,19.89,2019.0,20.19,0.3000000000000007,True
11062361.IV.PIEI..HN,11062361,2075,20.75,3207.0,32.07,11.32,True
11062361.IV.RM33..EH,11062361,1577,15.77,1587.0,15.870000000000001,0.10000000000000142,True
11062361.IV.RM33..HN,11062361,1582,15.82,1683.0,16.830000000000002,1.0100000000000016,True
11062361.IV.SEF1..HN,11062361,1741,17.41,1752.0,17.52,0.10999999999999943,True
11062361.IV.SMA1..EH,11062361,2069,20.69,2069.0,20.69,0.0,True
11062361.IV.SNTG..HH,11062361,1798,17.98,1140.0,11.4,6.58,True
11062361.IV.SNTG..HN,11062361,1898,18.98,1916.0,19.16,0.17999999999999972,True
11062361.IV.SSM1..HN,11062361,1959,19.59,1997.0,19.97,0.379999999999999,True
11062361.IV.T0110..HH,11062361,1714,17.14,1739.0,17.39,0.25,True
11062361.IV.T1211..EH,11062361,4918,49.18,4867.0,48.67,0.509999999999998,True
11062361.IV.T1211..HN,11062361,3079,30.79,3113.0,31.13,0.33999999999999986,True
11062361.IV.T1215..EH,11062361,2430,24.3,1330.0,13.3,11.0,True
11062361.IV.T1215..HN,11062361,2083,20.830000000000002,2083.0,20.830000000000002,0.0,True
11062361.IV.T1216..EH,11062361,3521,35.21,2177.0,21.77,13.440000000000001,True
11062361.IV.T1216..HN,11062361,2005,20.05,2006.0,20.06,0.00999999999999801,True
11062361.IV.T1218..EH,11062361,3479,34.79,3394.0,33.94,0.8500000000000014,True
11062361.IV.T1218..HN,11062361,3095,30.95,3097.0,30.970000000000002,0.020000000000003126,True
11062361.IV.T1219..EH,11062361,3593,35.93,2471.0,24.71,11.219999999999999,True
11062361.IV.T1219..HN,11062361,2154,21.54,2108.0,21.080000000000002,0.4599999999999973,True
11062361.IV.T1221..EH,11062361,2732,27.32,1690.0,16.9,10.420000000000002,True
11062361.IV.T1221..HN,11062361,2413,24.13,1655.0,16.55,7.579999999999998,True
11062361.IV.T1241..HN,11062361,1895,18.95,1917.0,19.17,0.22000000000000242,True
11062361.IV.T1243..HH,11062361,1728,17.28,1731.0,17.31,0.029999999999997584,True
11062361.IV.T1243..HN,11062361,1673,16.73,1698.0,16.98,0.25,True
11062361.IV.T1245..HH,11062361,1732,17.32,1712.0,17.12,0.1999999999999993,True
11062361.IV.T1245..HN,11062361,1761,17.61,1773.0,17.73,0.120000000000001,True
11062361.IV.T1256..HH,11062361,1641,16.41,1617.0,16.17,0.23999999999999844,True
11062361.IV.T1256..HN,11062361,1597,15.97,1603.0,16.03,0.0600000000000005,True
11062411.IV.AIO..HH,11062411,1570,15.700000000000001,1553.0,15.530000000000001,0.16999999999999993,True
11062411.IV.CAGR..HH,11062411,1569,15.69,1584.0,15.84,0.15000000000000036,True
11062411.IV.EPOZ..HH,11062411,1548,15.48,1787.0,17.87,2.3900000000000006,True
11062411.IV.EPZF..HH,11062411,1932,19.32,1898.0,18.98,0.33999999999999986,True
11062411.IV.ESLN..HH,11062411,1921,19.21,2018.0,20.18,0.9699999999999989,True
11062411.IV.GALF..HH,11062411,1664,16.64,1670.0,16.7,0.05999999999999872,True
11062411.IV.GIB..HH,11062411,1932,19.32,1931.0,19.31,0.010000000000001563,True
11062411.IV.HAGA..HH,11062411,1761,17.61,1763.0,17.63,0.019999999999999574,True
11062411.IV.HMDC..HH,11062411,1800,18.0,1793.0,17.93,0.07000000000000028,True
11062411.IV.HPAC..HH,11062411,1953,19.53,1981.0,19.81,0.2799999999999976,True
11062411.IV.IACL..HH,11062411,1880,18.8,1154.0,11.540000000000001,7.26,True
11062411.IV.IFIL..HH,11062411,1782,17.82,1784.0,17.84,0.019999999999999574,True
11062411.IV.JOPP..HH,11062411,2185,21.85,2200.0,22.0,0.14999999999999858,True
11062411.IV.JOPP..HN,11062411,2352,23.52,2423.0,24.23,0.7100000000000009,True
11062411.IV.MILZ..HH,11062411,2188,21.88,1619.0,16.19,5.689999999999998,True
11062411.IV.MSFR..HH,11062411,1662,16.62,1594.0,15.94,0.6800000000000015,True
11062411.IV.MSRU..HH,11062411,1778,17.78,1781.0,17.81,0.029999999999997584,True
11062411.IV.PETRA..HH,11062411,1771,17.71,1759.0,17.59,0.120000000000001,True
11062411.IV.PLAC..HH,11062411,1786,17.86,1750.0,17.5,0.35999999999999943,True
11062411.IV.PLAC..HN,11062411,1909,19.09,2191.0,21.91,2.8200000000000003,True
11062411.IV.PLLN..EH,11062411,1682,16.82,1649.0,16.490000000000002,0.3299999999999983,True
11062411.IV.RAFF..HH,11062411,1961,19.61,1908.0,19.080000000000002,0.5299999999999976,True
11062411.IV.SOI..EH,11062411,2135,21.35,2133.0,21.330000000000002,0.019999999999999574,True
11063111.IV.CAMP..HH,11063111,1882,18.82,1884.0,18.84,0.019999999999999574,True
11063111.IV.CESI..HH,11063111,1796,17.96,1789.0,17.89,0.07000000000000028,True
11063111.IV.CSP1..EH,11063111,1680,16.8,1680.0,16.8,0.0,True
11063111.IV.FDMO..HH,11063111,1710,17.1,1710.0,17.1,0.0,True
11063111.IV.GUMA..HH,11063111,1807,18.07,1809.0,18.09,0.019999999999999574,True
11063111.IV.GUMA..HN,11063111,1750,17.5,1757.0,17.57,0.07000000000000028,True
11063111.IV.LNSS..HH,11063111,1718,17.18,1729.0,17.29,0.10999999999999943,True
11063111.IV.MC2..EH,11063111,2073,20.73,1300.0,13.0,7.73,True
11063111.IV.MMO1..EH,11063111,2010,20.1,1127.0,11.27,8.830000000000002,True
11063111.IV.MMO1..HN,11063111,2054,20.54,2122.0,21.22,0.6799999999999997,True
11063111.IV.NRCA..HH,11063111,1725,17.25,999.0,9.99,7.26,True
11063111.IV.NRCA..HN,11063111,1787,17.87,999.0,9.99,7.880000000000001,True
11063111.IV.T1215..EH,11063111,2229,22.29,1548.0,15.48,6.809999999999999,True
11063111.IV.T1215..HN,11063111,4473,44.730000000000004,4482.0,44.82,0.0899999999999963,True
11063111.IV.T1216..EH,11063111,1936,19.36,1401.0,14.01,5.35,True
11063111.IV.T1216..HN,11063111,3209,32.09,3213.0,32.13,0.03999999999999915,True
11063111.IV.T1218..EH,11063111,2665,26.650000000000002,1220.0,12.200000000000001,14.450000000000001,True
11063111.IV.T1218..HN,11063111,2893,28.93,1451.0,14.51,14.42,True
11063111.IV.T1219..EH,11063111,3590,35.9,2217.0,22.17,13.729999999999997,True
11063111.IV.T1219..HN,11063111,2853,28.53,2860.0,28.6,0.07000000000000028,True
11063111.IV.T1241..EH,11063111,1855,18.55,1206.0,12.06,6.49,True
11063111.IV.T1243..HH,11063111,2021,20.21,999.0,9.99,10.22,True
11063111.IV.T1243..HN,11063111,1987,19.87,1999.0,19.990000000000002,0.120000000000001,True
11063111.IV.T1245..HH,11063111,1730,17.3,1003.0,10.03,7.270000000000001,True
11063111.IV.T1245..HN,11063111,1712,17.12,1712.0,17.12,0.0,True
11063111.IV.T1256..HH,11063111,1546,15.46,1525.0,15.25,0.21000000000000085,True
11063111.IV.T1256..HN,11063111,1653,16.53,1672.0,16.72,0.18999999999999773,True
11066061.IV.CAMP..HH,11066061,2032,20.32,2027.0,20.27,0.05000000000000071,True
11066061.IV.CSP1..EH,11066061,1821,18.21,2733.0,27.330000000000002,9.120000000000001,True
11066061.IV.GIGS..HH,11066061,1664,16.64,1702.0,17.02,0.379999999999999,True
11066061.IV.LNSS..HH,11066061,1563,15.63,1565.0,15.65,0.019999999999999574,True
11066061.IV.RM33..EH,11066061,1648,16.48,1638.0,16.38,0.10000000000000142,True
11066061.IV.RM33..HN,11066061,1596,15.96,1594.0,15.94,0.02000000000000135,True
11066061.IV.SMA1..EH,11066061,2188,21.88,2190.0,21.900000000000002,0.020000000000003126,True
11066061.IV.T1211..EH,11066061,2982,29.82,2989.0,29.89,0.07000000000000028,True
11066061.IV.T1211..HN,11066061,2117,21.17,2174.0,21.740000000000002,0.5700000000000003,True
11066061.IV.T1215..EH,11066061,3094,30.94,3134.0,31.34,0.3999999999999986,True
11066061.IV.T1215..HN,11066061,2418,24.18,2526.0,25.26,1.0800000000000018,True
11066061.IV.T1218..EH,11066061,3784,37.84,3784.0,37.84,0.0,True
11066061.IV.T1218..HN,11066061,3574,35.74,3577.0,35.77,0.030000000000001137,True
11066061.IV.T1241..EH,11066061,1805,18.05,1809.0,18.09,0.03999999999999915,True
11066061.IV.T1243..HH,11066061,1823,18.23,1824.0,18.240000000000002,0.010000000000001563,True
11066061.IV.T1243..HN,11066061,1721,17.21,1727.0,17.27,0.05999999999999872,True
11066061.IV.T1245..HH,11066061,1782,17.82,1447.0,14.47,3.3499999999999996,True
11066061.IV.T1245..HN,11066061,1878,18.78,2418.0,24.18,5.399999999999999,True
11066061.IV.TERO..HH,11066061,1978,19.78,1991.0,19.91,0.129999999999999,True
11067221.XO.AM05..EH,11067221,1659,16.59,1657.0,16.57,0.019999999999999574,True
11067221.XO.AM05..HN,11067221,1745,17.45,1750.0,17.5,0.05000000000000071,True
11067221.IV.ARRO..EH,11067221,1978,19.78,1981.0,19.81,0.029999999999997584,True
11067221.IV.ARVD..HH,11067221,1967,19.67,2024.0,20.240000000000002,0.5700000000000003,True
11067221.IV.ATCC..EH,11067221,1778,17.78,1781.0,17.81,0.029999999999997584,True
11067221.IV.ATPI..EH,11067221,2043,20.43,2061.0,20.61,0.17999999999999972,True
11067221.IV.ATVO..HH,11067221,1803,18.03,1820.0,18.2,0.16999999999999815,True
11067221.IV.ATVO..HN,11067221,1805,18.05,1954.0,19.54,1.4899999999999984,True
11067221.IV.CAMP..HH,11067221,1948,19.48,1927.0,19.27,0.21000000000000085,True
11067221.IV.CERT..HH,11067221,2121,21.21,2174.0,21.740000000000002,0.5300000000000011,True
11067221.IV.CESI..HH,11067221,1746,17.46,1722.0,17.22,0.240000000000002,True
11067221.IV.CESX..HH,11067221,1568,15.68,1577.0,15.77,0.08999999999999986,True
11067221.IV.CING..HH,11067221,1820,18.2,1839.0,18.39,0.19000000000000128,True
11067221.IV.CSP1..EH,11067221,1646,16.46,1643.0,16.43,0.030000000000001137,True
11067221.IV.EL6..EH,11067221,1644,16.44,1652.0,16.52,0.0799999999999983,True
11067221.IV.FAGN..HH,11067221,1671,16.71,1724.0,17.240000000000002,0.5300000000000011,True
11067221.IV.FDMO..HH,11067221,2060,20.6,2066.0,20.66,0.05999999999999872,True
11067221.IV.FEMA..HN,11067221,1853,18.53,1846.0,18.46,0.07000000000000028,True
11067221.IV.FIAM..HH,11067221,1746,17.46,1763.0,17.63,0.16999999999999815,True
11067221.IV.FIAM..HN,11067221,1696,16.96,1714.0,17.14,0.17999999999999972,True
11067221.IV.FOSV..EH,11067221,1996,19.96,1121.0,11.21,8.75,True
11067221.IV.FRON..EH,11067221,1695,16.95,1715.0,17.150000000000002,0.20000000000000284,True
11067221.IV.FSSB..HH,11067221,1655,16.55,1657.0,16.57,0.019999999999999574,True
11067221.IV.GIGS..HH,11067221,1773,17.73,1771.0,17.71,0.019999999999999574,True
11067221.IV.GUMA..HH,11067221,1866,18.66,1849.0,18.490000000000002,0.16999999999999815,True
11067221.IV.GUMA..HN,11067221,1786,17.86,1787.0,17.87,0.010000000000001563,True
11067221.IV.INTR..HH,11067221,1710,17.1,1733.0,17.330000000000002,0.23000000000000043,True
11067221.IV.INTR..HN,11067221,1671,16.71,1783.0,17.830000000000002,1.120000000000001,True
11067221.IV.LNSS..HH,11067221,1810,18.1,1802.0,18.02,0.08000000000000185,True
11067221.IV.MDAR..HN,11067221,1778,17.78,1794.0,17.94,0.16000000000000014,True
11067221.IV.MNTP..HN,11067221,1918,19.18,1818.0,18.18,1.0,True
11067221.IV.MOMA..HH,11067221,1601,16.01,999.0,9.99,6.020000000000001,True
11067221.IV.MOMA..HN,11067221,1599,15.99,1624.0,16.240000000000002,0.2500000000000018,True
11067221.IV.MPAG..EH,11067221,2014,20.14,2045.0,20.45,0.3099999999999987,True
11067221.IV.MPAG..HN,11067221,1805,18.05,11996.0,119.96000000000001,101.91000000000001,True
11067221.IV.MURB..HH,11067221,1802,18.02,1836.0,18.36,0.33999999999999986,True
11067221.IV.MURB..HN,11067221,1803,18.03,1841.0,18.41,0.379999999999999,True
11067221.IV.NRCA..HH,11067221,1962,19.62,1922.0,19.22,0.40000000000000213,True
11067221.IV.NRCA..HN,11067221,1964,19.64,1949.0,19.490000000000002,0.14999999999999858,True
11067221.IV.OFFI..HH,11067221,1914,19.14,1913.0,19.13,0.010000000000001563,True
11067221.IV.PIEI..HH,11067221,1619,16.19,1670.0,16.7,0.509999999999998,True
11067221.IV.PIEI..HN,11067221,1589,15.89,1746.0,17.46,1.5700000000000003,True
11067221.IV.RM33..EH,11067221,1852,18.52,1854.0,18.54,0.019999999999999574,True
11067221.IV.RM33..HN,11067221,1853,18.53,1870.0,18.7,0.16999999999999815,True
11067221.IV.SEF1..HN,11067221,1753,17.53,1808.0,18.080000000000002,0.5500000000000007,True
11067221.IV.SMA1..EH,11067221,1789,17.89,1782.0,17.82,0.07000000000000028,True
11067221.IV.SNTG..HH,11067221,1653,16.53,1658.0,16.580000000000002,0.05000000000000071,True
11067221.IV.SNTG..HN,11067221,1678,16.78,1702.0,17.02,0.23999999999999844,True
11067221.IV.SRES..HH,11067221,1943,19.43,2164.0,21.64,2.210000000000001,True
11067221.IV.SSFR..HH,11067221,1662,16.62,1705.0,17.05,0.4299999999999997,True
11067221.IV.SSFR..HN,11067221,1685,16.85,1713.0,17.13,0.2799999999999976,True
11067221.IV.T0110..HH,11067221,1612,16.12,1629.0,16.29,0.16999999999999815,True
11067221.IV.T1201..HN,11067221,2041,20.41,1004.0,10.040000000000001,10.37,True
11067221.IV.T1202..EH,11067221,1846,18.46,1831.0,18.31,0.15000000000000213,True
11067221.IV.T1204..EH,11067221,2140,21.400000000000002,2107.0,21.07,0.33000000000000185,True
11067221.IV.T1212..EH,11067221,1762,17.62,1732.0,17.32,0.3000000000000007,True
11067221.IV.T1212..HN,11067221,2869,28.69,2851.0,28.51,0.17999999999999972,True
11067221.IV.T1213..EH,11067221,1537,15.370000000000001,1538.0,15.38,0.009999999999999787,True
11067221.IV.T1213..HN,11067221,2628,26.28,2631.0,26.310000000000002,0.030000000000001137,True
11067221.IV.T1215..EH,11067221,2743,27.43,2725.0,27.25,0.17999999999999972,True
11067221.IV.T1215..HN,11067221,4226,42.26,4227.0,42.27,0.010000000000005116,True
11067221.IV.T1216..EH,11067221,2201,22.01,2158.0,21.580000000000002,0.4299999999999997,True
11067221.IV.T1216..HN,11067221,3693,36.93,3666.0,36.660000000000004,0.269999999999996,True
11067221.IV.T1217..EH,11067221,3789,37.89,3772.0,37.72,0.1700000000000017,True
11067221.IV.T1217..HN,11067221,1547,15.47,1550.0,15.5,0.02999999999999936,True
11067221.IV.T1218..EH,11067221,2713,27.13,2700.0,27.0,0.129999999999999,True
11067221.IV.T1218..HN,11067221,3227,32.27,3230.0,32.3,0.02999999999999403,True
11067221.IV.T1219..EH,11067221,1903,19.03,1884.0,18.84,0.19000000000000128,True
11067221.IV.T1219..HN,11067221,1805,18.05,1800.0,18.0,0.05000000000000071,True
11067221.IV.T1221..EH,11067221,2698,26.98,2674.0,26.740000000000002,0.23999999999999844,True
11067221.IV.T1221..HN,11067221,4067,40.67,2269.0,22.69,17.98,True
11067221.IV.T1241..EH,11067221,2016,20.16,1975.0,19.75,0.41000000000000014,True
11067221.IV.T1243..HH,11067221,1964,19.64,1942.0,19.42,0.21999999999999886,True
11067221.IV.T1243..HN,11067221,1837,18.37,1836.0,18.36,0.010000000000001563,True
11067221.IV.T1244..EH,11067221,1728,17.28,1704.0,17.04,0.240000000000002,True
11067221.IV.T1244..HN,11067221,1538,15.38,1527.0,15.27,0.11000000000000121,True
11067221.IV.T1245..HH,11067221,1991,19.91,1967.0,19.67,0.23999999999999844,True
11067221.IV.T1245..HN,11067221,1989,19.89,1988.0,19.88,0.010000000000001563,True
11067221.IV.T1247..HH,11067221,1753,17.53,1774.0,17.740000000000002,0.21000000000000085,True
11067221.IV.T1256..HH,11067221,1671,16.71,1647.0,16.47,0.240000000000002,True
11067221.IV.T1256..HN,11067221,1675,16.75,1682.0,16.82,0.07000000000000028,True
11067221.IV.T1299..EH,11067221,1752,17.52,1071.0,10.71,6.809999999999999,True
11067221.IV.T1299..HN,11067221,1637,16.37,999.0,9.99,6.380000000000001,True
11067221.IV.TOLF..HH,11067221,2048,20.48,2131.0,21.31,0.8299999999999983,True
11067221.IV.VCEL..EH,11067221,2077,20.77,2091.0,20.91,0.14000000000000057,True
1106891.IV.ASSB..HH,1106891,1946,19.46,1963.0,19.63,0.16999999999999815,True
1106891.IV.ATBU..EH,1106891,2050,20.5,2085.0,20.85,0.3500000000000014,True
1106891.IV.ATCC..EH,1106891,2103,21.03,2132.0,21.32,0.28999999999999915,True
1106891.IV.PIEI..HH,1106891,1923,19.23,1964.0,19.64,0.41000000000000014,True
1106891.IV.SNTG..HH,1106891,1918,19.18,1996.0,19.96,0.7800000000000011,True
1106891.IV.SNTG..HN,1106891,1846,18.46,,,,False
11069371.IV.ARRO..EH,11069371,1943,19.43,1043.0,10.43,9.0,True
11069371.IV.ASSB..HH,11069371,2000,20.0,1071.0,10.71,9.29,True
11069371.IV.ATCC..EH,11069371,1942,19.42,1961.0,19.61,0.18999999999999773,True
11069371.IV.ATCC..HN,11069371,1971,19.71,2030.0,20.3,0.5899999999999999,True
11069371.IV.CESI..HH,11069371,1721,17.21,1000.0,10.0,7.210000000000001,True
11069371.IV.LNSS..HH,11069371,1880,18.8,1888.0,18.88,0.0799999999999983,True
11069371.IV.MC2..EH,11069371,1964,19.64,999.0,9.99,9.65,True
11069371.IV.MMO1..HN,11069371,1551,15.51,1558.0,15.58,0.07000000000000028,True
11069371.IV.NRCA..HH,11069371,1671,16.71,999.0,9.99,6.720000000000001,True
11069371.IV.NRCA..HN,11069371,1659,16.59,999.0,9.99,6.6,True
11069371.IV.SNTG..HH,11069371,1860,18.6,1005.0,10.05,8.55,True
11069371.IV.T1215..EH,11069371,2488,24.88,999.0,9.99,14.889999999999999,True
11069371.IV.T1215..HN,11069371,3754,37.54,2547.0,25.47,12.07,True
11069371.IV.T1216..EH,11069371,2746,27.46,1673.0,16.73,10.73,True
11069371.IV.T1216..HN,11069371,2298,22.98,1268.0,12.68,10.3,True
11069371.IV.T1218..EH,11069371,5000,50.0,3355.0,33.55,16.450000000000003,True
11069371.IV.T1218..HN,11069371,2467,24.67,999.0,9.99,14.680000000000001,True
11069371.IV.T1241..HN,11069371,1746,17.46,1837.0,18.37,0.9100000000000001,True
11069371.IV.T1243..HH,11069371,1753,17.53,1856.0,18.56,1.0299999999999976,True
11069371.IV.T1243..HN,11069371,1802,18.02,1880.0,18.8,0.7800000000000011,True
11069371.IV.T1245..HH,11069371,1802,18.02,999.0,9.99,8.03,True
11069371.IV.T1245..HN,11069371,1727,17.27,999.0,9.99,7.279999999999999,True
11069371.IV.T1256..HH,11069371,1786,17.86,999.0,9.99,7.869999999999999,True
11069371.IV.T1256..HN,11069371,1795,17.95,1342.0,13.42,4.529999999999999,True
11070401.IV.ASSB..HH,11070401,2044,20.44,2136.0,21.36,0.9199999999999982,True
11070401.IV.CAMP..HH,11070401,2103,21.03,2132.0,21.32,0.28999999999999915,True
11070401.IV.CESI..HH,11070401,1805,18.05,1820.0,18.2,0.14999999999999858,True
11070401.IV.CSP1..EH,11070401,1637,16.37,1679.0,16.79,0.41999999999999815,True
11070401.IV.EL6..EH,11070401,1625,16.25,1654.0,16.54,0.28999999999999915,True
11070401.IV.GUMA..HH,11070401,1941,19.41,1950.0,19.5,0.08999999999999986,True
11070401.IV.GUMA..HN,11070401,1923,19.23,1931.0,19.31,0.0799999999999983,True
11070401.IV.LNSS..HH,11070401,2037,20.37,2104.0,21.04,0.6699999999999982,True
11070401.IV.MC2..EH,11070401,1528,15.280000000000001,1442.0,14.42,0.8600000000000012,True
11070401.IV.MMO1..EH,11070401,1569,15.69,1575.0,15.75,0.0600000000000005,True
11070401.IV.NRCA..HH,11070401,1857,18.57,1739.0,17.39,1.1799999999999997,True
11070401.IV.NRCA..HN,11070401,1803,18.03,1692.0,16.92,1.1099999999999994,True
11070401.IV.SNTG..HH,11070401,1823,18.23,1862.0,18.62,0.39000000000000057,True
11070401.IV.SNTG..HN,11070401,1828,18.28,2530.0,25.3,7.02,True
11070401.IV.SSFR..HH,11070401,1923,19.23,2005.0,20.05,0.8200000000000003,True
11070401.IV.SSFR..HN,11070401,1951,19.51,3057.0,30.57,11.059999999999999,True
11070401.IV.T1215..EH,11070401,2284,22.84,2292.0,22.92,0.08000000000000185,True
11070401.IV.T1215..HN,11070401,1801,18.01,1824.0,18.240000000000002,0.23000000000000043,True
11070401.IV.T1216..EH,11070401,3868,38.68,1250.0,12.5,26.18,True
11070401.IV.T1216..HN,11070401,1951,19.51,1941.0,19.41,0.10000000000000142,True
11070401.IV.T1218..EH,11070401,5227,52.27,3096.0,30.96,21.310000000000002,True
11070401.IV.T1218..HN,11070401,2440,24.400000000000002,1601.0,16.01,8.39,True
11070401.IV.T1219..EH,11070401,2662,26.62,2739.0,27.39,0.7699999999999996,True
11070401.IV.T1219..HN,11070401,2948,29.48,3003.0,30.03,0.5500000000000007,True
11070401.IV.T1241..EH,11070401,1603,16.03,1612.0,16.12,0.08999999999999986,True
11070401.IV.T1241..HN,11070401,1584,15.84,1644.0,16.44,0.6000000000000014,True
11070401.IV.T1243..HH,11070401,1959,19.59,1976.0,19.76,0.1700000000000017,True
11070401.IV.T1243..HN,11070401,1882,18.82,1910.0,19.1,0.28000000000000114,True
11070401.IV.T1245..HH,11070401,2108,21.080000000000002,2019.0,20.19,0.8900000000000006,True
11070401.IV.T1245..HN,11070401,1992,19.92,1889.0,18.89,1.0300000000000011,True
11070401.IV.T1256..HH,11070401,2036,20.36,2052.0,20.52,0.16000000000000014,True
11070401.IV.T1256..HN,11070401,2109,21.09,2156.0,21.56,0.46999999999999886,True
11070401.IV.TERO..HH,11070401,1614,16.14,1628.0,16.28,0.14000000000000057,True
11070401.IV.TERO..HN,11070401,1907,19.07,1921.0,19.21,0.14000000000000057,True
1107051.IV.CAR1..HH,1107051,1701,17.01,1720.0,17.2,0.18999999999999773,True
1107051.IV.CAR1..HN,1107051,1762,17.62,,,,False
1107051.MN.CEL..HH,1107051,1787,17.87,,,,False
1107051.MN.CEL..HL,1107051,1712,17.12,1721.0,17.21,0.08999999999999986,True
1107051.IV.JOPP..HH,1107051,2003,20.03,2007.0,20.07,0.03999999999999915,True
1107051.IV.JOPP..HN,1107051,1946,19.46,1955.0,19.55,0.08999999999999986,True
1107051.IV.MCSR..HH,1107051,2131,21.31,2156.0,21.56,0.25,True
1107051.IV.MPAZ..HH,1107051,1942,19.42,,,,False
1107051.IV.MPNC..HH,1107051,1953,19.53,1058.0,10.58,8.950000000000001,True
1107051.IV.MSCL..HH,1107051,1939,19.39,1968.0,19.68,0.28999999999999915,True
1107051.IV.MSRU..HH,1107051,1946,19.46,1955.0,19.55,0.08999999999999986,True
1107051.IV.MTTG..HH,1107051,1809,18.09,1649.0,16.490000000000002,1.5999999999999979,True
1107051.IV.PLAC..HH,1107051,1768,17.68,1754.0,17.54,0.14000000000000057,True
1107051.IV.SOI..EH,1107051,2187,21.87,2193.0,21.93,0.05999999999999872,True
1107071.IV.ATVO..HH,1107071,1991,19.91,2053.0,20.53,0.620000000000001,True
1107071.IV.BDI..HH,1107071,1812,18.12,1570.0,15.700000000000001,2.42,True
1107071.IV.BDI..HN,1107071,1930,19.3,1699.0,16.990000000000002,2.3099999999999987,True
1107071.NI.CGRP..HH,1107071,1701,17.01,1713.0,17.13,0.11999999999999744,True
1107071.IV.CRE..HH,1107071,1914,19.14,1242.0,12.42,6.720000000000001,True
1107071.IV.CSNT..HH,1107071,1996,19.96,2025.0,20.25,0.28999999999999915,True
1107071.IV.CTI..HH,1107071,1877,18.77,1896.0,18.96,0.19000000000000128,True
1107071.IV.FIU..EH,1107071,1643,16.43,1620.0,16.2,0.23000000000000043,True
1107071.IV.MABI..HH,1107071,1907,19.07,2003.0,20.03,0.9600000000000009,True
1107071.IV.MAGA..HH,1107071,1659,16.59,1687.0,16.87,0.28000000000000114,True
1107071.IV.MSSA..HH,1107071,1771,17.71,1755.0,17.55,0.16000000000000014,True
1107071.IV.MTRZ..HH,1107071,2018,20.18,2067.0,20.67,0.490000000000002,True
1107071.IV.MTRZ..HN,1107071,2036,20.36,2003.0,20.03,0.3299999999999983,True
1107071.IV.PARC..HH,1107071,1664,16.64,1705.0,17.05,0.41000000000000014,True
1107071.IV.PIEI..HH,1107071,1898,18.98,1933.0,19.330000000000002,0.3500000000000014,True
1107071.IV.RAVA..EH,1107071,1769,17.69,1795.0,17.95,0.259999999999998,True
1107071.IV.ROVR..HH,1107071,1876,18.76,1876.0,18.76,0.0,True
1107071.IV.SALO..HH,1107071,1917,19.17,1939.0,19.39,0.21999999999999886,True
1107071.IV.SERM..EH,1107071,1852,18.52,1957.0,19.57,1.0500000000000007,True
1107071.IV.SERM..HN,1107071,1830,18.3,1969.0,19.69,1.3900000000000006,True
1107071.IV.SFI..EH,1107071,2039,20.39,2056.0,20.56,0.16999999999999815,True
1107071.IV.SFI..HN,1107071,1977,19.77,2160.0,21.6,1.8300000000000018,True
1107071.IV.T0800..HH,1107071,1925,19.25,1935.0,19.35,0.10000000000000142,True
1107071.IV.T0800..HN,1107071,1911,19.11,1916.0,19.16,0.05000000000000071,True
1107071.IV.T0802..HN,1107071,1782,17.82,1025.0,10.25,7.57,True
1107071.IV.T0803..HN,1107071,1873,18.73,1841.0,18.41,0.3200000000000003,True
1107071.IV.T0821..EH,1107071,2039,20.39,2047.0,20.47,0.0799999999999983,True
1107071.IV.T0821..HN,1107071,2236,22.36,2247.0,22.47,0.10999999999999943,True
1107071.IV.T0822..EH,1107071,1750,17.5,1747.0,17.47,0.030000000000001137,True
1107071.IV.TEOL..HH,1107071,1795,17.95,1791.0,17.91,0.03999999999999915,True
1107071.MN.VLC..HH,1107071,1748,17.48,1831.0,18.31,0.8299999999999983,True
1107071.MN.VLC..HN,1107071,1744,17.44,1999.0,19.990000000000002,2.5500000000000007,True
1107071.IV.ZCCA..HH,1107071,1721,17.21,1798.0,17.98,0.7699999999999996,True
1107071.IV.ZCCA..HN,1107071,1751,17.51,11069.0,110.69,93.17999999999999,True
11070741.IV.ARVD..HH,11070741,1953,19.53,1941.0,19.41,0.120000000000001,True
11070741.IV.CESI..HH,11070741,1764,17.64,999.0,9.99,7.65,True
11070741.IV.CING..HH,11070741,1757,17.57,1505.0,15.05,2.5199999999999996,True
11070741.IV.CSP1..EH,11070741,2078,20.78,999.0,9.99,10.790000000000001,True
11070741.IV.FEMA..HN,11070741,1605,16.05,1727.0,17.27,1.2199999999999989,True
11070741.IV.FOSV..EH,11070741,1639,16.39,1406.0,14.06,2.33,True
11070741.IV.FOSV..HN,11070741,1590,15.9,1670.0,16.7,0.7999999999999989,True
11070741.IV.FRON..EH,11070741,1673,16.73,1677.0,16.77,0.03999999999999915,True
11070741.IV.GUMA..HH,11070741,2001,20.01,1152.0,11.52,8.490000000000002,True
11070741.IV.GUMA..HN,11070741,1909,19.09,1969.0,19.69,0.6000000000000014,True
11070741.IV.MC2..EH,11070741,1907,19.07,2255.0,22.55,3.4800000000000004,True
11070741.IV.MDAR..HN,11070741,1711,17.11,1198.0,11.98,5.129999999999999,True
11070741.IV.MMO1..HN,11070741,1607,16.07,2131.0,21.31,5.239999999999998,True
11070741.IV.MMUR..HN,11070741,1711,17.11,1723.0,17.23,0.120000000000001,True
11070741.IV.NRCA..HH,11070741,1685,16.85,2127.0,21.27,4.419999999999998,True
11070741.IV.NRCA..HN,11070741,1698,16.98,2164.0,21.64,4.66,True
11070741.IV.PIEI..HH,11070741,1828,18.28,1101.0,11.01,7.270000000000001,True
11070741.IV.PIEI..HN,11070741,1995,19.95,3140.0,31.400000000000002,11.450000000000003,True
11070741.IV.SEF1..HN,11070741,1590,15.9,1635.0,16.35,0.45000000000000107,True
11070741.IV.SNTG..HH,11070741,2049,20.490000000000002,1654.0,16.54,3.950000000000003,True
11070741.IV.SNTG..HN,11070741,1978,19.78,1603.0,16.03,3.75,True
11070741.IV.SSFR..HH,11070741,2045,20.45,1126.0,11.26,9.19,True
11070741.IV.SSFR..HN,11070741,1696,16.96,1676.0,16.76,0.1999999999999993,True
11070741.IV.T1215..EH,11070741,4599,45.99,1432.0,14.32,31.67,True
11070741.IV.T1215..HN,11070741,3160,31.6,1784.0,17.84,13.760000000000002,True
11070741.IV.T1216..EH,11070741,2757,27.57,1348.0,13.48,14.09,True
11070741.IV.T1216..HN,11070741,3443,34.43,2042.0,20.42,14.009999999999998,True
11070741.IV.T1219..EH,11070741,1973,19.73,999.0,9.99,9.74,True
11070741.IV.T1219..HN,11070741,6371,63.71,5303.0,53.03,10.68,True
11070741.IV.T1241..HN,11070741,2073,20.73,999.0,9.99,10.74,True
11070741.IV.T1243..HH,11070741,1805,18.05,999.0,9.99,8.06,True
11070741.IV.T1243..HN,11070741,1639,16.39,2482.0,24.82,8.43,True
11070741.IV.T1245..HH,11070741,1969,19.69,2422.0,24.22,4.529999999999998,True
11070741.IV.T1245..HN,11070741,1955,19.55,2131.0,21.31,1.759999999999998,True
11070741.IV.T1256..HH,11070741,1744,17.44,1787.0,17.87,0.4299999999999997,True
11070741.IV.T1256..HN,11070741,1534,15.34,1606.0,16.06,0.7199999999999989,True
11071881.MN.AQU..HH,11071881,1578,15.780000000000001,1898.0,18.98,3.1999999999999993,True
11071881.MN.AQU..HL,11071881,1557,15.57,1949.0,19.490000000000002,3.9200000000000017,True
11071881.IV.CAMP..HH,11071881,1828,18.28,1823.0,18.23,0.05000000000000071,True
11071881.IV.FIAM..HH,11071881,1909,19.09,1923.0,19.23,0.14000000000000057,True
11071881.IV.FIAM..HN,11071881,2005,20.05,2025.0,20.25,0.1999999999999993,True
11071881.IV.GIGS..HH,11071881,2044,20.44,2112.0,21.12,0.6799999999999997,True
11071881.IV.LNSS..HH,11071881,2092,20.92,2106.0,21.06,0.13999999999999702,True
11071881.IV.MMO1..EH,11071881,1952,19.52,1032.0,10.32,9.2,True
11071881.IV.MMO1..HN,11071881,1926,19.26,,,,False
11071881.IV.NRCA..HH,11071881,1814,18.14,999.0,9.99,8.15,True
11071881.IV.NRCA..HN,11071881,1826,18.26,999.0,9.99,8.270000000000001,True
11071881.IV.RM33..EH,11071881,1903,19.03,1903.0,19.03,0.0,True
11071881.IV.RM33..HN,11071881,1703,17.03,1705.0,17.05,0.019999999999999574,True
11071881.IV.T0110..HH,11071881,1628,16.28,999.0,9.99,6.290000000000001,True
11071881.IV.T1215..EH,11071881,3332,33.32,1728.0,17.28,16.04,True
11071881.IV.T1215..HN,11071881,2740,27.400000000000002,2827.0,28.27,0.8699999999999974,True
11071881.IV.T1216..EH,11071881,2129,21.29,1286.0,12.86,8.43,True
11071881.IV.T1216..HN,11071881,3545,35.45,3657.0,36.57,1.1199999999999974,True
11071881.IV.T1218..EH,11071881,2837,28.37,1202.0,12.02,16.35,True
11071881.IV.T1218..HN,11071881,2932,29.32,1324.0,13.24,16.08,True
11071881.IV.T1241..EH,11071881,1587,15.870000000000001,1609.0,16.09,0.21999999999999886,True
11071881.IV.T1243..HH,11071881,2201,22.01,999.0,9.99,12.020000000000001,True
11071881.IV.T1243..HN,11071881,1955,19.55,1964.0,19.64,0.08999999999999986,True
11071881.IV.T1247..HH,11071881,1565,15.65,1568.0,15.68,0.02999999999999936,True
11071881.IV.T1256..HH,11071881,1678,16.78,999.0,9.99,6.790000000000001,True
11071881.IV.T1256..HN,11071881,1643,16.43,2580.0,25.8,9.370000000000001,True
11071881.IV.TERO..HH,11071881,2018,20.18,2050.0,20.5,0.3200000000000003,True
11071881.IV.TERO..HN,11071881,2206,22.06,2243.0,22.43,0.370000000000001,True
11072091.IV.CAMP..HH,11072091,1785,17.85,1786.0,17.86,0.00999999999999801,True
11072091.IV.GIGS..HH,11072091,1761,17.61,1768.0,17.68,0.07000000000000028,True
11072091.IV.LNSS..HH,11072091,1811,18.11,1808.0,18.080000000000002,0.029999999999997584,True
11072091.IV.MMO1..EH,11072091,1825,18.25,1882.0,18.82,0.5700000000000003,True
11072091.IV.MMO1..HN,11072091,1826,18.26,,,,False
11072091.IV.NRCA..HH,11072091,1816,18.16,1925.0,19.25,1.0899999999999999,True
11072091.IV.NRCA..HN,11072091,1850,18.5,2329.0,23.29,4.789999999999999,True
11072091.IV.RM33..EH,11072091,1775,17.75,999.0,9.99,7.76,True
11072091.IV.RM33..HN,11072091,1596,15.96,1596.0,15.96,0.0,True
11072091.IV.SMA1..EH,11072091,2092,20.92,2083.0,20.830000000000002,0.08999999999999986,True
11072091.IV.T1215..EH,11072091,3807,38.07,2632.0,26.32,11.75,True
11072091.IV.T1215..HN,11072091,3845,38.45,4491.0,44.910000000000004,6.460000000000001,True
11072091.IV.T1218..EH,11072091,3725,37.25,2747.0,27.47,9.780000000000001,True
11072091.IV.T1218..HN,11072091,3297,32.97,3337.0,33.37,0.3999999999999986,True
11072091.IV.T1219..EH,11072091,1762,17.62,1824.0,18.240000000000002,0.620000000000001,True
11072091.IV.T1219..HN,11072091,1903,19.03,1990.0,19.900000000000002,0.870000000000001,True
11072091.IV.T1243..HH,11072091,2010,20.1,2011.0,20.11,0.00999999999999801,True
11072091.IV.T1243..HN,11072091,2070,20.7,2078.0,20.78,0.08000000000000185,True
11072091.IV.T1246..HH,11072091,1648,16.48,1643.0,16.43,0.05000000000000071,True
11072091.IV.T1247..HH,11072091,1960,19.6,2059.0,20.59,0.9899999999999984,True
11072091.IV.T1299..EH,11072091,1953,19.53,1969.0,19.69,0.16000000000000014,True
11072091.IV.T1299..HN,11072091,1886,18.86,1913.0,19.13,0.2699999999999996,True
11072091.IV.TERO..HH,11072091,1680,16.8,1683.0,16.830000000000002,0.030000000000001137,True
11072091.IV.TERO..HN,11072091,1675,16.75,1681.0,16.81,0.05999999999999872,True
11072441.IV.CAMP..HH,11072441,1771,17.71,1772.0,17.72,0.00999999999999801,True
11072441.IV.LNSS..HH,11072441,1625,16.25,1627.0,16.27,0.019999999999999574,True
11072441.IV.NRCA..HH,11072441,1568,15.68,1570.0,15.700000000000001,0.02000000000000135,True
11072441.IV.NRCA..HN,11072441,1673,16.73,1684.0,16.84,0.10999999999999943,True
11072441.IV.RM33..EH,11072441,1820,18.2,1822.0,18.22,0.019999999999999574,True
11072441.IV.RM33..HN,11072441,1803,18.03,1896.0,18.96,0.9299999999999997,True
11072441.IV.SMA1..EH,11072441,2115,21.150000000000002,2119.0,21.19,0.03999999999999915,True
11072441.IV.T1218..EH,11072441,3604,36.04,2544.0,25.44,10.599999999999998,True
11072441.IV.T1218..HN,11072441,4789,47.89,3389.0,33.89,14.0,True
11072441.IV.T1241..HN,11072441,1723,17.23,1756.0,17.56,0.3299999999999983,True
11072441.IV.T1243..HH,11072441,1873,18.73,1874.0,18.740000000000002,0.010000000000001563,True
11072441.IV.T1243..HN,11072441,1878,18.78,1884.0,18.84,0.05999999999999872,True
11072441.IV.T1245..HN,11072441,1557,15.57,1563.0,15.63,0.0600000000000005,True
11072811.IV.ASSB..HH,11072811,1889,18.89,999.0,9.99,8.9,True
11072811.IV.CAMP..HH,11072811,1823,18.23,1830.0,18.3,0.07000000000000028,True
11072811.IV.EL6..EH,11072811,1891,18.91,1007.0,10.07,8.84,True
11072811.IV.FEMA..HN,11072811,1907,19.07,1926.0,19.26,0.19000000000000128,True
11072811.IV.FIAM..HH,11072811,1912,19.12,1425.0,14.25,4.870000000000001,True
11072811.IV.FIAM..HN,11072811,2268,22.68,2291.0,22.91,0.23000000000000043,True
11072811.IV.FOSV..EH,11072811,1657,16.57,1675.0,16.75,0.17999999999999972,True
11072811.IV.FOSV..HN,11072811,1618,16.18,1639.0,16.39,0.21000000000000085,True
11072811.IV.FRON..EH,11072811,2007,20.07,2015.0,20.150000000000002,0.08000000000000185,True
11072811.IV.GIGS..HH,11072811,1684,16.84,1696.0,16.96,0.120000000000001,True
11072811.IV.GUMA..HH,11072811,1814,18.14,1823.0,18.23,0.08999999999999986,True
11072811.IV.GUMA..HN,11072811,1855,18.55,1863.0,18.63,0.0799999999999983,True
11072811.IV.MMO1..EH,11072811,1540,15.4,1546.0,15.46,0.0600000000000005,True
11072811.IV.MMO1..HN,11072811,1540,15.4,1547.0,15.47,0.07000000000000028,True
11072811.IV.MPAG..EH,11072811,1930,19.3,1923.0,19.23,0.07000000000000028,True
11072811.IV.MPAG..HN,11072811,1930,19.3,2184.0,21.84,2.539999999999999,True
11072811.IV.NRCA..HH,11072811,1837,18.37,1838.0,18.38,0.00999999999999801,True
11072811.IV.NRCA..HN,11072811,1848,18.48,1849.0,18.490000000000002,0.010000000000001563,True
11072811.IV.PIEI..HH,11072811,1928,19.28,1952.0,19.52,0.23999999999999844,True
11072811.IV.PIEI..HN,11072811,2011,20.11,3433.0,34.33,14.219999999999999,True
11072811.IV.RM33..EH,11072811,1752,17.52,1756.0,17.56,0.03999999999999915,True
11072811.IV.RM33..HN,11072811,1618,16.18,1628.0,16.28,0.10000000000000142,True
11072811.IV.SMA1..EH,11072811,2157,21.57,2166.0,21.66,0.08999999999999986,True
11072811.IV.SNTG..HH,11072811,1717,17.17,1725.0,17.25,0.0799999999999983,True
11072811.IV.SNTG..HN,11072811,1682,16.82,1703.0,17.03,0.21000000000000085,True
11072811.IV.SSFR..HH,11072811,1794,17.94,1146.0,11.46,6.48,True
11072811.IV.SSFR..HN,11072811,1792,17.92,1852.0,18.52,0.5999999999999979,True
11072811.IV.T1215..EH,11072811,2434,24.34,999.0,9.99,14.35,True
11072811.IV.T1215..HN,11072811,1632,16.32,1651.0,16.51,0.19000000000000128,True
11072811.IV.T1216..EH,11072811,3334,33.34,1273.0,12.73,20.610000000000003,True
11072811.IV.T1216..HN,11072811,3328,33.28,1335.0,13.35,19.93,True
11072811.IV.T1218..EH,11072811,1751,17.51,1754.0,17.54,0.029999999999997584,True
11072811.IV.T1218..HN,11072811,2002,20.02,2004.0,20.04,0.019999999999999574,True
11072811.IV.T1219..EH,11072811,3306,33.06,1374.0,13.74,19.32,True
11072811.IV.T1219..HN,11072811,2142,21.42,2157.0,21.57,0.14999999999999858,True
11072811.IV.T1243..HH,11072811,1771,17.71,1773.0,17.73,0.019999999999999574,True
11072811.IV.T1243..HN,11072811,1686,16.86,1688.0,16.88,0.019999999999999574,True
11072811.IV.T1245..HH,11072811,1909,19.09,1903.0,19.03,0.05999999999999872,True
11072811.IV.T1245..HN,11072811,1900,19.0,1899.0,18.990000000000002,0.00999999999999801,True
11072811.IV.T1246..HH,11072811,1821,18.21,1824.0,18.240000000000002,0.030000000000001137,True
11072811.IV.T1299..EH,11072811,2017,20.17,2022.0,20.22,0.04999999999999716,True
11072811.IV.T1299..HN,11072811,1964,19.64,1972.0,19.72,0.0799999999999983,True
11072811.IV.TERO..HH,11072811,1889,18.89,1889.0,18.89,0.0,True
11072811.IV.TERO..HN,11072811,1760,17.6,1758.0,17.580000000000002,0.019999999999999574,True
1107401.IV.ATCC..EH,1107401,1939,19.39,1943.0,19.43,0.03999999999999915,True
1107401.IV.CESI..HH,1107401,1986,19.86,1991.0,19.91,0.05000000000000071,True
1107401.IV.EL6..EH,1107401,1851,18.51,1898.0,18.98,0.46999999999999886,True
1107401.IV.FDMO..HH,1107401,1775,17.75,1792.0,17.92,0.1700000000000017,True
1107401.IV.SNTG..HH,1107401,1766,17.66,1773.0,17.73,0.07000000000000028,True
1107401.IV.SNTG..HN,1107401,1786,17.86,,,,False
11074721.IV.ARRO..EH,11074721,2051,20.51,2066.0,20.66,0.14999999999999858,True
11074721.IV.CERT..HH,11074721,1887,18.87,1967.0,19.67,0.8000000000000007,True
11074721.IV.CESX..HH,11074721,1531,15.31,1153.0,11.53,3.780000000000001,True
11074721.IV.CSP1..EH,11074721,2182,21.82,2203.0,22.03,0.21000000000000085,True
11074721.IV.FDMO..HH,11074721,1989,19.89,1810.0,18.1,1.7899999999999991,True
11074721.IV.FIAM..HH,11074721,1911,19.11,1133.0,11.33,7.779999999999999,True
11074721.IV.FIAM..HN,11074721,2171,21.71,2194.0,21.94,0.23000000000000043,True
11074721.IV.GIGS..HH,11074721,1823,18.23,1819.0,18.19,0.03999999999999915,True
11074721.IV.GUMA..HH,11074721,1655,16.55,1680.0,16.8,0.25,True
11074721.IV.GUMA..HN,11074721,1696,16.96,1751.0,17.51,0.5500000000000007,True
11074721.IV.INTR..HH,11074721,2102,21.02,2133.0,21.330000000000002,0.3100000000000023,True
11074721.IV.INTR..HN,11074721,1957,19.57,3112.0,31.12,11.55,True
11074721.IV.LNSS..HH,11074721,1848,18.48,1802.0,18.02,0.46000000000000085,True
11074721.IV.NRCA..HH,11074721,1757,17.57,1767.0,17.67,0.10000000000000142,True
11074721.IV.NRCA..HN,11074721,1744,17.44,1764.0,17.64,0.1999999999999993,True
11074721.IV.OFFI..HH,11074721,1664,16.64,1699.0,16.990000000000002,0.3500000000000014,True
11074721.IV.RM33..EH,11074721,2135,21.35,2106.0,21.06,0.2900000000000027,True
11074721.IV.RM33..HN,11074721,2027,20.27,2019.0,20.19,0.0799999999999983,True
11074721.IV.SMA1..EH,11074721,1951,19.51,1770.0,17.7,1.8100000000000023,True
11074721.IV.T0110..HH,11074721,1894,18.94,1909.0,19.09,0.14999999999999858,True
11074721.IV.T1215..EH,11074721,2563,25.63,1885.0,18.85,6.779999999999998,True
11074721.IV.T1215..HN,11074721,3293,32.93,3311.0,33.11,0.17999999999999972,True
11074721.IV.T1218..EH,11074721,2500,25.0,2488.0,24.88,0.120000000000001,True
11074721.IV.T1218..HN,11074721,4368,43.68,4370.0,43.7,0.020000000000003126,True
11074721.IV.T1241..EH,11074721,1834,18.34,1841.0,18.41,0.07000000000000028,True
11074721.IV.T1241..HN,11074721,1978,19.78,2019.0,20.19,0.41000000000000014,True
11074721.IV.T1243..HH,11074721,1630,16.3,1605.0,16.05,0.25,True
11074721.IV.T1245..HH,11074721,1796,17.96,1808.0,18.080000000000002,0.120000000000001,True
11074721.IV.T1245..HN,11074721,1648,16.48,1863.0,18.63,2.1499999999999986,True
11074721.IV.T1247..HH,11074721,1844,18.44,1853.0,18.53,0.08999999999999986,True
11074721.IV.T1256..HH,11074721,1778,17.78,1820.0,18.2,0.41999999999999815,True
11074721.IV.T1256..HN,11074721,1744,17.44,2611.0,26.11,8.669999999999998,True
11074721.IV.TERO..HH,11074721,2147,21.47,2109.0,21.09,0.379999999999999,True
11074721.IV.TERO..HN,11074721,2101,21.01,2096.0,20.96,0.05000000000000071,True
11074721.IV.VCEL..EH,11074721,1762,17.62,1786.0,17.86,0.23999999999999844,True
11075851.IV.CSP1..EH,11075851,1719,17.19,1720.0,17.2,0.00999999999999801,True
11075851.IV.FDMO..HH,11075851,1770,17.7,1705.0,17.05,0.6499999999999986,True
11075851.IV.T1219..EH,11075851,2431,24.310000000000002,2346.0,23.46,0.8500000000000014,True
11075851.IV.T1219..HN,11075851,2726,27.26,2659.0,26.59,0.6700000000000017,True
11075851.IV.T1256..HH,11075851,1664,16.64,1717.0,17.17,0.5300000000000011,True
11075851.IV.T1256..HN,11075851,1693,16.93,2013.0,20.13,3.1999999999999993,True
11076371.IV.CAMP..HH,11076371,2068,20.68,2047.0,20.47,0.21000000000000085,True
11076371.IV.LNSS..HH,11076371,1832,18.32,1804.0,18.04,0.28000000000000114,True
11076371.IV.MC2..EH,11076371,2026,20.26,1627.0,16.27,3.990000000000002,True
11076371.IV.MMO1..EH,11076371,1696,16.96,1320.0,13.200000000000001,3.76,True
11076371.IV.MMO1..HN,11076371,1667,16.67,,,,False
11076371.IV.NRCA..HH,11076371,1826,18.26,1703.0,17.03,1.2300000000000004,True
11076371.IV.NRCA..HN,11076371,1802,18.02,1708.0,17.080000000000002,0.9399999999999977,True
11076371.IV.RM33..EH,11076371,1592,15.92,999.0,9.99,5.93,True
11076371.IV.RM33..HN,11076371,1532,15.32,1532.0,15.32,0.0,True
11076371.IV.SMA1..EH,11076371,1961,19.61,1932.0,19.32,0.28999999999999915,True
11076371.IV.T1216..EH,11076371,1886,18.86,1962.0,19.62,0.7600000000000016,True
11076371.IV.T1216..HN,11076371,2145,21.45,2217.0,22.17,0.7200000000000024,True
11076371.IV.T1218..EH,11076371,4239,42.39,1214.0,12.14,30.25,True
11076371.IV.T1218..HN,11076371,3279,32.79,3279.0,32.79,0.0,True
11076371.IV.T1243..HH,11076371,1547,15.47,1536.0,15.36,0.11000000000000121,True
11076371.IV.T1243..HN,11076371,1510,15.1,1510.0,15.1,0.0,True
11076371.IV.T1245..HH,11076371,1991,19.91,1749.0,17.490000000000002,2.419999999999998,True
11076371.IV.T1245..HN,11076371,2002,20.02,2191.0,21.91,1.8900000000000006,True
11076371.IV.T1256..HH,11076371,1662,16.62,1660.0,16.6,0.019999999999999574,True
11076371.IV.T1256..HN,11076371,1764,17.64,2563.0,25.63,7.989999999999998,True
11076371.IV.TERO..HH,11076371,1927,19.27,1918.0,19.18,0.08999999999999986,True
11076371.IV.TERO..HN,11076371,2175,21.75,2178.0,21.78,0.030000000000001137,True
11076521.IV.ARRO..EH,11076521,1750,17.5,1777.0,17.77,0.2699999999999996,True
11076521.IV.CAMP..HH,11076521,2039,20.39,2031.0,20.31,0.08000000000000185,True
11076521.IV.CSP1..EH,11076521,2115,21.150000000000002,1099.0,10.99,10.160000000000002,True
11076521.IV.EL6..EH,11076521,1937,19.37,1467.0,14.67,4.700000000000001,True
11076521.IV.FAGN..HH,11076521,1653,16.53,1686.0,16.86,0.3299999999999983,True
11076521.IV.FDMO..HH,11076521,1682,16.82,1760.0,17.6,0.7800000000000011,True
11076521.IV.GIGS..HH,11076521,1646,16.46,1649.0,16.490000000000002,0.030000000000001137,True
11076521.IV.GUMA..HH,11076521,1791,17.91,1803.0,18.03,0.120000000000001,True
11076521.IV.GUMA..HN,11076521,1768,17.68,1792.0,17.92,0.240000000000002,True
11076521.IV.LNSS..HH,11076521,2144,21.44,2119.0,21.19,0.25,True
11076521.IV.MC2..EH,11076521,1545,15.450000000000001,999.0,9.99,5.460000000000001,True
11076521.IV.MMO1..EH,11076521,1609,16.09,1347.0,13.47,2.619999999999999,True
11076521.IV.MMO1..HN,11076521,1587,15.870000000000001,,,,False
11076521.IV.NRCA..HH,11076521,1778,17.78,1043.0,10.43,7.350000000000001,True
11076521.IV.NRCA..HN,11076521,1927,19.27,1231.0,12.31,6.959999999999999,True
11076521.IV.RM33..EH,11076521,1964,19.64,1956.0,19.56,0.08000000000000185,True
11076521.IV.RM33..HN,11076521,2025,20.25,2026.0,20.26,0.010000000000001563,True
11076521.IV.SMA1..EH,11076521,1867,18.67,1849.0,18.490000000000002,0.17999999999999972,True
11076521.IV.T0110..HH,11076521,1923,19.23,1964.0,19.64,0.41000000000000014,True
11076521.IV.T1215..EH,11076521,1866,18.66,1531.0,15.31,3.3499999999999996,True
11076521.IV.T1215..HN,11076521,4014,40.14,4046.0,40.46,0.3200000000000003,True
11076521.IV.T1216..EH,11076521,2311,23.11,1538.0,15.38,7.729999999999999,True
11076521.IV.T1216..HN,11076521,2654,26.54,1923.0,19.23,7.309999999999999,True
11076521.IV.T1218..EH,11076521,2449,24.490000000000002,2449.0,24.490000000000002,0.0,True
11076521.IV.T1218..HN,11076521,2410,24.1,2411.0,24.11,0.00999999999999801,True
11076521.IV.T1219..EH,11076521,2108,21.080000000000002,1113.0,11.13,9.950000000000001,True
11076521.IV.T1219..HN,11076521,2506,25.060000000000002,1512.0,15.120000000000001,9.940000000000001,True
11076521.IV.T1241..HN,11076521,1936,19.36,2072.0,20.72,1.3599999999999994,True
11076521.IV.T1243..HH,11076521,1755,17.55,1736.0,17.36,0.19000000000000128,True
11076521.IV.T1243..HN,11076521,1719,17.19,1720.0,17.2,0.00999999999999801,True
11076521.IV.T1245..HH,11076521,2011,20.11,1377.0,13.77,6.34,True
11076521.IV.T1245..HN,11076521,1926,19.26,2408.0,24.080000000000002,4.82,True
11076521.IV.T1247..HH,11076521,1759,17.59,1870.0,18.7,1.1099999999999994,True
11076521.IV.T1256..HH,11076521,1603,16.03,1681.0,16.81,0.7799999999999976,True
11076521.IV.T1256..HN,11076521,1612,16.12,2398.0,23.98,7.859999999999999,True
11076521.IV.VCEL..EH,11076521,2174,21.740000000000002,2204.0,22.04,0.29999999999999716,True
1107801.IV.HLNI..HH,1107801,1862,18.62,1875.0,18.75,0.129999999999999,True
1107801.IV.JOPP..HH,1107801,1914,19.14,1918.0,19.18,0.03999999999999915,True
1107801.IV.JOPP..HN,1107801,1851,18.51,1919.0,19.19,0.6799999999999997,True
1107801.IV.MPNC..HH,1107801,1946,19.46,2224.0,22.240000000000002,2.780000000000001,True
1107801.IV.MSCL..HH,1107801,1530,15.3,1537.0,15.370000000000001,0.07000000000000028,True
1107801.IV.MSRU..HH,1107801,2130,21.3,2148.0,21.48,0.17999999999999972,True
1107801.IV.PLAC..HH,1107801,1750,17.5,1727.0,17.27,0.23000000000000043,True
1107801.IV.SOI..EH,1107801,1830,18.3,1832.0,18.32,0.019999999999999574,True
1107901.IV.CTI..HH,1107901,2105,21.05,2140.0,21.400000000000002,0.3500000000000014,True
1107901.IV.MODE..HN,1107901,1662,16.62,1700.0,17.0,0.379999999999999,True
1107901.IV.NOVE..EH,1107901,1676,16.76,1685.0,16.85,0.08999999999999986,True
1107901.IV.RAVA..EH,1107901,1946,19.46,2000.0,20.0,0.5399999999999991,True
1107901.IV.ROVR..HH,1107901,1820,18.2,1826.0,18.26,0.060000000000002274,True
1107901.IV.SALO..HH,1107901,1920,19.2,1932.0,19.32,0.120000000000001,True
1107901.IV.SBPO..HH,1107901,1607,16.07,1672.0,16.72,0.6499999999999986,True
1107901.IV.T0800..HH,1107901,1696,16.96,1715.0,17.150000000000002,0.19000000000000128,True
1107901.IV.T0800..HN,1107901,2080,20.8,1278.0,12.780000000000001,8.02,True
1107901.IV.T0802..HN,1107901,1857,18.57,1859.0,18.59,0.019999999999999574,True
1107901.IV.T0805..HN,1107901,1771,17.71,1299.0,12.99,4.720000000000001,True
1107901.IV.T0819..EH,1107901,2037,20.37,1028.0,10.28,10.090000000000002,True
1107901.IV.T0819..HN,1107901,2016,20.16,2014.0,20.14,0.019999999999999574,True
1107901.IV.T0822..EH,1107901,1732,17.32,1758.0,17.580000000000002,0.26000000000000156,True
1107901.IV.T0825..EH,1107901,1689,16.89,1698.0,16.98,0.08999999999999986,True
11079291.IV.CESI..HH,11079291,1896,18.96,1911.0,19.11,0.14999999999999858,True
11079291.IV.LNSS..HH,11079291,1816,18.16,1825.0,18.25,0.08999999999999986,True
11079291.IV.MMO1..EH,11079291,1662,16.62,1666.0,16.66,0.03999999999999915,True
11079291.IV.MMO1..HN,11079291,1528,15.280000000000001,,,,False
11079291.IV.NRCA..HH,11079291,1809,18.09,1802.0,18.02,0.07000000000000028,True
11079291.IV.NRCA..HN,11079291,1793,17.93,1790.0,17.900000000000002,0.029999999999997584,True
11079291.IV.SMA1..EH,11079291,1761,17.61,1372.0,13.72,3.889999999999999,True
11079291.IV.T1215..EH,11079291,4132,41.32,4134.0,41.34,0.020000000000003126,True
11079291.IV.T1215..HN,11079291,3903,39.03,3918.0,39.18,0.14999999999999858,True
11079291.IV.T1216..EH,11079291,3665,36.65,3671.0,36.71,0.060000000000002274,True
11079291.IV.T1216..HN,11079291,2136,21.36,2155.0,21.55,0.19000000000000128,True
11079291.IV.T1218..EH,11079291,2082,20.82,1083.0,10.83,9.99,True
11079291.IV.T1218..HN,11079291,2531,25.310000000000002,2605.0,26.05,0.7399999999999984,True
11079291.IV.T1241..EH,11079291,2059,20.59,2074.0,20.740000000000002,0.15000000000000213,True
11079291.IV.T1241..HN,11079291,1973,19.73,2425.0,24.25,4.52,True
11079291.IV.T1243..HH,11079291,1995,19.95,2019.0,20.19,0.240000000000002,True
11079291.IV.T1243..HN,11079291,1916,19.16,2377.0,23.77,4.609999999999999,True
11079291.IV.T1245..HH,11079291,1809,18.09,1802.0,18.02,0.07000000000000028,True
11079291.IV.T1245..HN,11079291,1703,17.03,1710.0,17.1,0.07000000000000028,True
11079291.IV.T1256..HH,11079291,1893,18.93,1093.0,10.93,8.0,True
11079291.IV.T1256..HN,11079291,1848,18.48,,,,False
1107931.IV.CTI..HH,1107931,2020,20.2,2030.0,20.3,0.10000000000000142,True
1107931.IV.NOVE..EH,1107931,1961,19.61,1963.0,19.63,0.019999999999999574,True
1107931.IV.RAVA..EH,1107931,2130,21.3,2188.0,21.88,0.5799999999999983,True
1107931.IV.SALO..HH,1107931,2259,22.59,2315.0,23.150000000000002,0.5600000000000023,True
1107931.IV.SBPO..HH,1107931,1866,18.66,2037.0,20.37,1.7100000000000009,True
1107931.IV.T0800..HH,1107931,1996,19.96,2026.0,20.26,0.3000000000000007,True
1107931.IV.T0800..HN,1107931,2247,22.47,2268.0,22.68,0.21000000000000085,True
1107931.IV.T0802..HN,1107931,1894,18.94,1415.0,14.15,4.790000000000001,True
1107931.IV.T0819..EH,1107931,1812,18.12,1807.0,18.07,0.05000000000000071,True
1107931.IV.T0819..HN,1107931,1648,16.48,1643.0,16.43,0.05000000000000071,True
1107931.IV.T0825..EH,1107931,1952,19.52,1952.0,19.52,0.0,True
11079441.IV.CAMP..HH,11079441,1953,19.53,1933.0,19.330000000000002,0.1999999999999993,True
11079441.IV.GIGS..HH,11079441,1621,16.21,1624.0,16.240000000000002,0.030000000000001137,True
11079441.IV.LNSS..HH,11079441,1791,17.91,1766.0,17.66,0.25,True
11079441.IV.MC2..EH,11079441,2157,21.57,2212.0,22.12,0.5500000000000007,True
11079441.IV.MMO1..HN,11079441,1605,16.05,,,,False
11079441.IV.NRCA..HH,11079441,1889,18.89,1663.0,16.63,2.2600000000000016,True
11079441.IV.NRCA..HN,11079441,1853,18.53,1867.0,18.67,0.14000000000000057,True
11079441.IV.RM33..EH,11079441,1851,18.51,1828.0,18.28,0.23000000000000043,True
11079441.IV.RM33..HN,11079441,1669,16.69,1667.0,16.67,0.019999999999999574,True
11079441.IV.SMA1..EH,11079441,1787,17.87,1764.0,17.64,0.23000000000000043,True
11079441.IV.T0110..HH,11079441,1918,19.18,1942.0,19.42,0.240000000000002,True
11079441.IV.T1215..EH,11079441,3382,33.82,1693.0,16.93,16.89,True
11079441.IV.T1215..HN,11079441,2831,28.310000000000002,2865.0,28.650000000000002,0.33999999999999986,True
11079441.IV.T1216..EH,11079441,3993,39.93,3793.0,37.93,2.0,True
11079441.IV.T1216..HN,11079441,2568,25.68,2644.0,26.44,0.7600000000000016,True
11079441.IV.T1218..EH,11079441,4173,41.730000000000004,2189.0,21.89,19.840000000000003,True
11079441.IV.T1218..HN,11079441,4804,48.04,3082.0,30.82,17.22,True
11079441.IV.T1241..EH,11079441,1826,18.26,1834.0,18.34,0.0799999999999983,True
11079441.IV.T1241..HN,11079441,1898,18.98,2413.0,24.13,5.149999999999999,True
11079441.IV.T1243..HH,11079441,1903,19.03,1895.0,18.95,0.08000000000000185,True
11079441.IV.T1243..HN,11079441,1898,18.98,1898.0,18.98,0.0,True
11079441.IV.T1245..HH,11079441,1796,17.96,1811.0,18.11,0.14999999999999858,True
11079441.IV.T1245..HN,11079441,1664,16.64,2053.0,20.53,3.8900000000000006,True
11079441.IV.T1247..HH,11079441,1710,17.1,1498.0,14.98,2.120000000000001,True
11079441.IV.T1256..HH,11079441,1603,16.03,1637.0,16.37,0.33999999999999986,True
11079441.IV.T1256..HN,11079441,1569,15.69,2340.0,23.400000000000002,7.710000000000003,True
11079441.IV.TERO..HH,11079441,1628,16.28,1620.0,16.2,0.08000000000000185,True
11079441.IV.TERO..HN,11079441,1782,17.82,1784.0,17.84,0.019999999999999574,True
11079441.IV.VCEL..EH,11079441,1792,17.92,1823.0,18.23,0.3099999999999987,True
11081051.IV.CAMP..HH,11081051,1937,19.37,1200.0,12.0,7.370000000000001,True
11081051.IV.CSP1..EH,11081051,2181,21.81,999.0,9.99,11.819999999999999,True
11081051.IV.FDMO..HH,11081051,2028,20.28,2604.0,26.04,5.759999999999998,True
11081051.IV.GIGS..HH,11081051,1698,16.98,1693.0,16.93,0.05000000000000071,True
11081051.IV.LNSS..HH,11081051,1848,18.48,999.0,9.99,8.49,True
11081051.IV.MMO1..EH,11081051,2242,22.42,999.0,9.99,12.430000000000001,True
11081051.IV.MMO1..HN,11081051,2076,20.76,2704.0,27.04,6.279999999999998,True
11081051.IV.NRCA..HH,11081051,1623,16.23,1746.0,17.46,1.2300000000000004,True
11081051.IV.NRCA..HN,11081051,1625,16.25,1714.0,17.14,0.8900000000000006,True
11081051.IV.RM33..EH,11081051,1841,18.41,1223.0,12.23,6.18,True
11081051.IV.RM33..HN,11081051,1889,18.89,1789.0,17.89,1.0,True
11081051.IV.SMA1..EH,11081051,1801,18.01,1274.0,12.74,5.270000000000001,True
11081051.IV.T1215..EH,11081051,3129,31.29,1802.0,18.02,13.27,True
11081051.IV.T1215..HN,11081051,4508,45.08,4538.0,45.38,0.30000000000000426,True
11081051.IV.T1216..EH,11081051,2010,20.1,999.0,9.99,10.110000000000001,True
11081051.IV.T1216..HN,11081051,4401,44.01,2981.0,29.810000000000002,14.199999999999996,True
11081051.IV.T1218..EH,11081051,3076,30.76,2011.0,20.11,10.650000000000002,True
11081051.IV.T1218..HN,11081051,4165,41.65,3118.0,31.18,10.469999999999999,True
11081051.IV.T1219..EH,11081051,3888,38.88,999.0,9.99,28.89,True
11081051.IV.T1219..HN,11081051,2330,23.3,1173.0,11.73,11.57,True
11081051.IV.T1241..EH,11081051,2030,20.3,999.0,9.99,10.31,True
11081051.IV.T1243..HH,11081051,1635,16.35,999.0,9.99,6.360000000000001,True
11081051.IV.T1243..HN,11081051,1662,16.62,999.0,9.99,6.630000000000001,True
11081051.IV.T1245..HH,11081051,1860,18.6,2288.0,22.88,4.279999999999998,True
11081051.IV.TERO..HH,11081051,1926,19.26,999.0,9.99,9.270000000000001,True
11081051.IV.TERO..HN,11081051,2176,21.76,1249.0,12.49,9.270000000000001,True
1108181.NI.CGRP..HH,1108181,2009,20.09,2020.0,20.2,0.10999999999999943,True
1108181.IV.CTI..HH,1108181,2119,21.19,2153.0,21.53,0.33999999999999986,True
1108181.IV.MABI..HH,1108181,1884,18.84,1912.0,19.12,0.28000000000000114,True
1108181.IV.NOVE..EH,1108181,1542,15.42,1548.0,15.48,0.0600000000000005,True
1108181.IV.RAVA..EH,1108181,1882,18.82,1889.0,18.89,0.07000000000000028,True
1108181.IV.ROVR..HH,1108181,1826,18.26,1812.0,18.12,0.14000000000000057,True
1108181.IV.SERM..EH,1108181,1739,17.39,1967.0,19.67,2.280000000000001,True
1108181.IV.SERM..HN,1108181,1551,15.51,1400.0,14.0,1.5099999999999998,True
1108181.IV.T0800..HH,1108181,1823,18.23,1833.0,18.330000000000002,0.10000000000000142,True
1108181.IV.T0800..HN,1108181,1792,17.92,1800.0,18.0,0.0799999999999983,True
1108181.IV.T0802..HN,1108181,1971,19.71,1973.0,19.73,0.019999999999999574,True
1108181.IV.T0819..EH,1108181,1677,16.77,1682.0,16.82,0.05000000000000071,True
1108181.IV.T0819..HN,1108181,1823,18.23,1827.0,18.27,0.03999999999999915,True
1108181.IV.T0822..EH,1108181,1682,16.82,1700.0,17.0,0.17999999999999972,True
1108181.IV.T0825..EH,1108181,1762,17.62,1767.0,17.67,0.05000000000000071,True
1108181.IV.TEOL..HH,1108181,1902,19.02,1908.0,19.080000000000002,0.060000000000002274,True
1108311.IV.CTI..HH,1108311,1918,19.18,1241.0,12.41,6.77,True
1108311.IV.MABI..HH,1108311,1648,16.48,1740.0,17.400000000000002,0.9200000000000017,True
1108311.IV.MAGA..HH,1108311,1787,17.87,1797.0,17.97,0.09999999999999787,True
1108311.IV.NOVE..EH,1108311,2037,20.37,2083.0,20.830000000000002,0.46000000000000085,True
1108311.IV.RAVA..EH,1108311,1821,18.21,1828.0,18.28,0.07000000000000028,True
1108311.IV.SERM..EH,1108311,1928,19.28,,,,False
1108311.IV.T0800..HH,1108311,1964,19.64,1973.0,19.73,0.08999999999999986,True
1108311.IV.T0800..HN,1108311,2251,22.51,1292.0,12.92,9.590000000000002,True
1108311.IV.T0802..HN,1108311,1728,17.28,1733.0,17.330000000000002,0.05000000000000071,True
1108311.IV.T0805..HN,1108311,1966,19.66,2014.0,20.14,0.4800000000000004,True
1108311.IV.T0819..EH,1108311,1925,19.25,2050.0,20.5,1.25,True
1108311.IV.T0819..HN,1108311,2104,21.04,1188.0,11.88,9.159999999999998,True
1108311.IV.T0822..EH,1108311,1660,16.6,1688.0,16.88,0.2799999999999976,True
1108311.IV.T0825..EH,1108311,2103,21.03,2148.0,21.48,0.4499999999999993,True
11083921.IV.FDMO..HH,11083921,1762,17.62,1791.0,17.91,0.28999999999999915,True
11083921.IV.LNSS..HH,11083921,1912,19.12,1917.0,19.17,0.05000000000000071,True
11083921.IV.MC2..EH,11083921,1553,15.530000000000001,1554.0,15.540000000000001,0.009999999999999787,True
11083921.IV.MMO1..EH,11083921,1930,19.3,1616.0,16.16,3.1400000000000006,True
11083921.IV.MMO1..HN,11083921,1986,19.86,7839.0,78.39,58.53,True
11083921.IV.NRCA..HH,11083921,1657,16.57,1662.0,16.62,0.05000000000000071,True
11083921.IV.NRCA..HN,11083921,1670,16.7,1674.0,16.740000000000002,0.0400000000000027,True
11083921.IV.RM33..EH,11083921,1551,15.51,1552.0,15.52,0.009999999999999787,True
11083921.IV.RM33..HN,11083921,1555,15.55,1641.0,16.41,0.8599999999999994,True
11083921.IV.T1215..EH,11083921,3509,35.09,999.0,9.99,25.1,True
11083921.IV.T1215..HN,11083921,2143,21.43,2314.0,23.14,1.7100000000000009,True
11083921.IV.T1216..EH,11083921,2148,21.48,1056.0,10.56,10.92,True
11083921.IV.T1216..HN,11083921,2180,21.8,1086.0,10.86,10.940000000000001,True
11083921.IV.T1218..EH,11083921,1948,19.48,1956.0,19.56,0.0799999999999983,True
11083921.IV.T1218..HN,11083921,2536,25.36,999.0,9.99,15.37,True
11083921.IV.T1219..EH,11083921,2987,29.87,1946.0,19.46,10.41,True
11083921.IV.T1219..HN,11083921,2485,24.85,2539.0,25.39,0.5399999999999991,True
11083921.IV.T1241..EH,11083921,1843,18.43,1844.0,18.44,0.010000000000001563,True
11083921.IV.T1241..HN,11083921,1957,19.57,2355.0,23.55,3.9800000000000004,True
11083921.IV.T1245..HH,11083921,1944,19.44,1944.0,19.44,0.0,True
11083921.IV.T1245..HN,11083921,1867,18.67,1869.0,18.69,0.019999999999999574,True
11083921.IV.T1256..HH,11083921,1676,16.76,1682.0,16.82,0.05999999999999872,True
11083921.IV.T1256..HN,11083921,1678,16.78,7668.0,76.68,59.900000000000006,True
11083921.IV.TERO..HH,11083921,1728,17.28,2516.0,25.16,7.879999999999999,True
11083921.IV.TERO..HN,11083921,1930,19.3,2643.0,26.43,7.129999999999999,True
11084171.IV.CAMP..HH,11084171,1737,17.37,1212.0,12.120000000000001,5.25,True
11084171.IV.FAGN..HH,11084171,1709,17.09,1783.0,17.830000000000002,0.740000000000002,True
11084171.IV.GIGS..HH,11084171,1628,16.28,1156.0,11.56,4.720000000000001,True
11084171.IV.LNSS..HH,11084171,1677,16.77,999.0,9.99,6.779999999999999,True
11084171.IV.NRCA..HH,11084171,1941,19.41,999.0,9.99,9.42,True
11084171.IV.NRCA..HN,11084171,1880,18.8,1892.0,18.92,0.120000000000001,True
11084171.IV.RM33..EH,11084171,2045,20.45,1187.0,11.870000000000001,8.579999999999998,True
11084171.IV.RM33..HN,11084171,2053,20.53,2051.0,20.51,0.019999999999999574,True
11084171.IV.SMA1..EH,11084171,1619,16.19,999.0,9.99,6.200000000000001,True
11084171.IV.T0110..HH,11084171,1509,15.09,1202.0,12.02,3.0700000000000003,True
11084171.IV.T1201..HN,11084171,1875,18.75,1128.0,11.28,7.470000000000001,True
11084171.IV.T1202..EH,11084171,1896,18.96,999.0,9.99,8.97,True
11084171.IV.T1204..EH,11084171,1641,16.41,1273.0,12.73,3.6799999999999997,True
11084171.IV.T1212..EH,11084171,3609,36.09,1933.0,19.330000000000002,16.76,True
11084171.IV.T1212..HN,11084171,5119,51.19,1266.0,12.66,38.53,True
11084171.IV.T1213..EH,11084171,1946,19.46,1263.0,12.63,6.83,True
11084171.IV.T1213..HN,11084171,2597,25.97,2619.0,26.19,0.22000000000000242,True
11084171.IV.T1215..EH,11084171,2960,29.6,1200.0,12.0,17.6,True
11084171.IV.T1215..HN,11084171,5039,50.39,1750.0,17.5,32.89,True
11084171.IV.T1218..EH,11084171,3736,37.36,2444.0,24.44,12.919999999999998,True
11084171.IV.T1218..HN,11084171,2298,22.98,1532.0,15.32,7.66,True
11084171.IV.T1241..EH,11084171,2016,20.16,1143.0,11.43,8.73,True
11084171.IV.T1241..HN,11084171,2056,20.56,1183.0,11.83,8.729999999999999,True
11084171.IV.T1243..HH,11084171,1773,17.73,999.0,9.99,7.74,True
11084171.IV.T1243..HN,11084171,1753,17.53,999.0,9.99,7.540000000000001,True
11084171.IV.T1244..EH,11084171,1581,15.81,1625.0,16.25,0.4399999999999995,True
11084171.IV.T1244..HN,11084171,1596,15.96,1639.0,16.39,0.4299999999999997,True
11084171.IV.T1246..HH,11084171,2032,20.32,1424.0,14.24,6.08,True
11084171.IV.T1247..HH,11084171,1928,19.28,1935.0,19.35,0.07000000000000028,True
11084171.IV.TERO..HH,11084171,1977,19.77,1003.0,10.03,9.74,True
11084171.IV.TERO..HN,11084171,2224,22.240000000000002,1538.0,15.38,6.860000000000001,True
11084171.IV.VCEL..EH,11084171,2061,20.61,1579.0,15.790000000000001,4.8199999999999985,True
11085021.IV.CESI..HH,11085021,1821,18.21,4557.0,45.57,27.36,True
11085021.IV.CSP1..EH,11085021,1768,17.68,1791.0,17.91,0.23000000000000043,True
11085021.IV.FDMO..HH,11085021,1762,17.62,1777.0,17.77,0.14999999999999858,True
11085021.IV.FEMA..HN,11085021,2066,20.66,2245.0,22.45,1.7899999999999991,True
11085021.IV.FOSV..EH,11085021,2001,20.01,2082.0,20.82,0.8099999999999987,True
11085021.IV.FOSV..HN,11085021,2003,20.03,2299.0,22.990000000000002,2.960000000000001,True
11085021.IV.LNSS..HH,11085021,1961,19.61,1323.0,13.23,6.379999999999999,True
11085021.IV.MMO1..HN,11085021,1751,17.51,,,,False
11085021.IV.NRCA..HH,11085021,1766,17.66,1963.0,19.63,1.9699999999999989,True
11085021.IV.NRCA..HN,11085021,1773,17.73,1215.0,12.15,5.58,True
11085021.IV.SEF1..HN,11085021,1893,18.93,,,,False
11085021.IV.T1215..EH,11085021,3581,35.81,3658.0,36.58,0.769999999999996,True
11085021.IV.T1215..HN,11085021,3297,32.97,,,,False
11085021.IV.T1216..EH,11085021,2082,20.82,2254.0,22.54,1.7199999999999989,True
11085021.IV.T1216..HN,11085021,2711,27.11,2830.0,28.3,1.1900000000000013,True
11085021.IV.T1219..EH,11085021,2617,26.17,2846.0,28.46,2.289999999999999,True
11085021.IV.T1219..HN,11085021,2216,22.16,2264.0,22.64,0.4800000000000004,True
11085021.IV.T1243..HH,11085021,1793,17.93,1186.0,11.86,6.07,True
11085021.IV.T1243..HN,11085021,1723,17.23,1828.0,18.28,1.0500000000000007,True
11085021.IV.T1245..HH,11085021,1830,18.3,2111.0,21.11,2.8099999999999987,True
11085021.IV.T1245..HN,11085021,1830,18.3,,,,False
11085021.IV.T1256..HH,11085021,1901,19.01,2184.0,21.84,2.8299999999999983,True
11085021.IV.T1256..HN,11085021,1720,17.2,,,,False
11085571.IV.APEC..HH,11085571,1641,16.41,1713.0,17.13,0.7199999999999989,True
11085571.IV.APEC..HN,11085571,1752,17.52,1828.0,18.28,0.7600000000000016,True
11085571.IV.ARVD..HH,11085571,1794,17.94,1800.0,18.0,0.05999999999999872,True
11085571.IV.ATCC..EH,11085571,1664,16.64,1668.0,16.68,0.03999999999999915,True
11085571.IV.ATCC..HN,11085571,1639,16.39,1648.0,16.48,0.08999999999999986,True
11085571.IV.ATFO..HH,11085571,1868,18.68,1815.0,18.150000000000002,0.5299999999999976,True
11085571.IV.ATFO..HN,11085571,1862,18.62,1835.0,18.35,0.2699999999999996,True
11085571.IV.ATLO..EH,11085571,1817,18.17,1762.0,17.62,0.5500000000000007,True
11085571.IV.ATLO..HN,11085571,1839,18.39,1829.0,18.29,0.10000000000000142,True
11085571.IV.ATMI..HH,11085571,1599,15.99,1615.0,16.15,0.15999999999999837,True
11085571.IV.ATPC..HH,11085571,2100,21.0,2066.0,20.66,0.33999999999999986,True
11085571.IV.ATPC..HN,11085571,1876,18.76,1877.0,18.77,0.00999999999999801,True
11085571.IV.ATPI..EH,11085571,1937,19.37,1919.0,19.19,0.17999999999999972,True
11085571.IV.ATSC..EH,11085571,1848,18.48,1835.0,18.35,0.129999999999999,True
11085571.IV.ATVO..HH,11085571,2076,20.76,2020.0,20.2,0.5600000000000023,True
11085571.IV.ATVO..HN,11085571,1898,18.98,1890.0,18.900000000000002,0.0799999999999983,True
11085571.IV.BADI..EH,11085571,1655,16.55,1664.0,16.64,0.08999999999999986,True
11085571.IV.CAFI..HH,11085571,1789,17.89,1808.0,18.080000000000002,0.19000000000000128,True
11085571.IV.CAFI..HN,11085571,1739,17.39,1770.0,17.7,0.3099999999999987,True
11085571.IV.CESI..HH,11085571,1955,19.55,1842.0,18.42,1.129999999999999,True
11085571.IV.CING..HH,11085571,2044,20.44,2056.0,20.56,0.11999999999999744,True
11085571.IV.CPGN..EH,11085571,1855,18.55,1872.0,18.72,0.16999999999999815,True
11085571.IV.CPGN..HN,11085571,1852,18.52,1965.0,19.650000000000002,1.1300000000000026,True
11085571.IV.CRE..HH,11085571,1882,18.82,1902.0,19.02,0.1999999999999993,True
11085571.IV.CSP1..EH,11085571,1543,15.43,1459.0,14.59,0.8399999999999999,True
11085571.IV.EL6..EH,11085571,1992,19.92,2008.0,20.080000000000002,0.16000000000000014,True
11085571.IV.FDMO..HH,11085571,1778,17.78,999.0,9.99,7.790000000000001,True
11085571.IV.FOSV..EH,11085571,1730,17.3,1753.0,17.53,0.23000000000000043,True
11085571.IV.FRON..EH,11085571,1789,17.89,1774.0,17.740000000000002,0.14999999999999858,True
11085571.IV.FSSB..HH,11085571,1719,17.19,1716.0,17.16,0.030000000000001137,True
11085571.IV.LNSS..HH,11085571,1584,15.84,1625.0,16.25,0.41000000000000014,True
11085571.IV.MPAG..EH,11085571,1660,16.6,1649.0,16.490000000000002,0.10999999999999943,True
11085571.IV.MPAG..HN,11085571,1660,16.6,11996.0,119.96000000000001,103.36000000000001,True
11085571.IV.MURB..HH,11085571,1728,17.28,1725.0,17.25,0.030000000000001137,True
11085571.IV.MURB..HN,11085571,1662,16.62,1668.0,16.68,0.05999999999999872,True
11085571.IV.NRCA..HH,11085571,1675,16.75,1692.0,16.92,0.1700000000000017,True
11085571.IV.NRCA..HN,11085571,1653,16.53,1703.0,17.03,0.5,True
11085571.IV.PE3..EH,11085571,1684,16.84,1095.0,10.950000000000001,5.889999999999999,True
11085571.IV.PIEI..HH,11085571,1682,16.82,1668.0,16.68,0.14000000000000057,True
11085571.IV.PIEI..HN,11085571,1762,17.62,1774.0,17.740000000000002,0.120000000000001,True
11085571.IV.RUFI..EH,11085571,2102,21.02,2171.0,21.71,0.6900000000000013,True
11085571.IV.SACS..HH,11085571,2030,20.3,2046.0,20.46,0.16000000000000014,True
11085571.IV.SACS..HN,11085571,1934,19.34,1968.0,19.68,0.33999999999999986,True
11085571.IV.SNTG..HH,11085571,1773,17.73,1783.0,17.830000000000002,0.10000000000000142,True
11085571.IV.SNTG..HN,11085571,1703,17.03,1727.0,17.27,0.23999999999999844,True
11085571.IV.SSFR..HH,11085571,1807,18.07,1437.0,14.370000000000001,3.6999999999999993,True
11085571.IV.SSFR..HN,11085571,1695,16.95,1702.0,17.02,0.07000000000000028,True
11085571.IV.SSP9..EH,11085571,1920,19.2,1977.0,19.77,0.5700000000000003,True
11085571.IV.T1215..EH,11085571,3014,30.14,1938.0,19.38,10.760000000000002,True
11085571.IV.T1215..HN,11085571,2176,21.76,1192.0,11.92,9.840000000000002,True
11085571.IV.T1216..EH,11085571,1937,19.37,1119.0,11.19,8.180000000000001,True
11085571.IV.T1216..HN,11085571,1589,15.89,1643.0,16.43,0.5399999999999991,True
11085571.IV.T1219..EH,11085571,3964,39.64,3854.0,38.54,1.1000000000000014,True
11085571.IV.T1219..HN,11085571,2258,22.580000000000002,2277.0,22.77,0.18999999999999773,True
11085571.IV.T1241..EH,11085571,1716,17.16,1749.0,17.490000000000002,0.33000000000000185,True
11085571.IV.T1241..HN,11085571,1680,16.8,,,,False
11085571.IV.T1243..HH,11085571,2153,21.53,1139.0,11.39,10.14,True
11085571.IV.T1243..HN,11085571,2104,21.04,2180.0,21.8,0.7600000000000016,True
11085571.IV.T1245..HH,11085571,1839,18.39,1849.0,18.490000000000002,0.10000000000000142,True
11085571.IV.T1245..HN,11085571,1873,18.73,1971.0,19.71,0.9800000000000004,True
11085571.IV.T1256..HH,11085571,1634,16.34,1647.0,16.47,0.129999999999999,True
11085571.IV.T1256..HN,11085571,1626,16.26,2707.0,27.07,10.809999999999999,True
1108621.NI.CGRP..HH,1108621,2310,23.1,2317.0,23.17,0.07000000000000028,True
1108621.IV.MAGA..HH,1108621,1912,19.12,1931.0,19.31,0.18999999999999773,True
1108621.IV.NOVE..EH,1108621,1839,18.39,1894.0,18.94,0.5500000000000007,True
1108621.IV.RAVA..EH,1108621,1823,18.23,1832.0,18.32,0.08999999999999986,True
1108621.IV.ROVR..HH,1108621,1809,18.09,1810.0,18.1,0.010000000000001563,True
1108621.IV.SALO..HH,1108621,2064,20.64,2156.0,21.56,0.9199999999999982,True
1108621.IV.SERM..EH,1108621,1980,19.8,2075.0,20.75,0.9499999999999993,True
1108621.IV.SERM..HN,1108621,1939,19.39,1786.0,17.86,1.5300000000000011,True
1108621.IV.T0800..HH,1108621,1973,19.73,1982.0,19.82,0.08999999999999986,True
1108621.IV.T0800..HN,1108621,1950,19.5,1954.0,19.54,0.03999999999999915,True
1108621.IV.T0802..HN,1108621,1875,18.75,1630.0,16.3,2.4499999999999993,True
1108621.IV.T0805..HN,1108621,1862,18.62,1954.0,19.54,0.9199999999999982,True
1108621.IV.T0819..EH,1108621,1868,18.68,1874.0,18.740000000000002,0.060000000000002274,True
1108621.IV.T0819..HN,1108621,1980,19.8,1984.0,19.84,0.03999999999999915,True
1108621.IV.T0822..EH,1108621,1639,16.39,1675.0,16.75,0.35999999999999943,True
1108621.IV.T0825..EH,1108621,1953,19.53,1545.0,15.450000000000001,4.08,True
11087951.IV.CESI..HH,11087951,1778,17.78,1767.0,17.67,0.10999999999999943,True
11087951.IV.CSP1..EH,11087951,2050,20.5,2066.0,20.66,0.16000000000000014,True
11087951.IV.EL6..EH,11087951,1903,19.03,1994.0,19.94,0.9100000000000001,True
11087951.IV.GUMA..HH,11087951,1921,19.21,1924.0,19.240000000000002,0.030000000000001137,True
11087951.IV.GUMA..HN,11087951,1948,19.48,1956.0,19.56,0.0799999999999983,True
11087951.IV.MMO1..EH,11087951,1943,19.43,1944.0,19.44,0.010000000000001563,True
11087951.IV.MMO1..HN,11087951,1867,18.67,1954.0,19.54,0.8699999999999974,True
11087951.IV.SNTG..HH,11087951,1659,16.59,1733.0,17.330000000000002,0.740000000000002,True
11087951.IV.SNTG..HN,11087951,1623,16.23,,,,False
11087951.IV.T1215..EH,11087951,3947,39.47,1347.0,13.47,26.0,True
11087951.IV.T1215..HN,11087951,2691,26.91,2708.0,27.080000000000002,0.1700000000000017,True
11087951.IV.T1216..EH,11087951,2685,26.85,2688.0,26.88,0.029999999999997584,True
11087951.IV.T1216..HN,11087951,1996,19.96,2003.0,20.03,0.07000000000000028,True
11087951.IV.T1218..EH,11087951,3409,34.09,3392.0,33.92,0.1700000000000017,True
11087951.IV.T1218..HN,11087951,1875,18.75,1939.0,19.39,0.6400000000000006,True
11087951.IV.T1219..EH,11087951,5067,50.67,1734.0,17.34,33.33,True
11087951.IV.T1219..HN,11087951,2455,24.55,2538.0,25.38,0.8299999999999983,True
11087951.IV.T1243..HH,11087951,2030,20.3,2089.0,20.89,0.5899999999999999,True
11087951.IV.T1243..HN,11087951,2139,21.39,2323.0,23.23,1.8399999999999999,True
11087951.IV.T1245..HH,11087951,1827,18.27,1588.0,15.88,2.389999999999999,True
11087951.IV.T1245..HN,11087951,1851,18.51,1878.0,18.78,0.2699999999999996,True
11087951.IV.T1256..HH,11087951,1519,15.19,1517.0,15.17,0.019999999999999574,True
11087951.IV.T1256..HN,11087951,1553,15.530000000000001,1572.0,15.72,0.1899999999999995,True
11087951.IV.TERO..HH,11087951,1789,17.89,1842.0,18.42,0.5300000000000011,True
11087951.IV.TERO..HN,11087951,1930,19.3,1994.0,19.94,0.6400000000000006,True
1108961.IV.HAVL..HH,1108961,1853,18.53,1877.0,18.77,0.23999999999999844,True
1108961.IV.HCRL..HH,1108961,2032,20.32,2054.0,20.54,0.21999999999999886,True
1108961.IV.HLNI..HH,1108961,1962,19.62,1974.0,19.740000000000002,0.120000000000001,True
1108961.IV.HMDC..HH,1108961,1818,18.18,1827.0,18.27,0.08999999999999986,True
1108961.IV.HVZN..HH,1108961,2130,21.3,2131.0,21.31,0.00999999999999801,True
1108961.IV.SSY..HH,1108961,1655,16.55,1748.0,17.48,0.9299999999999997,True
11091211.IV.CAMP..HH,11091211,1714,17.14,1717.0,17.17,0.030000000000001137,True
11091211.IV.GIGS..HH,11091211,1832,18.32,1889.0,18.89,0.5700000000000003,True
11091211.IV.LNSS..HH,11091211,1768,17.68,1768.0,17.68,0.0,True
11091211.IV.RM33..EH,11091211,2041,20.41,2043.0,20.43,0.019999999999999574,True
11091211.IV.RM33..HN,11091211,2037,20.37,2066.0,20.66,0.28999999999999915,True
11091211.IV.SMA1..EH,11091211,1851,18.51,1834.0,18.34,0.1700000000000017,True
11091211.IV.T1211..EH,11091211,3488,34.88,3497.0,34.97,0.0899999999999963,True
11091211.IV.T1211..HN,11091211,2664,26.64,3230.0,32.3,5.659999999999997,True
11091211.IV.T1218..EH,11091211,2935,29.35,2569.0,25.69,3.66,True
11091211.IV.T1218..HN,11091211,4049,40.49,4047.0,40.47,0.020000000000003126,True
11091211.IV.T1243..HH,11091211,1728,17.28,1730.0,17.3,0.019999999999999574,True
11091211.IV.T1243..HN,11091211,1732,17.32,1752.0,17.52,0.1999999999999993,True
11091211.IV.T1246..HH,11091211,1645,16.45,1647.0,16.47,0.019999999999999574,True
11091211.IV.T1299..EH,11091211,1707,17.07,1706.0,17.06,0.010000000000001563,True
11091211.IV.T1299..HN,11091211,1630,16.3,1631.0,16.31,0.00999999999999801,True
11091211.IV.TERO..HH,11091211,1827,18.27,1387.0,13.870000000000001,4.399999999999999,True
11091211.IV.TERO..HN,11091211,2007,20.07,2025.0,20.25,0.17999999999999972,True
11091901.IV.CAMP..HH,11091901,1953,19.53,1858.0,18.580000000000002,0.9499999999999993,True
11091901.IV.CSP1..EH,11091901,1687,16.87,1710.0,17.1,0.23000000000000043,True
11091901.IV.FIAM..HH,11091901,1862,18.62,1988.0,19.88,1.259999999999998,True
11091901.IV.FIAM..HN,11091901,1855,18.55,2417.0,24.17,5.620000000000001,True
11091901.IV.GIGS..HH,11091901,1969,19.69,1982.0,19.82,0.129999999999999,True
11091901.IV.LNSS..HH,11091901,1586,15.860000000000001,1263.0,12.63,3.2300000000000004,True
11091901.IV.MMO1..EH,11091901,1786,17.86,1818.0,18.18,0.3200000000000003,True
11091901.IV.MMO1..HN,11091901,1819,18.19,,,,False
11091901.IV.NRCA..HH,11091901,1770,17.7,1833.0,18.330000000000002,0.6300000000000026,True
11091901.IV.NRCA..HN,11091901,1703,17.03,1776.0,17.76,0.7300000000000004,True
11091901.IV.RM33..EH,11091901,1994,19.94,1055.0,10.55,9.39,True
11091901.IV.RM33..HN,11091901,2000,20.0,1829.0,18.29,1.7100000000000009,True
11091901.IV.T0110..HH,11091901,2161,21.61,2175.0,21.75,0.14000000000000057,True
11091901.IV.T1211..EH,11091901,3493,34.93,3072.0,30.72,4.210000000000001,True
11091901.IV.T1211..HN,11091901,3803,38.03,4365.0,43.65,5.619999999999997,True
11091901.IV.T1215..EH,11091901,3653,36.53,1266.0,12.66,23.87,True
11091901.IV.T1215..HN,11091901,1545,15.450000000000001,1613.0,16.13,0.6799999999999979,True
11091901.IV.T1218..EH,11091901,2647,26.47,1228.0,12.280000000000001,14.189999999999998,True
11091901.IV.T1218..HN,11091901,2994,29.94,1644.0,16.44,13.5,True
11091901.IV.T1241..EH,11091901,1907,19.07,1946.0,19.46,0.39000000000000057,True
11091901.IV.T1243..HH,11091901,1720,17.2,1444.0,14.44,2.76,True
11091901.IV.T1243..HN,11091901,1623,16.23,1639.0,16.39,0.16000000000000014,True
11091901.IV.T1245..HH,11091901,1902,19.02,2013.0,20.13,1.1099999999999994,True
11091901.IV.T1245..HN,11091901,1973,19.73,2567.0,25.67,5.940000000000001,True
11091901.IV.T1246..HH,11091901,1871,18.71,1211.0,12.11,6.600000000000001,True
11091901.IV.T1256..HH,11091901,1925,19.25,1987.0,19.87,0.620000000000001,True
11091901.IV.T1256..HN,11091901,1882,18.82,4481.0,44.81,25.990000000000002,True
11091901.IV.T1299..EH,11091901,2007,20.07,1678.0,16.78,3.289999999999999,True
11091901.IV.T1299..HN,11091901,1948,19.48,1962.0,19.62,0.14000000000000057,True
11091901.IV.TERO..HH,11091901,1657,16.57,1032.0,10.32,6.25,True
11091901.IV.TERO..HN,11091901,1793,17.93,1479.0,14.790000000000001,3.139999999999999,True
1109311.IV.MAGA..HH,1109311,1926,19.26,1966.0,19.66,0.3999999999999986,True
1109311.IV.RAVA..EH,1109311,1955,19.55,1974.0,19.740000000000002,0.19000000000000128,True
1109311.IV.SERM..EH,1109311,1851,18.51,,,,False
1109311.IV.SERM..HN,1109311,1953,19.53,5682.0,56.82,37.29,True
1109311.IV.T0800..HH,1109311,1587,15.870000000000001,1587.0,15.870000000000001,0.0,True
1109311.IV.T0800..HN,1109311,1602,16.02,1601.0,16.01,0.00999999999999801,True
1109311.IV.T0802..HN,1109311,1869,18.69,1917.0,19.17,0.4800000000000004,True
1109311.IV.T0803..HN,1109311,2331,23.31,2345.0,23.45,0.14000000000000057,True
1109311.IV.T0805..HN,1109311,1880,18.8,1940.0,19.400000000000002,0.6000000000000014,True
1109311.IV.T0822..EH,1109311,1919,19.19,1244.0,12.44,6.750000000000002,True
11098301.IV.CESI..HH,11098301,1627,16.27,1004.0,10.040000000000001,6.229999999999999,True
11098301.IV.CSP1..EH,11098301,1753,17.53,999.0,9.99,7.540000000000001,True
11098301.IV.FDMO..HH,11098301,2111,21.11,1328.0,13.280000000000001,7.829999999999998,True
11098301.IV.FEMA..HN,11098301,1657,16.57,1657.0,16.57,0.0,True
11098301.IV.FOSV..EH,11098301,1696,16.96,1695.0,16.95,0.010000000000001563,True
11098301.IV.FOSV..HN,11098301,1612,16.12,1645.0,16.45,0.3299999999999983,True
11098301.IV.GUMA..HH,11098301,1687,16.87,1691.0,16.91,0.03999999999999915,True
11098301.IV.GUMA..HN,11098301,1695,16.95,1701.0,17.01,0.060000000000002274,True
11098301.IV.LNSS..HH,11098301,1845,18.45,1756.0,17.56,0.8900000000000006,True
11098301.IV.MC2..EH,11098301,1805,18.05,999.0,9.99,8.06,True
11098301.IV.MDAR..HN,11098301,1646,16.46,1661.0,16.61,0.14999999999999858,True
11098301.IV.MMO1..EH,11098301,1986,19.86,1473.0,14.73,5.129999999999999,True
11098301.IV.MMO1..HN,11098301,1998,19.98,2079.0,20.79,0.8099999999999987,True
11098301.IV.NRCA..HH,11098301,2086,20.86,1751.0,17.51,3.349999999999998,True
11098301.IV.NRCA..HN,11098301,1975,19.75,1976.0,19.76,0.010000000000001563,True
11098301.IV.SEF1..HN,11098301,1634,16.34,1670.0,16.7,0.35999999999999943,True
11098301.IV.SNTG..HH,11098301,2068,20.68,2063.0,20.63,0.05000000000000071,True
11098301.IV.SNTG..HN,11098301,2010,20.1,2034.0,20.34,0.23999999999999844,True
11098301.IV.T1215..EH,11098301,2053,20.53,2026.0,20.26,0.2699999999999996,True
11098301.IV.T1215..HN,11098301,5042,50.42,5033.0,50.33,0.09000000000000341,True
11098301.IV.T1216..EH,11098301,3026,30.26,2292.0,22.92,7.34,True
11098301.IV.T1216..HN,11098301,1909,19.09,1909.0,19.09,0.0,True
11098301.IV.T1218..EH,11098301,5421,54.21,999.0,9.99,44.22,True
11098301.IV.T1218..HN,11098301,2149,21.490000000000002,2153.0,21.53,0.03999999999999915,True
11098301.IV.T1219..EH,11098301,2150,21.5,1467.0,14.67,6.83,True
11098301.IV.T1219..HN,11098301,5675,56.75,3887.0,38.87,17.880000000000003,True
11098301.IV.T1243..HH,11098301,1819,18.19,1706.0,17.06,1.1300000000000026,True
11098301.IV.T1243..HN,11098301,1773,17.73,1783.0,17.830000000000002,0.10000000000000142,True
11098301.IV.T1245..HH,11098301,1916,19.16,1380.0,13.8,5.359999999999999,True
11098301.IV.T1245..HN,11098301,2027,20.27,1756.0,17.56,2.710000000000001,True
11098301.IV.T1256..HH,11098301,1707,17.07,999.0,9.99,7.08,True
11098301.IV.T1256..HN,11098301,1680,16.8,1739.0,17.39,0.5899999999999999,True
11098301.IV.TERO..HH,11098301,2089,20.89,1867.0,18.67,2.219999999999999,True
11098301.IV.TERO..HN,11098301,2269,22.69,2152.0,21.52,1.1700000000000017,True
1109861.IV.MABI..HH,1109861,1964,19.64,1991.0,19.91,0.2699999999999996,True
1109861.GU.MAIM..HH,1109861,1955,19.55,1346.0,13.46,6.09,True
1109861.IV.MODE..HN,1109861,1969,19.69,1996.0,19.96,0.2699999999999996,True
1109861.IV.MSSA..HH,1109861,2023,20.23,1967.0,19.67,0.5599999999999987,True
1109861.IV.NOVE..EH,1109861,1717,17.17,1720.0,17.2,0.029999999999997584,True
1109861.IV.RAVA..EH,1109861,1844,18.44,1928.0,19.28,0.8399999999999999,True
1109861.IV.ROVR..HH,1109861,2048,20.48,2048.0,20.48,0.0,True
1109861.IV.SALO..HH,1109861,1710,17.1,1743.0,17.43,0.3299999999999983,True
1109861.IV.SBPO..HH,1109861,1609,16.09,1676.0,16.76,0.6700000000000017,True
1109861.IV.T0800..HH,1109861,1680,16.8,1710.0,17.1,0.3000000000000007,True
1109861.IV.T0800..HN,1109861,1728,17.28,1752.0,17.52,0.23999999999999844,True
1109861.IV.T0802..HN,1109861,1845,18.45,1850.0,18.5,0.05000000000000071,True
1109861.IV.T0819..EH,1109861,1962,19.62,1956.0,19.56,0.060000000000002274,True
1109861.IV.T0819..HN,1109861,2018,20.18,999.0,9.99,10.19,True
1109861.IV.T0825..EH,1109861,1764,17.64,1765.0,17.650000000000002,0.010000000000001563,True
1109861.IV.TEOL..HH,1109861,1646,16.46,1667.0,16.67,0.21000000000000085,True
11098721.MN.AQU..HH,11098721,1623,16.23,1672.0,16.72,0.48999999999999844,True
11098721.MN.AQU..HL,11098721,1707,17.07,1820.0,18.2,1.129999999999999,True
11098721.IV.ARRO..EH,11098721,1837,18.37,1844.0,18.44,0.07000000000000028,True
11098721.IV.ARVD..HH,11098721,1946,19.46,1961.0,19.61,0.14999999999999858,True
11098721.IV.ATCC..EH,11098721,1889,18.89,1894.0,18.94,0.05000000000000071,True
11098721.IV.ATCC..HN,11098721,2056,20.56,2099.0,20.990000000000002,0.43000000000000327,True
11098721.IV.ATFO..HH,11098721,2194,21.94,2249.0,22.490000000000002,0.5500000000000007,True
11098721.IV.ATFO..HN,11098721,2021,20.21,,,,False
11098721.IV.ATPI..EH,11098721,1970,19.7,1991.0,19.91,0.21000000000000085,True
11098721.IV.ATVO..HH,11098721,1864,18.64,1904.0,19.04,0.3999999999999986,True
11098721.IV.ATVO..HN,11098721,1884,18.84,,,,False
11098721.IV.CAMP..HH,11098721,1796,17.96,1778.0,17.78,0.17999999999999972,True
11098721.IV.CESI..HH,11098721,2076,20.76,2070.0,20.7,0.060000000000002274,True
11098721.IV.CESX..HH,11098721,1566,15.66,1579.0,15.790000000000001,0.13000000000000078,True
11098721.IV.CING..HH,11098721,1916,19.16,1934.0,19.34,0.17999999999999972,True
11098721.IV.CSP1..EH,11098721,1966,19.66,1964.0,19.64,0.019999999999999574,True
11098721.IV.FDMO..HH,11098721,1769,17.69,1775.0,17.75,0.05999999999999872,True
11098721.IV.FEMA..HN,11098721,1637,16.37,1674.0,16.740000000000002,0.370000000000001,True
11098721.IV.FIAM..HH,11098721,1998,19.98,2005.0,20.05,0.07000000000000028,True
11098721.IV.FIAM..HN,11098721,2197,21.97,2226.0,22.26,0.2900000000000027,True
11098721.IV.FSSB..HH,11098721,1650,16.5,1660.0,16.6,0.10000000000000142,True
11098721.IV.GIGS..HH,11098721,1669,16.69,1666.0,16.66,0.030000000000001137,True
11098721.IV.GUMA..HH,11098721,1623,16.23,1634.0,16.34,0.10999999999999943,True
11098721.IV.GUMA..HN,11098721,1616,16.16,1661.0,16.61,0.4499999999999993,True
11098721.IV.LNSS..HH,11098721,1992,19.92,1961.0,19.61,0.3100000000000023,True
11098721.IV.MPAG..EH,11098721,2053,20.53,2092.0,20.92,0.39000000000000057,True
11098721.IV.MPAG..HN,11098721,1950,19.5,4802.0,48.02,28.520000000000003,True
11098721.IV.NRCA..HH,11098721,1932,19.32,1902.0,19.02,0.3000000000000007,True
11098721.IV.NRCA..HN,11098721,1973,19.73,1969.0,19.69,0.03999999999999915,True
11098721.IV.PIEI..HH,11098721,1796,17.96,1821.0,18.21,0.25,True
11098721.IV.PIEI..HN,11098721,1755,17.55,,,,False
11098721.IV.RM33..EH,11098721,1612,16.12,999.0,9.99,6.130000000000001,True
11098721.IV.RM33..HN,11098721,1643,16.43,1659.0,16.59,0.16000000000000014,True
11098721.IV.SACS..HH,11098721,2045,20.45,2219.0,22.19,1.740000000000002,True
11098721.IV.SACS..HN,11098721,1855,18.55,,,,False
11098721.IV.SMA1..EH,11098721,1762,17.62,1763.0,17.63,0.00999999999999801,True
11098721.IV.SNTG..HH,11098721,1582,15.82,1587.0,15.870000000000001,0.05000000000000071,True
11098721.IV.SNTG..HN,11098721,1643,16.43,1696.0,16.96,0.5300000000000011,True
11098721.IV.SRES..HH,11098721,1862,18.62,1955.0,19.55,0.9299999999999997,True
11098721.IV.SSFR..HH,11098721,2097,20.97,2114.0,21.14,0.1700000000000017,True
11098721.IV.SSFR..HN,11098721,1957,19.57,2063.0,20.63,1.0599999999999987,True
11098721.IV.T0110..HH,11098721,1936,19.36,1948.0,19.48,0.120000000000001,True
11098721.IV.T1201..HN,11098721,1991,19.91,1982.0,19.82,0.08999999999999986,True
11098721.IV.T1202..EH,11098721,1986,19.86,1942.0,19.42,0.4399999999999977,True
11098721.IV.T1204..EH,11098721,1748,17.48,1738.0,17.38,0.10000000000000142,True
11098721.IV.T1211..EH,11098721,3493,34.93,2419.0,24.19,10.739999999999998,True
11098721.IV.T1211..HN,11098721,4120,41.2,4166.0,41.660000000000004,0.46000000000000085,True
11098721.IV.T1212..EH,11098721,3929,39.29,2149.0,21.490000000000002,17.799999999999997,True
11098721.IV.T1212..HN,11098721,3738,37.38,2093.0,20.93,16.450000000000003,True
11098721.IV.T1213..EH,11098721,2026,20.26,1947.0,19.47,0.7900000000000027,True
11098721.IV.T1213..HN,11098721,1669,16.69,1662.0,16.62,0.07000000000000028,True
11098721.IV.T1215..EH,11098721,2406,24.060000000000002,2413.0,24.13,0.06999999999999673,True
11098721.IV.T1215..HN,11098721,1919,19.19,1936.0,19.36,0.16999999999999815,True
11098721.IV.T1216..EH,11098721,2108,21.080000000000002,2116.0,21.16,0.0799999999999983,True
11098721.IV.T1216..HN,11098721,2225,22.25,2245.0,22.45,0.1999999999999993,True
11098721.IV.T1217..EH,11098721,2389,23.89,2381.0,23.81,0.08000000000000185,True
11098721.IV.T1217..HN,11098721,2028,20.28,2042.0,20.42,0.14000000000000057,True
11098721.IV.T1218..EH,11098721,2775,27.75,1312.0,13.120000000000001,14.629999999999999,True
11098721.IV.T1218..HN,11098721,4827,48.27,4802.0,48.02,0.25,True
11098721.IV.T1219..EH,11098721,3194,31.94,3203.0,32.03,0.08999999999999986,True
11098721.IV.T1219..HN,11098721,2059,20.59,2077.0,20.77,0.17999999999999972,True
11098721.IV.T1221..EH,11098721,3103,31.03,1080.0,10.8,20.23,True
11098721.IV.T1221..HN,11098721,4300,43.0,1220.0,12.200000000000001,30.799999999999997,True
11098721.IV.T1241..EH,11098721,1639,16.39,1650.0,16.5,0.10999999999999943,True
11098721.IV.T1241..HN,11098721,1735,17.35,1757.0,17.57,0.21999999999999886,True
11098721.IV.T1243..HH,11098721,1871,18.71,1862.0,18.62,0.08999999999999986,True
11098721.IV.T1243..HN,11098721,1618,16.18,1619.0,16.19,0.010000000000001563,True
11098721.IV.T1244..EH,11098721,1785,17.85,1745.0,17.45,0.40000000000000213,True
11098721.IV.T1244..HN,11098721,1628,16.28,1293.0,12.93,3.3500000000000014,True
11098721.IV.T1245..HH,11098721,1590,15.9,1583.0,15.83,0.07000000000000028,True
11098721.IV.T1245..HN,11098721,1601,16.01,1603.0,16.03,0.019999999999999574,True
11098721.IV.T1246..HH,11098721,1664,16.64,1660.0,16.6,0.03999999999999915,True
11098721.IV.T1247..HH,11098721,1603,16.03,1077.0,10.77,5.260000000000002,True
11098721.IV.T1256..HH,11098721,1669,16.69,1684.0,16.84,0.14999999999999858,True
11098721.IV.T1256..HN,11098721,1661,16.61,1710.0,17.1,0.490000000000002,True
11098721.IV.T1299..EH,11098721,2099,20.990000000000002,2092.0,20.92,0.07000000000000028,True
11098721.IV.T1299..HN,11098721,1966,19.66,1964.0,19.64,0.019999999999999574,True
11098721.IV.TERO..HH,11098721,1864,18.64,1861.0,18.61,0.030000000000001137,True
11098721.IV.TERO..HN,11098721,2101,21.01,2104.0,21.04,0.029999999999997584,True
11098721.IV.VCEL..EH,11098721,1820,18.2,1823.0,18.23,0.030000000000001137,True
1109901.IV.BOB..HH,1109901,2228,22.28,2294.0,22.94,0.6600000000000001,True
1109901.IV.BOB..HN,1109901,2030,20.3,2183.0,21.830000000000002,1.5300000000000011,True
1109901.IV.BRMO..HH,1109901,1565,15.65,1643.0,16.43,0.7799999999999994,True
1109901.NI.CGRP..HH,1109901,1739,17.39,1778.0,17.78,0.39000000000000057,True
1109901.IV.CSNT..HH,1109901,1787,17.87,1823.0,18.23,0.35999999999999943,True
1109901.GU.GORR..HH,1109901,2021,20.21,2024.0,20.240000000000002,0.030000000000001137,True
1109901.IV.MABI..HH,1109901,1996,19.96,2031.0,20.31,0.34999999999999787,True
1109901.IV.MAGA..HH,1109901,1877,18.77,1870.0,18.7,0.07000000000000028,True
1109901.GU.MAIM..HH,1109901,1759,17.59,1429.0,14.290000000000001,3.299999999999999,True
1109901.IV.MODE..HN,1109901,2185,21.85,2192.0,21.92,0.07000000000000028,True
1109901.IV.MSSA..HH,1109901,1680,16.8,1682.0,16.82,0.019999999999999574,True
1109901.IV.NOVE..EH,1109901,1617,16.17,1594.0,15.94,0.2300000000000022,True
1109901.GU.PCP..HH,1109901,1632,16.32,1648.0,16.48,0.16000000000000014,True
1109901.IV.PLMA..HH,1109901,1855,18.55,1276.0,12.76,5.790000000000001,True
1109901.IV.RAVA..EH,1109901,1798,17.98,1820.0,18.2,0.21999999999999886,True
1109901.IV.ROVR..HH,1109901,2028,20.28,2032.0,20.32,0.03999999999999915,True
1109901.IV.SALO..HH,1109901,1898,18.98,1922.0,19.22,0.23999999999999844,True
1109901.IV.SBPO..HH,1109901,2005,20.05,2012.0,20.12,0.07000000000000028,True
1109901.IV.T0802..HN,1109901,1546,15.46,1555.0,15.55,0.08999999999999986,True
1109901.IV.T0819..EH,1109901,1803,18.03,1791.0,17.91,0.120000000000001,True
1109901.IV.T0819..HN,1109901,1820,18.2,1820.0,18.2,0.0,True
1109901.IV.T0825..EH,1109901,1536,15.36,1523.0,15.23,0.129999999999999,True
1109901.IV.TEOL..HH,1109901,1673,16.73,1684.0,16.84,0.10999999999999943,True
11099711.IV.CSP1..EH,11099711,2010,20.1,2037.0,20.37,0.2699999999999996,True
11099711.IV.FDMO..HH,11099711,1716,17.16,1727.0,17.27,0.10999999999999943,True
11099711.IV.MMO1..EH,11099711,1989,19.89,1996.0,19.96,0.07000000000000028,True
11099711.IV.MMO1..HN,11099711,2018,20.18,,,,False
11099711.IV.NRCA..HH,11099711,1705,17.05,1423.0,14.23,2.8200000000000003,True
11099711.IV.NRCA..HN,11099711,1637,16.37,1850.0,18.5,2.129999999999999,True
11099711.IV.T1216..EH,11099711,5236,52.36,5249.0,52.49,0.13000000000000256,True
11099711.IV.T1216..HN,11099711,4591,45.910000000000004,6284.0,62.84,16.93,True
11099711.IV.T1219..EH,11099711,4813,48.13,3175.0,31.75,16.380000000000003,True
11099711.IV.T1219..HN,11099711,4604,46.04,1358.0,13.58,32.46,True
11099711.IV.T1245..HH,11099711,1773,17.73,1790.0,17.900000000000002,0.1700000000000017,True
11099711.IV.T1245..HN,11099711,1771,17.71,2279.0,22.79,5.079999999999998,True
1110111.NI.AGOR..HH,1110111,1982,19.82,2120.0,21.2,1.379999999999999,True
1110111.IV.BRMO..HH,1110111,2241,22.41,2310.0,23.1,0.6900000000000013,True
1110111.NI.CGRP..HH,1110111,1980,19.8,2021.0,20.21,0.41000000000000014,True
1110111.IV.CTI..HH,1110111,1846,18.46,2002.0,20.02,1.5599999999999987,True
1110111.IV.ERBM..EH,1110111,1698,16.98,999.0,9.99,6.99,True
1110111.IV.MAGA..HH,1110111,1864,18.64,1868.0,18.68,0.03999999999999915,True
1110111.GU.MAIM..HH,1110111,1891,18.91,1960.0,19.6,0.6900000000000013,True
1110111.IV.MDI..HH,1110111,1703,17.03,1744.0,17.44,0.41000000000000014,True
1110111.IV.MDI..HN,1110111,1664,16.64,3696.0,36.96,20.32,True
1110111.IV.MODE..HN,1110111,2073,20.73,2077.0,20.77,0.03999999999999915,True
1110111.SI.MOSI..HH,1110111,1617,16.17,1668.0,16.68,0.509999999999998,True
1110111.IV.MSSA..HH,1110111,1980,19.8,1987.0,19.87,0.07000000000000028,True
1110111.IV.NOVE..EH,1110111,1644,16.44,1636.0,16.36,0.08000000000000185,True
1110111.IV.PLMA..HH,1110111,1976,19.76,1983.0,19.830000000000002,0.07000000000000028,True
1110111.IV.RAVA..EH,1110111,1686,16.86,1707.0,17.07,0.21000000000000085,True
1110111.IV.ROVR..HH,1110111,1652,16.52,1658.0,16.580000000000002,0.060000000000002274,True
1110111.IV.SALO..HH,1110111,2312,23.12,2342.0,23.42,0.3000000000000007,True
1110111.IV.SERM..EH,1110111,1982,19.82,2189.0,21.89,2.0700000000000003,True
1110111.IV.SERM..HN,1110111,2017,20.17,2051.0,20.51,0.33999999999999986,True
1110111.IV.T0800..HH,1110111,1771,17.71,1779.0,17.79,0.0799999999999983,True
1110111.IV.T0800..HN,1110111,1864,18.64,1872.0,18.72,0.0799999999999983,True
1110111.IV.T0802..HN,1110111,1868,18.68,1874.0,18.740000000000002,0.060000000000002274,True
1110111.IV.T0819..EH,1110111,1952,19.52,1898.0,18.98,0.5399999999999991,True
1110111.IV.T0819..HN,1110111,1859,18.59,1819.0,18.19,0.3999999999999986,True
1110111.IV.T0821..EH,1110111,1925,19.25,2026.0,20.26,1.0100000000000016,True
1110111.IV.T0821..HN,1110111,2005,20.05,2073.0,20.73,0.6799999999999997,True
1110111.IV.T0825..EH,1110111,1968,19.68,1667.0,16.67,3.009999999999998,True
1110111.IV.TEOL..HH,1110111,2042,20.42,2046.0,20.46,0.03999999999999915,True
1110111.IV.ZCCA..HH,1110111,1841,18.41,1839.0,18.39,0.019999999999999574,True
1110111.IV.ZCCA..HN,1110111,1852,18.52,2328.0,23.28,4.760000000000002,True
1110151.IV.ARVD..HH,1110151,1748,17.48,1726.0,17.26,0.21999999999999886,True
1110151.IV.ATBU..EH,1110151,1798,17.98,1804.0,18.04,0.05999999999999872,True
1110151.IV.ATCC..EH,1110151,1592,15.92,1589.0,15.89,0.02999999999999936,True
1110151.IV.ATPC..HH,1110151,1717,17.17,1725.0,17.25,0.0799999999999983,True
1110151.IV.ATPC..HN,1110151,1693,16.93,1722.0,17.22,0.28999999999999915,True
1110151.IV.ATPI..EH,1110151,1748,17.48,1753.0,17.53,0.05000000000000071,True
1110151.IV.ATVA..EH,1110151,2060,20.6,2064.0,20.64,0.03999999999999915,True
1110151.IV.ATVO..HH,1110151,1978,19.78,1974.0,19.740000000000002,0.03999999999999915,True
1110151.IV.BADI..EH,1110151,1878,18.78,1881.0,18.81,0.029999999999997584,True
1110151.IV.CESI..HH,1110151,2066,20.66,1353.0,13.530000000000001,7.129999999999999,True
1110151.IV.CING..HH,1110151,1910,19.1,1926.0,19.26,0.16000000000000014,True
1110151.IV.COR1..EH,1110151,1705,17.05,1711.0,17.11,0.05999999999999872,True
1110151.IV.COR1..HN,1110151,1823,18.23,,,,False
1110151.IV.EL6..EH,1110151,1962,19.62,1967.0,19.67,0.05000000000000071,True
1110151.IV.FDMO..HH,1110151,2263,22.63,2259.0,22.59,0.03999999999999915,True
1110151.IV.FRON..EH,1110151,1880,18.8,1703.0,17.03,1.7699999999999996,True
1110151.IV.FSSB..HH,1110151,1880,18.8,1863.0,18.63,0.1700000000000017,True
1110151.IV.GUMA..HH,1110151,1594,15.94,1630.0,16.3,0.3600000000000012,True
1110151.IV.GUMA..HN,1110151,1605,16.05,1696.0,16.96,0.9100000000000001,True
1110151.IV.LNSS..HH,1110151,1971,19.71,1987.0,19.87,0.16000000000000014,True
1110151.IV.MPAG..EH,1110151,1842,18.42,1850.0,18.5,0.0799999999999983,True
1110151.IV.MPAG..HN,1110151,1661,16.61,2442.0,24.42,7.810000000000002,True
1110151.IV.MURB..HH,1110151,1532,15.32,1541.0,15.41,0.08999999999999986,True
1110151.IV.MURB..HN,1110151,1528,15.280000000000001,2894.0,28.94,13.66,True
1110151.IV.NARO..HH,1110151,1562,15.620000000000001,1532.0,15.32,0.3000000000000007,True
1110151.IV.NRCA..HH,1110151,1693,16.93,1699.0,16.990000000000002,0.060000000000002274,True
1110151.IV.NRCA..HN,1110151,1725,17.25,1799.0,17.990000000000002,0.740000000000002,True
1110151.IV.PARC..HH,1110151,1898,18.98,1893.0,18.93,0.05000000000000071,True
1110151.IV.PE3..EH,1110151,1971,19.71,1954.0,19.54,0.1700000000000017,True
1110151.IV.PIEI..HH,1110151,1862,18.62,1858.0,18.580000000000002,0.03999999999999915,True
1110151.IV.SNTG..HH,1110151,1574,15.74,1566.0,15.66,0.08000000000000007,True
1110151.IV.SNTG..HN,1110151,1580,15.8,1928.0,19.28,3.4800000000000004,True
1110151.IV.SSFR..HH,1110151,1739,17.39,1732.0,17.32,0.07000000000000028,True
1110151.IV.SSFR..HN,1110151,1581,15.81,1583.0,15.83,0.019999999999999574,True
11101871.IV.ARVD..HH,11101871,1870,18.7,1885.0,18.85,0.15000000000000213,True
11101871.IV.ATCC..EH,11101871,1661,16.61,1657.0,16.57,0.03999999999999915,True
11101871.IV.ATCC..HN,11101871,1583,15.83,,,,False
11101871.IV.CESI..HH,11101871,1911,19.11,1940.0,19.400000000000002,0.2900000000000027,True
11101871.IV.CSP1..EH,11101871,1857,18.57,1859.0,18.59,0.019999999999999574,True
11101871.IV.EL6..EH,11101871,1816,18.16,1814.0,18.14,0.019999999999999574,True
11101871.IV.FDMO..HH,11101871,2120,21.2,2112.0,21.12,0.0799999999999983,True
11101871.IV.FOSV..EH,11101871,1876,18.76,1878.0,18.78,0.019999999999999574,True
11101871.IV.GUMA..HH,11101871,1978,19.78,1985.0,19.85,0.07000000000000028,True
11101871.IV.GUMA..HN,11101871,1957,19.57,6872.0,68.72,49.15,True
11101871.IV.SNTG..HH,11101871,1714,17.14,1716.0,17.16,0.019999999999999574,True
11101871.IV.SNTG..HN,11101871,1689,16.89,2230.0,22.3,5.41,True
11101871.IV.SSFR..HH,11101871,1728,17.28,1726.0,17.26,0.019999999999999574,True
11101871.IV.SSFR..HN,11101871,1821,18.21,2660.0,26.6,8.39,True
11101871.IV.T1215..EH,11101871,2002,20.02,1853.0,18.53,1.4899999999999984,True
11101871.IV.T1215..HN,11101871,3187,31.87,3758.0,37.58,5.709999999999997,True
11101871.IV.T1216..EH,11101871,3810,38.1,2034.0,20.34,17.76,True
11101871.IV.T1216..HN,11101871,3864,38.64,4014.0,40.14,1.5,True
11101871.IV.T1218..EH,11101871,2357,23.57,1522.0,15.22,8.35,True
11101871.IV.T1218..HN,11101871,4157,41.57,6819.0,68.19,26.619999999999997,True
11101871.IV.T1219..EH,11101871,2456,24.560000000000002,1140.0,11.4,13.160000000000002,True
11101871.IV.T1219..HN,11101871,2003,20.03,2007.0,20.07,0.03999999999999915,True
11101871.IV.T1245..HH,11101871,1773,17.73,1189.0,11.89,5.84,True
11101871.IV.T1256..HH,11101871,1991,19.91,1980.0,19.8,0.10999999999999943,True
11101871.IV.T1256..HN,11101871,1767,17.67,1786.0,17.86,0.18999999999999773,True
11101871.IV.TERO..HH,11101871,1780,17.8,999.0,9.99,7.8100000000000005,True
11101871.IV.TERO..HN,11101871,1762,17.62,2932.0,29.32,11.7,True
11103591.IV.CESI..HH,11103591,1780,17.8,1778.0,17.78,0.019999999999999574,True
11103591.IV.CSP1..EH,11103591,1609,16.09,1612.0,16.12,0.030000000000001137,True
11103591.IV.FDMO..HH,11103591,1569,15.69,1571.0,15.71,0.02000000000000135,True
11103591.IV.MC2..EH,11103591,2085,20.85,2147.0,21.47,0.6199999999999974,True
11103591.IV.MMO1..EH,11103591,1511,15.11,1518.0,15.18,0.07000000000000028,True
11103591.IV.SNTG..HH,11103591,2091,20.91,2163.0,21.63,0.7199999999999989,True
11103591.IV.SNTG..HN,11103591,1955,19.55,,,,False
11103591.IV.T1215..EH,11103591,2322,23.22,2322.0,23.22,0.0,True
11103591.IV.T1215..HN,11103591,1671,16.71,2048.0,20.48,3.7699999999999996,True
11103591.IV.T1216..EH,11103591,3349,33.49,1060.0,10.6,22.89,True
11103591.IV.T1216..HN,11103591,2796,27.96,2800.0,28.0,0.03999999999999915,True
11103591.IV.T1219..EH,11103591,3374,33.74,1158.0,11.58,22.160000000000004,True
11103591.IV.T1219..HN,11103591,4174,41.74,4185.0,41.85,0.10999999999999943,True
11103591.IV.T1241..EH,11103591,1946,19.46,1949.0,19.490000000000002,0.030000000000001137,True
11103591.IV.T1256..HH,11103591,1853,18.53,1868.0,18.68,0.14999999999999858,True
11103591.IV.T1256..HN,11103591,1812,18.12,2105.0,21.05,2.9299999999999997,True
11105061.MN.AQU..HH,11105061,1709,17.09,1729.0,17.29,0.1999999999999993,True
11105061.MN.AQU..HL,11105061,1565,15.65,1610.0,16.1,0.45000000000000107,True
11105061.IV.ARRO..EH,11105061,1891,18.91,1886.0,18.86,0.05000000000000071,True
11105061.IV.CAMP..HH,11105061,1692,16.92,1639.0,16.39,0.5300000000000011,True
11105061.IV.CESX..HH,11105061,2009,20.09,2030.0,20.3,0.21000000000000085,True
11105061.IV.CING..HH,11105061,1559,15.59,1573.0,15.73,0.14000000000000057,True
11105061.IV.CSP1..EH,11105061,1773,17.73,1776.0,17.76,0.030000000000001137,True
11105061.IV.EL6..EH,11105061,1619,16.19,1640.0,16.4,0.2099999999999973,True
11105061.IV.FAGN..HH,11105061,1845,18.45,1843.0,18.43,0.019999999999999574,True
11105061.IV.FIAM..HH,11105061,1578,15.780000000000001,1559.0,15.59,0.19000000000000128,True
11105061.IV.FIAM..HN,11105061,1637,16.37,1655.0,16.55,0.17999999999999972,True
11105061.IV.GIGS..HH,11105061,1994,19.94,1991.0,19.91,0.030000000000001137,True
11105061.IV.GUMA..HH,11105061,1880,18.8,1886.0,18.86,0.05999999999999872,True
11105061.IV.GUMA..HN,11105061,1837,18.37,1849.0,18.490000000000002,0.120000000000001,True
11105061.IV.INTR..HH,11105061,1986,19.86,1988.0,19.88,0.019999999999999574,True
11105061.IV.INTR..HN,11105061,1855,18.55,2043.0,20.43,1.879999999999999,True
11105061.IV.LNSS..HH,11105061,1637,16.37,1587.0,15.870000000000001,0.5,True
11105061.IV.MC2..EH,11105061,1770,17.7,1773.0,17.73,0.030000000000001137,True
11105061.IV.NRCA..HH,11105061,1952,19.52,1959.0,19.59,0.07000000000000028,True
11105061.IV.NRCA..HN,11105061,1944,19.44,1952.0,19.52,0.0799999999999983,True
11105061.IV.OFFI..HH,11105061,2069,20.69,2064.0,20.64,0.05000000000000071,True
11105061.IV.RM33..EH,11105061,1837,18.37,1778.0,17.78,0.5899999999999999,True
11105061.IV.RM33..HN,11105061,1664,16.64,1651.0,16.51,0.129999999999999,True
11105061.IV.SACS..HH,11105061,1844,18.44,1917.0,19.17,0.7300000000000004,True
11105061.IV.SACS..HN,11105061,1634,16.34,,,,False
11105061.IV.SRES..HH,11105061,1646,16.46,1672.0,16.72,0.259999999999998,True
11105061.IV.T0110..HH,11105061,1607,16.07,1603.0,16.03,0.03999999999999915,True
11105061.IV.T1201..HN,11105061,2263,22.63,2258.0,22.580000000000002,0.04999999999999716,True
11105061.IV.T1202..EH,11105061,1768,17.68,1764.0,17.64,0.03999999999999915,True
11105061.IV.T1204..EH,11105061,1768,17.68,1740.0,17.400000000000002,0.2799999999999976,True
11105061.IV.T1211..EH,11105061,2979,29.79,2959.0,29.59,0.1999999999999993,True
11105061.IV.T1211..HN,11105061,1775,17.75,1777.0,17.77,0.019999999999999574,True
11105061.IV.T1212..EH,11105061,2449,24.490000000000002,1334.0,13.34,11.150000000000002,True
11105061.IV.T1212..HN,11105061,2267,22.67,1166.0,11.66,11.010000000000002,True
11105061.IV.T1213..EH,11105061,2533,25.330000000000002,2555.0,25.55,0.21999999999999886,True
11105061.IV.T1213..HN,11105061,3840,38.4,3884.0,38.84,0.44000000000000483,True
11105061.IV.T1215..EH,11105061,3379,33.79,2327.0,23.27,10.52,True
11105061.IV.T1215..HN,11105061,1661,16.61,1688.0,16.88,0.2699999999999996,True
11105061.IV.T1216..EH,11105061,2036,20.36,2048.0,20.48,0.120000000000001,True
11105061.IV.T1216..HN,11105061,3625,36.25,3650.0,36.5,0.25,True
11105061.IV.T1218..EH,11105061,2530,25.3,2508.0,25.080000000000002,0.21999999999999886,True
11105061.IV.T1218..HN,11105061,3064,30.64,3067.0,30.67,0.030000000000001137,True
11105061.IV.T1219..EH,11105061,2982,29.82,2995.0,29.95,0.129999999999999,True
11105061.IV.T1219..HN,11105061,3875,38.75,3944.0,39.44,0.6899999999999977,True
11105061.IV.T1241..EH,11105061,1778,17.78,1768.0,17.68,0.10000000000000142,True
11105061.IV.T1243..HH,11105061,1639,16.39,1601.0,16.01,0.379999999999999,True
11105061.IV.T1243..HN,11105061,1601,16.01,1604.0,16.04,0.029999999999997584,True
11105061.IV.T1244..EH,11105061,1526,15.26,1516.0,15.16,0.09999999999999964,True
11105061.IV.T1244..HN,11105061,1599,15.99,1602.0,16.02,0.02999999999999936,True
11105061.IV.T1245..HH,11105061,1986,19.86,1413.0,14.13,5.729999999999999,True
11105061.IV.T1245..HN,11105061,1967,19.67,2043.0,20.43,0.759999999999998,True
11105061.IV.T1246..HH,11105061,1757,17.57,1703.0,17.03,0.5399999999999991,True
11105061.IV.T1247..HH,11105061,1616,16.16,1608.0,16.080000000000002,0.0799999999999983,True
11105061.IV.T1256..HH,11105061,1637,16.37,1642.0,16.42,0.05000000000000071,True
11105061.IV.T1256..HN,11105061,1508,15.08,1616.0,16.16,1.08,True
11105061.IV.T1299..EH,11105061,2109,21.09,2070.0,20.7,0.39000000000000057,True
11105061.IV.T1299..HN,11105061,1998,19.98,1998.0,19.98,0.0,True
11105061.IV.TERO..HN,11105061,2007,20.07,1993.0,19.93,0.14000000000000057,True
11105061.IV.VCEL..EH,11105061,1955,19.55,1957.0,19.57,0.019999999999999574,True
1110591.IV.AGST..EH,1110591,2290,22.900000000000002,2295.0,22.95,0.04999999999999716,True
1110591.MN.CEL..HH,1110591,1595,15.950000000000001,1609.0,16.09,0.1399999999999988,True
1110591.MN.CEL..HL,1110591,1911,19.11,1150.0,11.5,7.609999999999999,True
1110591.IV.HAGA..HH,1110591,1868,18.68,1877.0,18.77,0.08999999999999986,True
1110591.IV.HAVL..HH,1110591,2034,20.34,2040.0,20.400000000000002,0.060000000000002274,True
1110591.IV.HCRL..HH,1110591,1787,17.87,1790.0,17.900000000000002,0.030000000000001137,True
1110591.IV.HLNI..HH,1110591,1597,15.97,1593.0,15.93,0.040000000000000924,True
1110591.IV.HMDC..HH,1110591,1653,16.53,1665.0,16.65,0.11999999999999744,True
1110591.IV.IFIL..HH,1110591,1537,15.370000000000001,1569.0,15.69,0.3199999999999985,True
1110591.IV.IVPL..HH,1110591,1626,16.26,1704.0,17.04,0.7799999999999976,True
1110591.IV.JOPP..HH,1110591,1891,18.91,1629.0,16.29,2.620000000000001,True
1110591.IV.MCSR..HH,1110591,1553,15.530000000000001,1546.0,15.46,0.07000000000000028,True
1110591.IV.MPAZ..HH,1110591,1686,16.86,1682.0,16.82,0.03999999999999915,True
1110591.IV.MPNC..HH,1110591,2023,20.23,2027.0,20.27,0.03999999999999915,True
1110591.IV.MSCL..HH,1110591,1745,17.45,1000.0,10.0,7.449999999999999,True
1110591.IV.MSFR..HH,1110591,1839,18.39,1840.0,18.400000000000002,0.010000000000001563,True
1110591.IV.MSRU..HH,1110591,1895,18.95,1907.0,19.07,0.120000000000001,True
1110591.IV.MTTG..HH,1110591,1794,17.94,1794.0,17.94,0.0,True
1110591.IV.NOV..HH,1110591,1618,16.18,1646.0,16.46,0.28000000000000114,True
1110591.IV.PIPA..HH,1110591,1869,18.69,1873.0,18.73,0.03999999999999915,True
1110591.IV.PIPA..HN,1110591,1632,16.32,1677.0,16.77,0.4499999999999993,True
1110591.IV.PLAC..HH,1110591,1884,18.84,1872.0,18.72,0.120000000000001,True
1110591.IV.SERS..HH,1110591,1880,18.8,1892.0,18.92,0.120000000000001,True
1110591.IV.SERS..HN,1110591,1743,17.43,1802.0,18.02,0.5899999999999999,True
1110591.IV.SOI..EH,1110591,1590,15.9,1555.0,15.55,0.34999999999999964,True
1110591.IV.SSY..HH,1110591,1748,17.48,1778.0,17.78,0.3000000000000007,True
11107161.IV.ATCC..EH,11107161,2224,22.240000000000002,2224.0,22.240000000000002,0.0,True
11107161.IV.ATCC..HN,11107161,1905,19.05,,,,False
11107161.IV.CAMP..HH,11107161,2026,20.26,2053.0,20.53,0.2699999999999996,True
11107161.IV.CESI..HH,11107161,1669,16.69,1666.0,16.66,0.030000000000001137,True
11107161.IV.CING..HH,11107161,1878,18.78,1892.0,18.92,0.14000000000000057,True
11107161.IV.CSP1..EH,11107161,1586,15.860000000000001,1594.0,15.94,0.0799999999999983,True
11107161.IV.FDMO..HH,11107161,1814,18.14,1403.0,14.030000000000001,4.109999999999999,True
11107161.IV.GUMA..HH,11107161,1603,16.03,1604.0,16.04,0.00999999999999801,True
11107161.IV.GUMA..HN,11107161,1578,15.780000000000001,1581.0,15.81,0.02999999999999936,True
11107161.IV.LNSS..HH,11107161,2042,20.42,2049.0,20.490000000000002,0.07000000000000028,True
11107161.IV.MC2..EH,11107161,1839,18.39,1665.0,16.65,1.740000000000002,True
11107161.IV.MMO1..EH,11107161,1830,18.3,1831.0,18.31,0.00999999999999801,True
11107161.IV.MMO1..HN,11107161,1746,17.46,1777.0,17.77,0.3099999999999987,True
11107161.IV.NRCA..HH,11107161,1982,19.82,1979.0,19.79,0.030000000000001137,True
11107161.IV.NRCA..HN,11107161,2021,20.21,2018.0,20.18,0.030000000000001137,True
11107161.IV.OFFI..HH,11107161,1574,15.74,1580.0,15.8,0.0600000000000005,True
11107161.IV.SMA1..EH,11107161,1864,18.64,1373.0,13.73,4.91,True
11107161.IV.SNTG..HH,11107161,1910,19.1,1916.0,19.16,0.05999999999999872,True
11107161.IV.SNTG..HN,11107161,1903,19.03,2604.0,26.04,7.009999999999998,True
11107161.IV.T1211..EH,11107161,1648,16.48,2339.0,23.39,6.91,True
11107161.IV.T1211..HN,11107161,4608,46.08,1506.0,15.06,31.019999999999996,True
11107161.IV.T1215..EH,11107161,2888,28.88,1818.0,18.18,10.7,True
11107161.IV.T1215..HN,11107161,4196,41.96,999.0,9.99,31.97,True
11107161.IV.T1216..EH,11107161,3153,31.53,3142.0,31.42,0.10999999999999943,True
11107161.IV.T1216..HN,11107161,2079,20.79,2079.0,20.79,0.0,True
11107161.IV.T1218..EH,11107161,1755,17.55,1766.0,17.66,0.10999999999999943,True
11107161.IV.T1218..HN,11107161,3584,35.84,2094.0,20.94,14.900000000000002,True
11107161.IV.T1219..EH,11107161,1732,17.32,1412.0,14.120000000000001,3.1999999999999993,True
11107161.IV.T1219..HN,11107161,4644,46.44,2517.0,25.17,21.269999999999996,True
11107161.IV.T1241..EH,11107161,1696,16.96,1689.0,16.89,0.07000000000000028,True
11107161.IV.T1241..HN,11107161,1753,17.53,1754.0,17.54,0.00999999999999801,True
11107161.IV.T1243..HH,11107161,1901,19.01,1904.0,19.04,0.029999999999997584,True
11107161.IV.T1243..HN,11107161,1866,18.66,1877.0,18.77,0.10999999999999943,True
11107161.IV.T1245..HH,11107161,1746,17.46,1741.0,17.41,0.05000000000000071,True
11107161.IV.T1245..HN,11107161,1716,17.16,1716.0,17.16,0.0,True
11107161.IV.T1256..HH,11107161,1745,17.45,1749.0,17.490000000000002,0.0400000000000027,True
11107161.IV.T1256..HN,11107161,1694,16.94,1754.0,17.54,0.5999999999999979,True
11107161.IV.TERO..HH,11107161,1558,15.58,1612.0,16.12,0.5400000000000009,True
11107161.IV.TERO..HN,11107161,1673,16.73,1726.0,17.26,0.5300000000000011,True
11108321.IV.ARRO..EH,11108321,2028,20.28,2051.0,20.51,0.23000000000000043,True
11108321.IV.CSP1..EH,11108321,1866,18.66,1900.0,19.0,0.33999999999999986,True
11108321.IV.FDMO..HH,11108321,1943,19.43,1947.0,19.47,0.03999999999999915,True
11108321.IV.LNSS..HH,11108321,1571,15.71,1574.0,15.74,0.02999999999999936,True
11108321.IV.MMO1..EH,11108321,1801,18.01,1893.0,18.93,0.9199999999999982,True
11108321.IV.MMO1..HN,11108321,1607,16.07,,,,False
11108321.IV.T1211..EH,11108321,3763,37.63,3786.0,37.86,0.22999999999999687,True
11108321.IV.T1211..HN,11108321,2664,26.64,3165.0,31.650000000000002,5.010000000000002,True
11108321.IV.T1218..EH,11108321,1751,17.51,1016.0,10.16,7.350000000000001,True
11108321.IV.T1218..HN,11108321,1857,18.57,1865.0,18.650000000000002,0.08000000000000185,True
11108321.IV.T1219..EH,11108321,2429,24.29,1086.0,10.86,13.43,True
11108321.IV.T1219..HN,11108321,3310,33.1,2081.0,20.81,12.290000000000003,True
11108831.IV.ARRO..EH,11108831,1732,17.32,1738.0,17.38,0.05999999999999872,True
11108831.IV.CAMP..HH,11108831,1912,19.12,1914.0,19.14,0.019999999999999574,True
11108831.IV.CESI..HH,11108831,1585,15.85,1575.0,15.75,0.09999999999999964,True
11108831.IV.CING..HH,11108831,1719,17.19,1734.0,17.34,0.14999999999999858,True
11108831.IV.CSP1..EH,11108831,1547,15.47,1547.0,15.47,0.0,True
11108831.IV.EL6..EH,11108831,1639,16.39,1649.0,16.490000000000002,0.10000000000000142,True
11108831.IV.FDMO..HH,11108831,1841,18.41,1846.0,18.46,0.05000000000000071,True
11108831.IV.FIAM..HH,11108831,1594,15.94,1596.0,15.96,0.02000000000000135,True
11108831.IV.FIAM..HN,11108831,1557,15.57,1631.0,16.31,0.7399999999999984,True
11108831.IV.GUMA..HH,11108831,2081,20.81,2082.0,20.82,0.010000000000001563,True
11108831.IV.GUMA..HN,11108831,1970,19.7,1987.0,19.87,0.1700000000000017,True
11108831.IV.LNSS..HH,11108831,1894,18.94,1872.0,18.72,0.22000000000000242,True
11108831.IV.MMO1..EH,11108831,1898,18.98,1155.0,11.55,7.43,True
11108831.IV.MMO1..HN,11108831,1926,19.26,2002.0,20.02,0.759999999999998,True
11108831.IV.NRCA..HH,11108831,1687,16.87,1466.0,14.66,2.210000000000001,True
11108831.IV.NRCA..HN,11108831,1605,16.05,1602.0,16.02,0.030000000000001137,True
11108831.IV.OFFI..HH,11108831,2027,20.27,2029.0,20.29,0.019999999999999574,True
11108831.IV.RM33..EH,11108831,2112,21.12,1249.0,12.49,8.63,True
11108831.IV.RM33..HN,11108831,2094,20.94,2172.0,21.72,0.7799999999999976,True
11108831.IV.SMA1..EH,11108831,1717,17.17,1721.0,17.21,0.03999999999999915,True
11108831.IV.SNTG..HH,11108831,1842,18.42,1875.0,18.75,0.3299999999999983,True
11108831.IV.SNTG..HN,11108831,1871,18.71,,,,False
11108831.IV.T1211..EH,11108831,2201,22.01,2201.0,22.01,0.0,True
11108831.IV.T1211..HN,11108831,1919,19.19,1982.0,19.82,0.629999999999999,True
11108831.IV.T1215..EH,11108831,4158,41.58,1671.0,16.71,24.869999999999997,True
11108831.IV.T1215..HN,11108831,2147,21.47,2151.0,21.51,0.0400000000000027,True
11108831.IV.T1216..EH,11108831,2409,24.09,1872.0,18.72,5.370000000000001,True
11108831.IV.T1216..HN,11108831,2032,20.32,2040.0,20.400000000000002,0.08000000000000185,True
11108831.IV.T1218..EH,11108831,3832,38.32,1775.0,17.75,20.57,True
11108831.IV.T1218..HN,11108831,1936,19.36,1937.0,19.37,0.010000000000001563,True
11108831.IV.T1219..EH,11108831,3632,36.32,2373.0,23.73,12.59,True
11108831.IV.T1219..HN,11108831,2224,22.240000000000002,2303.0,23.03,0.7899999999999991,True
11108831.IV.T1243..HH,11108831,1584,15.84,1595.0,15.950000000000001,0.11000000000000121,True
11108831.IV.T1243..HN,11108831,1664,16.64,1687.0,16.87,0.23000000000000043,True
11108831.IV.T1245..HH,11108831,1661,16.61,1662.0,16.62,0.010000000000001563,True
11108831.IV.T1245..HN,11108831,1717,17.17,1720.0,17.2,0.029999999999997584,True
11108831.IV.T1247..HH,11108831,1587,15.870000000000001,1598.0,15.98,0.10999999999999943,True
11108831.IV.T1256..HH,11108831,1764,17.64,1763.0,17.63,0.010000000000001563,True
11108831.IV.T1256..HN,11108831,1816,18.16,2308.0,23.080000000000002,4.920000000000002,True
11108831.IV.TERO..HN,11108831,1907,19.07,1916.0,19.16,0.08999999999999986,True
11109121.IV.ACER..HH,11109121,1769,17.69,1704.0,17.04,0.6500000000000021,True
11109121.IV.ACER..HN,11109121,2011,20.11,1993.0,19.93,0.17999999999999972,True
11109121.TV.AG11..EH,11109121,1787,17.87,1715.0,17.150000000000002,0.7199999999999989,True
11109121.IV.AIO..HH,11109121,1748,17.48,1803.0,18.03,0.5500000000000007,True
11109121.IV.AMUR..HH,11109121,1980,19.8,1963.0,19.63,0.1700000000000017,True
11109121.IV.APRC..HN,11109121,2095,20.95,2111.0,21.11,0.16000000000000014,True
11109121.IV.BIOG..HH,11109121,1896,18.96,2062.0,20.62,1.6600000000000001,True
11109121.IV.BIOG..HN,11109121,1957,19.57,2211.0,22.11,2.539999999999999,True
11109121.IV.BSSO..HH,11109121,1914,19.14,1882.0,18.82,0.3200000000000003,True
11109121.IV.BSSO..HN,11109121,2088,20.88,2112.0,21.12,0.240000000000002,True
11109121.IV.CAAM..HH,11109121,1948,19.48,2083.0,20.830000000000002,1.3500000000000014,True
11109121.IV.CAFE..HH,11109121,2094,20.94,2077.0,20.77,0.1700000000000017,True
11109121.IV.CAFE..HN,11109121,1998,19.98,2035.0,20.35,0.370000000000001,True
11109121.IV.CAPA..HH,11109121,1896,18.96,1899.0,18.990000000000002,0.030000000000001137,True
11109121.IV.CAR1..HH,11109121,2074,20.740000000000002,2122.0,21.22,0.4799999999999969,True
11109121.IV.CAR1..HN,11109121,1752,17.52,1917.0,19.17,1.6500000000000021,True
11109121.IV.CDRU..HH,11109121,1884,18.84,1821.0,18.21,0.629999999999999,True
11109121.IV.CELI..HH,11109121,1626,16.26,1532.0,15.32,0.9400000000000013,True
11109121.IV.CELI..HN,11109121,2109,21.09,2265.0,22.650000000000002,1.5600000000000023,True
11109121.IV.CERA..HH,11109121,1553,15.530000000000001,1616.0,16.16,0.629999999999999,True
11109121.IV.CERA..HN,11109121,1583,15.83,1662.0,16.62,0.7900000000000009,True
11109121.IV.CERT..HH,11109121,1576,15.76,1605.0,16.05,0.2900000000000009,True
11109121.IV.CET2..HH,11109121,1746,17.46,1749.0,17.490000000000002,0.030000000000001137,True
11109121.IV.CIGN..HH,11109121,2045,20.45,2077.0,20.77,0.3200000000000003,True
11109121.IV.CMPR..HH,11109121,1937,19.37,1899.0,18.990000000000002,0.379999999999999,True
11109121.IV.COLB..HH,11109121,1873,18.73,2036.0,20.36,1.629999999999999,True
11109121.IV.CSOB..HH,11109121,1636,16.36,1802.0,18.02,1.6600000000000001,True
11109121.IV.CSP1..EH,11109121,1793,17.93,1796.0,17.96,0.030000000000001137,True
11109121.MN.CUC..HH,11109121,2063,20.63,2045.0,20.45,0.17999999999999972,True
11109121.MN.CUC..HN,11109121,1901,19.01,1905.0,19.05,0.03999999999999915,True
11109121.IV.FRES..HH,11109121,1925,19.25,1963.0,19.63,0.379999999999999,True
11109121.IV.GIUL..HH,11109121,1930,19.3,1954.0,19.54,0.23999999999999844,True
11109121.IV.GRI..EH,11109121,2140,21.400000000000002,2168.0,21.68,0.2799999999999976,True
11109121.IV.IACL..HH,11109121,2017,20.17,2087.0,20.87,0.6999999999999993,True
11109121.IV.IFOR..HH,11109121,1751,17.51,1886.0,18.86,1.3499999999999979,True
11109121.IV.IVPL..HH,11109121,1936,19.36,1980.0,19.8,0.4400000000000013,True
11109121.IV.JOPP..HH,11109121,1639,16.39,1626.0,16.26,0.129999999999999,True
11109121.IV.JOPP..HN,11109121,1646,16.46,1770.0,17.7,1.2399999999999984,True
11109121.IV.LATB..EH,11109121,1523,15.23,1548.0,15.48,0.25,True
11109121.IX.LIO3.02.HH,11109121,1984,19.84,1971.0,19.71,0.129999999999999,True
11109121.IV.LRP..HH,11109121,1577,15.77,1596.0,15.96,0.19000000000000128,True
11109121.IV.LTRZ..EH,11109121,2074,20.740000000000002,2048.0,20.48,0.26000000000000156,True
11109121.IV.LTRZ..HN,11109121,1973,19.73,1999.0,19.990000000000002,0.26000000000000156,True
11109121.IV.MCEL..HH,11109121,1848,18.48,1751.0,17.51,0.9699999999999989,True
11109121.IV.MCEL..HN,11109121,1873,18.73,1824.0,18.240000000000002,0.48999999999999844,True
11109121.IV.MCRV..HH,11109121,1632,16.32,1552.0,15.52,0.8000000000000007,True
11109121.IV.MELA..HH,11109121,1911,19.11,1960.0,19.6,0.490000000000002,True
11109121.IV.MELA..HN,11109121,1750,17.5,1445.0,14.450000000000001,3.049999999999999,True
11109121.IV.MGR..HH,11109121,1736,17.36,1664.0,16.64,0.7199999999999989,True
11109121.IV.MGR..HN,11109121,1588,15.88,1592.0,15.92,0.03999999999999915,True
11109121.IV.MIDA..HH,11109121,1632,16.32,1709.0,17.09,0.7699999999999996,True
11109121.IV.MIDA..HN,11109121,1675,16.75,1819.0,18.19,1.4400000000000013,True
11109121.IV.MIGL..HH,11109121,1934,19.34,1929.0,19.29,0.05000000000000071,True
11109121.IV.MOCO..HH,11109121,2005,20.05,2008.0,20.080000000000002,0.030000000000001137,True
11109121.IV.MOCO..HN,11109121,1953,19.53,2054.0,20.54,1.009999999999998,True
11109121.IV.MODR..HH,11109121,2149,21.490000000000002,2166.0,21.66,0.16999999999999815,True
11109121.IV.MRB1..HH,11109121,1937,19.37,1949.0,19.490000000000002,0.120000000000001,True
11109121.IV.MRB1..HN,11109121,1978,19.78,2032.0,20.32,0.5399999999999991,True
11109121.IV.MRLC..HH,11109121,1800,18.0,1743.0,17.43,0.5700000000000003,True
11109121.IV.MRLC..HN,11109121,1859,18.59,1851.0,18.51,0.0799999999999983,True
11109121.IV.MRVN..HH,11109121,1857,18.57,1850.0,18.5,0.07000000000000028,True
11109121.IV.MSAG..HH,11109121,1823,18.23,1091.0,10.91,7.32,True
11109121.IV.MSAG..HN,11109121,1832,18.32,1827.0,18.27,0.05000000000000071,True
11109121.IV.MSRU..HH,11109121,1700,17.0,1718.0,17.18,0.17999999999999972,True
11109121.IV.MTSN..HH,11109121,1693,16.93,1618.0,16.18,0.75,True
11109121.IV.NOCI..HH,11109121,1848,18.48,1802.0,18.02,0.46000000000000085,True
11109121.IV.OVO..HH,11109121,1573,15.73,1704.0,17.04,1.3099999999999987,True
11109121.IV.PALZ..HH,11109121,2072,20.72,2010.0,20.1,0.6199999999999974,True
11109121.MN.PDG..HH,11109121,2043,20.43,2106.0,21.06,0.629999999999999,True
11109121.MN.PDG..HL,11109121,1980,19.8,2171.0,21.71,1.9100000000000001,True
11109121.IV.PIGN..HH,11109121,1876,18.76,1919.0,19.19,0.4299999999999997,True
11109121.IV.PIGN..HN,11109121,1773,17.73,1929.0,19.29,1.5599999999999987,True
11109121.IV.PLAC..HN,11109121,2426,24.26,2646.0,26.46,2.1999999999999993,True
11109121.IV.POFI..HH,11109121,1684,16.84,1713.0,17.13,0.28999999999999915,True
11109121.IV.POFI..HN,11109121,1607,16.07,1734.0,17.34,1.2699999999999996,True
11109121.IV.PTRJ..HH,11109121,1966,19.66,1535.0,15.35,4.3100000000000005,True
11109121.IV.PTRJ..HN,11109121,1971,19.71,,,,False
11109121.IV.PTRP..HH,11109121,1939,19.39,1920.0,19.2,0.19000000000000128,True
11109121.BA.PZUN..HH,11109121,1855,18.55,1799.0,17.990000000000002,0.5599999999999987,True
11109121.BA.PZUN..HN,11109121,1895,18.95,1861.0,18.61,0.33999999999999986,True
11109121.IX.RDM3.02.HH,11109121,1678,16.78,1730.0,17.3,0.5199999999999996,True
11109121.IV.RNI2..HH,11109121,1960,19.6,1991.0,19.91,0.3099999999999987,True
11109121.IV.RNI2..HN,11109121,2041,20.41,2238.0,22.38,1.9699999999999989,True
11109121.IX.RSF3.02.HH,11109121,1925,19.25,1963.0,19.63,0.379999999999999,True
11109121.IV.SACR..HH,11109121,1611,16.11,1609.0,16.09,0.019999999999999574,True
11109121.IV.SACR..HN,11109121,1632,16.32,1779.0,17.79,1.4699999999999989,True
11109121.IV.SALB..HH,11109121,1718,17.18,1696.0,16.96,0.21999999999999886,True
11109121.IV.SALB..HN,11109121,1597,15.97,1626.0,16.26,0.2900000000000009,True
11109121.IV.SCHR..EH,11109121,1912,19.12,1876.0,18.76,0.35999999999999943,True
11109121.IV.SGRT..HH,11109121,1844,18.44,1793.0,17.93,0.5100000000000016,True
11109121.IV.SGTA..HH,11109121,2093,20.93,2093.0,20.93,0.0,True
11109121.IV.SGTA..HN,11109121,2037,20.37,2074.0,20.740000000000002,0.370000000000001,True
11109121.IV.SIRI..HH,11109121,1909,19.09,1833.0,18.330000000000002,0.759999999999998,True
11109121.IV.SIRI..HN,11109121,1987,19.87,1951.0,19.51,0.35999999999999943,True
11109121.IV.SLCN..HH,11109121,1998,19.98,1909.0,19.09,0.8900000000000006,True
11109121.IV.SLCN..HN,11109121,1932,19.32,1891.0,18.91,0.41000000000000014,True
11109121.IV.SNAL..HH,11109121,1576,15.76,1515.0,15.15,0.6099999999999994,True
11109121.IV.SNAL..HN,11109121,1885,18.85,1901.0,19.01,0.16000000000000014,True
11109121.IV.SOI..EH,11109121,1841,18.41,1949.0,19.490000000000002,1.0800000000000018,True
11109121.IV.SPS2..HH,11109121,2034,20.34,2092.0,20.92,0.5800000000000018,True
11109121.OT.TAR1..HH,11109121,1909,19.09,1975.0,19.75,0.6600000000000001,True
11109121.IV.TDS..HH,11109121,1655,16.55,1659.0,16.59,0.03999999999999915,True
11109121.IV.TERO..HH,11109121,1619,16.19,1725.0,17.25,1.0599999999999987,True
11109121.IV.TERO..HN,11109121,1630,16.3,1825.0,18.25,1.9499999999999993,True
11109121.MN.TIR..HH,11109121,1789,17.89,1920.0,19.2,1.3099999999999987,True
11109121.IV.TOLF..HH,11109121,2069,20.69,2095.0,20.95,0.259999999999998,True
11109121.IV.TREM..HH,11109121,1503,15.030000000000001,1476.0,14.76,0.27000000000000135,True
11109121.IV.TRIV..HH,11109121,1825,18.25,1836.0,18.36,0.10999999999999943,True
11109121.IV.TRIV..HN,11109121,1796,17.96,,,,False
11109121.IV.VAGA..HH,11109121,1825,18.25,1839.0,18.39,0.14000000000000057,True
11109121.IV.VAGA..HN,11109121,2053,20.53,2211.0,22.11,1.5799999999999983,True
11109121.IV.VULT..HH,11109121,1757,17.57,1751.0,17.51,0.05999999999999872,True
11109121.IV.VULT..HN,11109121,1859,18.59,1863.0,18.63,0.03999999999999915,True
11109121.IV.VVDG..HH,11109121,1769,17.69,1927.0,19.27,1.5799999999999983,True
11109121.IV.VVLD..HH,11109121,1971,19.71,2008.0,20.080000000000002,0.370000000000001,True
11109791.MN.AQU..HH,11109791,1723,17.23,999.0,9.99,7.24,True
11109791.MN.AQU..HL,11109791,1820,18.2,999.0,9.99,8.209999999999999,True
11109791.IV.ARRO..EH,11109791,2127,21.27,999.0,9.99,11.28,True
11109791.IV.CAMP..HH,11109791,1627,16.27,1716.0,17.16,0.8900000000000006,True
11109791.IV.FIAM..HH,11109791,1767,17.67,1049.0,10.49,7.1800000000000015,True
11109791.IV.FIAM..HN,11109791,1637,16.37,999.0,9.99,6.380000000000001,True
11109791.IV.GIGS..HH,11109791,1680,16.8,999.0,9.99,6.8100000000000005,True
11109791.IV.LNSS..HH,11109791,1628,16.28,1963.0,19.63,3.349999999999998,True
11109791.IV.NRCA..HH,11109791,2009,20.09,999.0,9.99,10.1,True
11109791.IV.NRCA..HN,11109791,2017,20.17,999.0,9.99,10.180000000000001,True
11109791.IV.RM33..EH,11109791,2045,20.45,1040.0,10.4,10.049999999999999,True
11109791.IV.RM33..HN,11109791,1939,19.39,999.0,9.99,9.4,True
11109791.IV.SMA1..EH,11109791,2052,20.52,999.0,9.99,10.53,True
11109791.IV.T1211..EH,11109791,2957,29.57,1670.0,16.7,12.870000000000001,True
11109791.IV.T1211..HN,11109791,4015,40.15,2755.0,27.55,12.599999999999998,True
11109791.IV.T1218..EH,11109791,3621,36.21,2185.0,21.85,14.36,True
11109791.IV.T1218..HN,11109791,2382,23.82,1201.0,12.01,11.81,True
11109791.IV.T1243..HH,11109791,2028,20.28,1199.0,11.99,8.290000000000001,True
11109791.IV.T1243..HN,11109791,1994,19.94,1011.0,10.11,9.830000000000002,True
11109791.IV.T1245..HH,11109791,1745,17.45,1044.0,10.44,7.01,True
11109791.IV.T1245..HN,11109791,1739,17.39,999.0,9.99,7.4,True
11109791.IV.T1246..HH,11109791,1673,16.73,1971.0,19.71,2.9800000000000004,True
11109791.IV.T1247..HH,11109791,2101,21.01,999.0,9.99,11.020000000000001,True
11109791.IV.T1299..EH,11109791,1744,17.44,1901.0,19.01,1.5700000000000003,True
11109791.IV.T1299..HN,11109791,1591,15.91,1674.0,16.740000000000002,0.8300000000000018,True
11109791.IV.TERO..HH,11109791,2123,21.23,999.0,9.99,11.24,True
11109791.IV.TERO..HN,11109791,1953,19.53,999.0,9.99,9.540000000000001,True
11109791.IV.VCEL..EH,11109791,1928,19.28,1518.0,15.18,4.100000000000001,True
11111771.MN.AQU..HH,11111771,2129,21.29,2142.0,21.42,0.13000000000000256,True
11111771.MN.AQU..HL,11111771,2039,20.39,2074.0,20.740000000000002,0.3500000000000014,True
11111771.IV.ARRO..EH,11111771,1846,18.46,1841.0,18.41,0.05000000000000071,True
11111771.IV.CAMP..HH,11111771,1653,16.53,1613.0,16.13,0.40000000000000213,True
11111771.IV.CESX..HH,11111771,1877,18.77,1887.0,18.87,0.10000000000000142,True
11111771.IV.FAGN..HH,11111771,1632,16.32,1649.0,16.490000000000002,0.1700000000000017,True
11111771.IV.FDMO..HH,11111771,1855,18.55,1859.0,18.59,0.03999999999999915,True
11111771.IV.FIAM..HH,11111771,1657,16.57,1642.0,16.42,0.14999999999999858,True
11111771.IV.FIAM..HN,11111771,1814,18.14,1820.0,18.2,0.05999999999999872,True
11111771.IV.GIGS..HH,11111771,1852,18.52,1851.0,18.51,0.00999999999999801,True
11111771.IV.GUMA..HH,11111771,1698,16.98,1693.0,16.93,0.05000000000000071,True
11111771.IV.GUMA..HN,11111771,1721,17.21,1724.0,17.240000000000002,0.030000000000001137,True
11111771.IV.LNSS..HH,11111771,1628,16.28,1584.0,15.84,0.4400000000000013,True
11111771.IV.MC2..EH,11111771,1839,18.39,1841.0,18.41,0.019999999999999574,True
11111771.IV.MMO1..EH,11111771,1992,19.92,1989.0,19.89,0.030000000000001137,True
11111771.IV.MMO1..HN,11111771,1998,19.98,2019.0,20.19,0.21000000000000085,True
11111771.IV.NRCA..HH,11111771,1803,18.03,1799.0,17.990000000000002,0.03999999999999915,True
11111771.IV.NRCA..HN,11111771,1572,15.72,1570.0,15.700000000000001,0.019999999999999574,True
11111771.IV.RM33..EH,11111771,1762,17.62,1715.0,17.150000000000002,0.46999999999999886,True
11111771.IV.RM33..HN,11111771,1711,17.11,1697.0,16.97,0.14000000000000057,True
11111771.IV.SMA1..EH,11111771,1818,18.18,1761.0,17.61,0.5700000000000003,True
11111771.IV.T0110..HH,11111771,1970,19.7,1996.0,19.96,0.26000000000000156,True
11111771.IV.T1211..EH,11111771,2269,22.69,2243.0,22.43,0.26000000000000156,True
11111771.IV.T1211..HN,11111771,3250,32.5,3251.0,32.51,0.00999999999999801,True
11111771.IV.T1215..EH,11111771,1762,17.62,1763.0,17.63,0.00999999999999801,True
11111771.IV.T1215..HN,11111771,1768,17.68,1777.0,17.77,0.08999999999999986,True
11111771.IV.T1216..EH,11111771,2748,27.48,2766.0,27.66,0.17999999999999972,True
11111771.IV.T1216..HN,11111771,4297,42.97,4320.0,43.2,0.23000000000000398,True
11111771.IV.T1218..EH,11111771,2931,29.310000000000002,2928.0,29.28,0.030000000000001137,True
11111771.IV.T1218..HN,11111771,3041,30.41,3039.0,30.39,0.019999999999999574,True
11111771.IV.T1241..EH,11111771,1882,18.82,1871.0,18.71,0.10999999999999943,True
11111771.IV.T1243..HH,11111771,1689,16.89,1665.0,16.65,0.240000000000002,True
11111771.IV.T1243..HN,11111771,1677,16.77,1679.0,16.79,0.019999999999999574,True
11111771.IV.T1245..HH,11111771,1962,19.62,1958.0,19.580000000000002,0.03999999999999915,True
11111771.IV.T1245..HN,11111771,1982,19.82,1992.0,19.92,0.10000000000000142,True
11111771.IV.T1247..HH,11111771,1978,19.78,1967.0,19.67,0.10999999999999943,True
11111771.IV.T1256..HH,11111771,2009,20.09,2005.0,20.05,0.03999999999999915,True
11111771.IV.T1256..HN,11111771,1807,18.07,1852.0,18.52,0.4499999999999993,True
11111771.IV.VCEL..EH,11111771,2084,20.84,2091.0,20.91,0.07000000000000028,True
11111951.IV.ARRO..EH,11111951,2035,20.35,2037.0,20.37,0.019999999999999574,True
11111951.IV.ARVD..HH,11111951,1545,15.450000000000001,1616.0,16.16,0.7099999999999991,True
11111951.IV.ATCC..EH,11111951,1957,19.57,1251.0,12.51,7.0600000000000005,True
11111951.IV.ATCC..HN,11111951,1980,19.8,2255.0,22.55,2.75,True
11111951.IV.CAMP..HH,11111951,1848,18.48,1849.0,18.490000000000002,0.010000000000001563,True
11111951.IV.CESI..HH,11111951,1784,17.84,1683.0,16.830000000000002,1.009999999999998,True
11111951.IV.CESX..HH,11111951,1807,18.07,1834.0,18.34,0.2699999999999996,True
11111951.IV.CING..HH,11111951,1787,17.87,1348.0,13.48,4.390000000000001,True
11111951.IV.CSP1..EH,11111951,1992,19.92,1452.0,14.52,5.400000000000002,True
11111951.IV.FAGN..HH,11111951,1873,18.73,1908.0,19.080000000000002,0.3500000000000014,True
11111951.IV.FIAM..HN,11111951,1893,18.93,1915.0,19.150000000000002,0.22000000000000242,True
11111951.IV.GIGS..HH,11111951,2023,20.23,2050.0,20.5,0.2699999999999996,True
11111951.IV.GUMA..HH,11111951,1558,15.58,1560.0,15.6,0.019999999999999574,True
11111951.IV.GUMA..HN,11111951,1578,15.780000000000001,1584.0,15.84,0.05999999999999872,True
11111951.IV.LNSS..HH,11111951,1776,17.76,1740.0,17.400000000000002,0.35999999999999943,True
11111951.IV.MC2..EH,11111951,1569,15.69,1571.0,15.71,0.02000000000000135,True
11111951.IV.MMO1..EH,11111951,1957,19.57,1945.0,19.45,0.120000000000001,True
11111951.IV.MMO1..HN,11111951,1875,18.75,1887.0,18.87,0.120000000000001,True
11111951.IV.NRCA..HH,11111951,1655,16.55,1648.0,16.48,0.07000000000000028,True
11111951.IV.NRCA..HN,11111951,1786,17.86,1783.0,17.830000000000002,0.029999999999997584,True
11111951.IV.OFFI..HH,11111951,2108,21.080000000000002,2089.0,20.89,0.19000000000000128,True
11111951.IV.PIEI..HH,11111951,1670,16.7,1746.0,17.46,0.7600000000000016,True
11111951.IV.PIEI..HN,11111951,1701,17.01,,,,False
11111951.IV.RM33..EH,11111951,1992,19.92,1984.0,19.84,0.08000000000000185,True
11111951.IV.RM33..HN,11111951,1952,19.52,1957.0,19.57,0.05000000000000071,True
11111951.IV.SMA1..EH,11111951,1721,17.21,1726.0,17.26,0.05000000000000071,True
11111951.IV.SNTG..HH,11111951,2068,20.68,2057.0,20.57,0.10999999999999943,True
11111951.IV.SNTG..HN,11111951,2056,20.56,2377.0,23.77,3.210000000000001,True
11111951.IV.SRES..HH,11111951,1934,19.34,1983.0,19.830000000000002,0.490000000000002,True
11111951.IV.T0110..HH,11111951,1723,17.23,1745.0,17.45,0.21999999999999886,True
11111951.IV.T1211..EH,11111951,3897,38.97,1662.0,16.62,22.349999999999998,True
11111951.IV.T1211..HN,11111951,1773,17.73,1780.0,17.8,0.07000000000000028,True
11111951.IV.T1215..EH,11111951,2706,27.060000000000002,2700.0,27.0,0.060000000000002274,True
11111951.IV.T1215..HN,11111951,2573,25.73,2574.0,25.740000000000002,0.010000000000001563,True
11111951.IV.T1216..EH,11111951,2772,27.72,2762.0,27.62,0.09999999999999787,True
11111951.IV.T1216..HN,11111951,2274,22.740000000000002,2281.0,22.81,0.06999999999999673,True
11111951.IV.T1218..EH,11111951,2217,22.17,2184.0,21.84,0.33000000000000185,True
11111951.IV.T1218..HN,11111951,2344,23.44,2340.0,23.400000000000002,0.03999999999999915,True
11111951.IV.T1219..EH,11111951,2399,23.990000000000002,1853.0,18.53,5.460000000000001,True
11111951.IV.T1219..HN,11111951,2278,22.78,1733.0,17.330000000000002,5.449999999999999,True
11111951.IV.T1241..EH,11111951,1976,19.76,1960.0,19.6,0.16000000000000014,True
11111951.IV.T1241..HN,11111951,1793,17.93,1798.0,17.98,0.05000000000000071,True
11111951.IV.T1243..HH,11111951,2042,20.42,2016.0,20.16,0.26000000000000156,True
11111951.IV.T1243..HN,11111951,1882,18.82,1879.0,18.79,0.030000000000001137,True
11111951.IV.T1245..HH,11111951,1905,19.05,1876.0,18.76,0.28999999999999915,True
11111951.IV.T1245..HN,11111951,1978,19.78,1976.0,19.76,0.019999999999999574,True
11111951.IV.T1247..HH,11111951,1628,16.28,1372.0,13.72,2.5600000000000005,True
11111951.IV.T1256..HH,11111951,1612,16.12,1291.0,12.91,3.210000000000001,True
11111951.IV.T1256..HN,11111951,1680,16.8,1516.0,15.16,1.6400000000000006,True
11111951.IV.TERO..HH,11111951,2009,20.09,1999.0,19.990000000000002,0.09999999999999787,True
11111951.IV.TERO..HN,11111951,2000,20.0,1994.0,19.94,0.05999999999999872,True
11111951.IV.VCEL..EH,11111951,1773,17.73,1795.0,17.95,0.21999999999999886,True
11112661.IV.CSP1..EH,11112661,1868,18.68,1871.0,18.71,0.030000000000001137,True
11112661.IV.FDMO..HH,11112661,1775,17.75,1193.0,11.93,5.82,True
11112661.IV.MC2..EH,11112661,1759,17.59,1762.0,17.62,0.030000000000001137,True
11112661.IV.MMO1..EH,11112661,2023,20.23,2030.0,20.3,0.07000000000000028,True
11112661.IV.MMO1..HN,11112661,1962,19.62,2170.0,21.7,2.0799999999999983,True
11112661.IV.NRCA..HH,11112661,1755,17.55,1678.0,16.78,0.7699999999999996,True
11112661.IV.NRCA..HN,11112661,1825,18.25,1750.0,17.5,0.75,True
11112661.IV.T1216..EH,11112661,1942,19.42,1693.0,16.93,2.490000000000002,True
11112661.IV.T1216..HN,11112661,4325,43.25,999.0,9.99,33.26,True
11112661.IV.T1219..EH,11112661,2349,23.490000000000002,1966.0,19.66,3.830000000000002,True
11112661.IV.T1219..HN,11112661,2613,26.13,1363.0,13.63,12.499999999999998,True
11112661.IV.T1241..EH,11112661,2030,20.3,2032.0,20.32,0.019999999999999574,True
11112661.IV.T1241..HN,11112661,2027,20.27,2102.0,21.02,0.75,True
11112661.IV.T1243..HH,11112661,1509,15.09,1530.0,15.3,0.21000000000000085,True
11112661.IV.T1243..HN,11112661,1518,15.18,1552.0,15.52,0.33999999999999986,True
11112661.IV.T1245..HH,11112661,1590,15.9,1594.0,15.94,0.03999999999999915,True
11112661.IV.T1245..HN,11112661,1626,16.26,1639.0,16.39,0.129999999999999,True
11112661.IV.T1256..HH,11112661,1846,18.46,1886.0,18.86,0.3999999999999986,True
11112661.IV.T1256..HN,11112661,1698,16.98,1965.0,19.650000000000002,2.6700000000000017,True
11112901.IV.ARRO..EH,11112901,1957,19.57,1965.0,19.650000000000002,0.08000000000000185,True
11112901.IV.CAMP..HH,11112901,1837,18.37,1784.0,17.84,0.5300000000000011,True
11112901.IV.FAGN..HH,11112901,2085,20.85,2104.0,21.04,0.18999999999999773,True
11112901.IV.FDMO..HH,11112901,1742,17.42,1774.0,17.740000000000002,0.3200000000000003,True
11112901.IV.FIAM..HH,11112901,1696,16.96,1691.0,16.91,0.05000000000000071,True
11112901.IV.FIAM..HN,11112901,1821,18.21,1828.0,18.28,0.07000000000000028,True
11112901.IV.GIGS..HH,11112901,1864,18.64,1869.0,18.69,0.05000000000000071,True
11112901.IV.LNSS..HH,11112901,2167,21.67,1402.0,14.02,7.650000000000002,True
11112901.IV.MMO1..EH,11112901,1862,18.62,1859.0,18.59,0.030000000000001137,True
11112901.IV.MMO1..HN,11112901,1864,18.64,,,,False
11112901.IV.NRCA..HH,11112901,1952,19.52,1960.0,19.6,0.08000000000000185,True
11112901.IV.NRCA..HN,11112901,2034,20.34,1007.0,10.07,10.27,True
11112901.IV.RM33..EH,11112901,1823,18.23,1752.0,17.52,0.7100000000000009,True
11112901.IV.RM33..HN,11112901,1702,17.02,1688.0,16.88,0.14000000000000057,True
11112901.IV.SMA1..EH,11112901,2025,20.25,1440.0,14.4,5.85,True
11112901.IV.T0110..HH,11112901,1901,19.01,1900.0,19.0,0.010000000000001563,True
11112901.IV.T1211..EH,11112901,3482,34.82,3470.0,34.7,0.11999999999999744,True
11112901.IV.T1211..HN,11112901,2200,22.0,2213.0,22.13,0.129999999999999,True
11112901.IV.T1215..EH,11112901,2303,23.03,1760.0,17.6,5.43,True
11112901.IV.T1215..HN,11112901,2504,25.04,2525.0,25.25,0.21000000000000085,True
11112901.IV.T1216..EH,11112901,2394,23.94,2414.0,24.14,0.1999999999999993,True
11112901.IV.T1216..HN,11112901,3989,39.89,4030.0,40.300000000000004,0.4100000000000037,True
11112901.IV.T1218..EH,11112901,2310,23.1,1357.0,13.57,9.530000000000001,True
11112901.IV.T1218..HN,11112901,4177,41.77,4181.0,41.81,0.03999999999999915,True
11112901.IV.T1241..EH,11112901,1721,17.21,1714.0,17.14,0.07000000000000028,True
11112901.IV.T1241..HN,11112901,1684,16.84,1707.0,17.07,0.23000000000000043,True
11112901.IV.T1243..HH,11112901,1780,17.8,1200.0,12.0,5.800000000000001,True
11112901.IV.T1243..HN,11112901,1642,16.42,1646.0,16.46,0.03999999999999915,True
11112901.IV.T1245..HH,11112901,1671,16.71,1735.0,17.35,0.6400000000000006,True
11112901.IV.T1245..HN,11112901,1652,16.52,1759.0,17.59,1.0700000000000003,True
11112901.IV.T1247..HH,11112901,1867,18.67,1864.0,18.64,0.030000000000001137,True
11112901.IV.TERO..HH,11112901,1768,17.68,1402.0,14.02,3.66,True
11112901.IV.VCEL..EH,11112901,2150,21.5,2148.0,21.48,0.019999999999999574,True
11113371.IV.LNSS..HH,11113371,1673,16.73,1612.0,16.12,0.6099999999999994,True
11113371.IV.MMO1..EH,11113371,1975,19.75,1440.0,14.4,5.35,True
11113371.IV.MMO1..HN,11113371,1678,16.78,9375.0,93.75,76.97,True
11113371.IV.NRCA..HH,11113371,2105,21.05,2116.0,21.16,0.10999999999999943,True
11113371.IV.NRCA..HN,11113371,2111,21.11,2467.0,24.67,3.5600000000000023,True
11113371.IV.SMA1..EH,11113371,1900,19.0,1662.0,16.62,2.379999999999999,True
11113371.IV.T1241..EH,11113371,1526,15.26,1826.0,18.26,3.0000000000000018,True
11113371.IV.T1241..HN,11113371,1566,15.66,,,,False
11113371.IV.T1245..HH,11113371,1614,16.14,1780.0,17.8,1.6600000000000001,True
11113371.IV.T1245..HN,11113371,1605,16.05,6594.0,65.94,49.89,True
11113591.IV.CSP1..EH,11113591,1771,17.71,1796.0,17.96,0.25,True
11113591.IV.GIGS..HH,11113591,1857,18.57,1160.0,11.6,6.970000000000001,True
11113591.IV.LNSS..HH,11113591,1785,17.85,1787.0,17.87,0.019999999999999574,True
11113591.IV.NRCA..HH,11113591,1927,19.27,2051.0,20.51,1.240000000000002,True
11113591.IV.NRCA..HN,11113591,1900,19.0,2022.0,20.22,1.2199999999999989,True
11113591.IV.OFFI..HH,11113591,1978,19.78,2018.0,20.18,0.3999999999999986,True
11113591.IV.RM33..EH,11113591,1590,15.9,1592.0,15.92,0.019999999999999574,True
11113591.IV.RM33..HN,11113591,1680,16.8,1682.0,16.82,0.019999999999999574,True
11113591.IV.SMA1..EH,11113591,1636,16.36,1637.0,16.37,0.010000000000001563,True
11113591.IV.T1211..EH,11113591,1812,18.12,1067.0,10.67,7.450000000000001,True
11113591.IV.T1211..HN,11113591,3977,39.77,3991.0,39.910000000000004,0.14000000000000057,True
11113591.IV.T1215..EH,11113591,2853,28.53,2236.0,22.36,6.170000000000002,True
11113591.IV.T1215..HN,11113591,4191,41.910000000000004,4251.0,42.51,0.5999999999999943,True
11113591.IV.T1216..EH,11113591,3335,33.35,1821.0,18.21,15.14,True
11113591.IV.T1216..HN,11113591,5431,54.31,6089.0,60.89,6.579999999999998,True
11113591.IV.T1218..EH,11113591,4755,47.550000000000004,1681.0,16.81,30.740000000000006,True
11113591.IV.T1218..HN,11113591,2057,20.57,1060.0,10.6,9.97,True
11113591.IV.T1241..EH,11113591,2021,20.21,999.0,9.99,10.22,True
11113591.IV.T1241..HN,11113591,1914,19.14,2487.0,24.87,5.73,True
11113591.IV.T1243..HH,11113591,2084,20.84,1059.0,10.59,10.25,True
11113591.IV.T1243..HN,11113591,2091,20.91,1148.0,11.48,9.43,True
11113591.IV.T1247..HH,11113591,1549,15.49,1560.0,15.6,0.10999999999999943,True
11113591.IV.TERO..HH,11113591,2102,21.02,999.0,9.99,11.03,True
11113591.IV.TERO..HN,11113591,2073,20.73,1195.0,11.950000000000001,8.78,True
11115611.IV.ATCC..EH,11115611,1761,17.61,1790.0,17.900000000000002,0.2900000000000027,True
11115611.IV.ATCC..HN,11115611,1901,19.01,1914.0,19.14,0.129999999999999,True
11115611.IV.CESI..HH,11115611,1750,17.5,1755.0,17.55,0.05000000000000071,True
11115611.IV.CSP1..EH,11115611,2030,20.3,2034.0,20.34,0.03999999999999915,True
11115611.IV.FDMO..HH,11115611,2023,20.23,2023.0,20.23,0.0,True
11115611.IV.MC2..EH,11115611,1712,17.12,1733.0,17.330000000000002,0.21000000000000085,True
11115611.IV.MMO1..EH,11115611,1905,19.05,1914.0,19.14,0.08999999999999986,True
11115611.IV.MMO1..HN,11115611,1912,19.12,2322.0,23.22,4.099999999999998,True
11115611.IV.NRCA..HH,11115611,1910,19.1,1914.0,19.14,0.03999999999999915,True
11115611.IV.NRCA..HN,11115611,1894,18.94,1899.0,18.990000000000002,0.05000000000000071,True
11115611.IV.SNTG..HH,11115611,1778,17.78,1791.0,17.91,0.129999999999999,True
11115611.IV.SNTG..HN,11115611,1716,17.16,1738.0,17.38,0.21999999999999886,True
11115611.IV.T1215..EH,11115611,2273,22.73,2361.0,23.61,0.879999999999999,True
11115611.IV.T1215..HN,11115611,3001,30.01,3058.0,30.580000000000002,0.5700000000000003,True
11115611.IV.T1216..EH,11115611,2371,23.71,2448.0,24.48,0.7699999999999996,True
11115611.IV.T1216..HN,11115611,5440,54.4,1865.0,18.650000000000002,35.75,True
11115611.IV.T1219..EH,11115611,3215,32.15,3216.0,32.160000000000004,0.010000000000005116,True
11115611.IV.T1219..HN,11115611,3750,37.5,3746.0,37.46,0.03999999999999915,True
11115611.IV.T1241..EH,11115611,1742,17.42,1960.0,19.6,2.1799999999999997,True
11115611.IV.T1245..HH,11115611,1900,19.0,1907.0,19.07,0.07000000000000028,True
11115611.IV.T1245..HN,11115611,1951,19.51,1961.0,19.61,0.09999999999999787,True
11115611.IV.T1256..HH,11115611,1871,18.71,1881.0,18.81,0.09999999999999787,True
11115611.IV.T1256..HN,11115611,1767,17.67,1816.0,18.16,0.48999999999999844,True
11115921.IV.ACER..HH,11115921,1745,17.45,999.0,9.99,7.459999999999999,True
11115921.IV.ACER..HN,11115921,1787,17.87,2048.0,20.48,2.6099999999999994,True
11115921.IV.AMUR..HH,11115921,2202,22.02,2228.0,22.28,0.26000000000000156,True
11115921.IV.APRC..EH,11115921,1805,18.05,1765.0,17.650000000000002,0.3999999999999986,True
11115921.IV.BSSO..HH,11115921,1967,19.67,1973.0,19.73,0.05999999999999872,True
11115921.IV.BSSO..HN,11115921,1934,19.34,1994.0,19.94,0.6000000000000014,True
11115921.IV.CAFE..HH,11115921,2167,21.67,2202.0,22.02,0.34999999999999787,True
11115921.IV.CAFE..HN,11115921,1957,19.57,2225.0,22.25,2.6799999999999997,True
11115921.IV.CAPA..HH,11115921,2019,20.19,2085.0,20.85,0.6600000000000001,True
11115921.IV.CIGN..HH,11115921,2012,20.12,1996.0,19.96,0.16000000000000014,True
11115921.IV.FRES..HH,11115921,1711,17.11,1722.0,17.22,0.10999999999999943,True
11115921.IV.GATE..HH,11115921,2027,20.27,2053.0,20.53,0.26000000000000156,True
11115921.IV.GATE..HN,11115921,1961,19.61,2019.0,20.19,0.5800000000000018,True
11115921.IV.INTR..HH,11115921,1684,16.84,1729.0,17.29,0.4499999999999993,True
11115921.IV.INTR..HN,11115921,1682,16.82,1930.0,19.3,2.4800000000000004,True
11115921.IV.LRP..HH,11115921,1886,18.86,1919.0,19.19,0.33000000000000185,True
11115921.IV.LTRZ..EH,11115921,1721,17.21,1742.0,17.42,0.21000000000000085,True
11115921.IV.MELA..HH,11115921,1670,16.7,1629.0,16.29,0.41000000000000014,True
11115921.IV.MELA..HN,11115921,1667,16.67,1668.0,16.68,0.00999999999999801,True
11115921.IV.MIGL..HH,11115921,1651,16.51,1701.0,17.01,0.5,True
11115921.IV.MOCO..HH,11115921,1630,16.3,1623.0,16.23,0.07000000000000028,True
11115921.IV.MOCO..HN,11115921,1753,17.53,1764.0,17.64,0.10999999999999943,True
11115921.IV.MRLC..HH,11115921,1655,16.55,1651.0,16.51,0.03999999999999915,True
11115921.IV.MRLC..HN,11115921,1587,15.870000000000001,1713.0,17.13,1.259999999999998,True
11115921.IV.MRVN..HH,11115921,1759,17.59,1750.0,17.5,0.08999999999999986,True
11115921.IV.MSAG..HH,11115921,1735,17.35,1727.0,17.27,0.08000000000000185,True
11115921.IV.MSAG..HN,11115921,2148,21.48,2157.0,21.57,0.08999999999999986,True
11115921.IV.NOCI..HH,11115921,2002,20.02,2061.0,20.61,0.5899999999999999,True
11115921.IV.PALZ..HH,11115921,1978,19.78,1992.0,19.92,0.14000000000000057,True
11115921.IV.RNI2..HH,11115921,1953,19.53,1953.0,19.53,0.0,True
11115921.IV.RNI2..HN,11115921,2036,20.36,2226.0,22.26,1.9000000000000021,True
11115921.IV.SACR..HH,11115921,1776,17.76,1780.0,17.8,0.03999999999999915,True
11115921.IV.SACR..HN,11115921,1957,19.57,2008.0,20.080000000000002,0.5100000000000016,True
11115921.IV.SGRT..HH,11115921,2077,20.77,2035.0,20.35,0.41999999999999815,True
11115921.IV.SGTA..HH,11115921,2010,20.1,2005.0,20.05,0.05000000000000071,True
11115921.IV.SGTA..HN,11115921,2100,21.0,2282.0,22.82,1.8200000000000003,True
11115921.IV.T0110..HH,11115921,1960,19.6,1966.0,19.66,0.05999999999999872,True
11115921.IV.TRIV..HH,11115921,1977,19.77,1991.0,19.91,0.14000000000000057,True
11115921.IV.TRIV..HN,11115921,1914,19.14,,,,False
11115921.IV.VAGA..HH,11115921,1519,15.19,1525.0,15.25,0.0600000000000005,True
11115921.IV.VAGA..HN,11115921,1921,19.21,2245.0,22.45,3.2399999999999984,True
11115921.IV.VULT..HH,11115921,2120,21.2,2188.0,21.88,0.6799999999999997,True
11115921.IV.VULT..HN,11115921,1982,19.82,2109.0,21.09,1.2699999999999996,True
11117741.MN.AQU..HH,11117741,1861,18.61,1877.0,18.77,0.16000000000000014,True
11117741.MN.AQU..HL,11117741,1898,18.98,1959.0,19.59,0.6099999999999994,True
11117741.IV.CAMP..HH,11117741,1694,16.94,999.0,9.99,6.950000000000001,True
11117741.IV.CERT..HH,11117741,1727,17.27,1374.0,13.74,3.5299999999999994,True
11117741.IV.CESI..HH,11117741,1832,18.32,1835.0,18.35,0.030000000000001137,True
11117741.IV.EL6..EH,11117741,2203,22.03,2211.0,22.11,0.0799999999999983,True
11117741.IV.FAGN..HH,11117741,1682,16.82,1484.0,14.84,1.9800000000000004,True
11117741.IV.FIAM..HH,11117741,1601,16.01,1608.0,16.080000000000002,0.07000000000000028,True
11117741.IV.FIAM..HN,11117741,1568,15.68,1711.0,17.11,1.4299999999999997,True
11117741.IV.GIGS..HH,11117741,1686,16.86,1074.0,10.74,6.119999999999999,True
11117741.IV.GUMA..HH,11117741,1832,18.32,1833.0,18.330000000000002,0.010000000000001563,True
11117741.IV.GUMA..HN,11117741,1620,16.2,1623.0,16.23,0.030000000000001137,True
11117741.IV.LNSS..HH,11117741,1632,16.32,1641.0,16.41,0.08999999999999986,True
11117741.IV.RM33..EH,11117741,1980,19.8,1720.0,17.2,2.6000000000000014,True
11117741.IV.RM33..HN,11117741,1975,19.75,1676.0,16.76,2.9899999999999984,True
11117741.IV.SMA1..EH,11117741,1989,19.89,1086.0,10.86,9.030000000000001,True
11117741.IV.T0110..HH,11117741,1794,17.94,1211.0,12.11,5.830000000000002,True
11117741.IV.T1204..EH,11117741,1569,15.69,999.0,9.99,5.699999999999999,True
11117741.IV.T1211..EH,11117741,3417,34.17,2828.0,28.28,5.890000000000001,True
11117741.IV.T1211..HN,11117741,5044,50.44,5054.0,50.54,0.10000000000000142,True
11117741.IV.T1215..EH,11117741,1853,18.53,1851.0,18.51,0.019999999999999574,True
11117741.IV.T1215..HN,11117741,4973,49.730000000000004,4996.0,49.96,0.22999999999999687,True
11117741.IV.T1218..EH,11117741,3613,36.13,1574.0,15.74,20.39,True
11117741.IV.T1218..HN,11117741,2570,25.7,1995.0,19.95,5.75,True
11117741.IV.T1241..EH,11117741,2094,20.94,1478.0,14.780000000000001,6.16,True
11117741.IV.T1243..HH,11117741,1901,19.01,1282.0,12.82,6.190000000000001,True
11117741.IV.T1243..HN,11117741,1703,17.03,1087.0,10.870000000000001,6.16,True
11117741.IV.T1244..EH,11117741,1696,16.96,1082.0,10.82,6.140000000000001,True
11117741.IV.T1244..HN,11117741,1541,15.41,999.0,9.99,5.42,True
11117741.IV.T1246..HH,11117741,1946,19.46,1029.0,10.290000000000001,9.17,True
11117741.IV.T1247..HH,11117741,1846,18.46,1696.0,16.96,1.5,True
11117741.IV.T1299..EH,11117741,1805,18.05,1231.0,12.31,5.74,True
11117741.IV.T1299..HN,11117741,1823,18.23,1244.0,12.44,5.790000000000001,True
11117741.IV.TERO..HH,11117741,1517,15.17,999.0,9.99,5.18,True
11117741.IV.TERO..HN,11117741,1621,16.21,1000.0,10.0,6.210000000000001,True
11117741.IV.VCEL..EH,11117741,1841,18.41,1339.0,13.39,5.02,True
11117901.IV.APEC..HH,11117901,1920,19.2,1919.0,19.19,0.00999999999999801,True
11117901.IV.APEC..HN,11117901,1948,19.48,1985.0,19.85,0.370000000000001,True
11117901.IV.ARVD..HH,11117901,1786,17.86,1806.0,18.06,0.1999999999999993,True
11117901.IV.ASQU..HH,11117901,2291,22.91,2301.0,23.01,0.10000000000000142,True
11117901.IV.ATCC..HN,11117901,1547,15.47,1559.0,15.59,0.11999999999999922,True
11117901.IV.ATMI..HH,11117901,1842,18.42,1846.0,18.46,0.03999999999999915,True
11117901.IV.ATVO..HH,11117901,1741,17.41,1738.0,17.38,0.030000000000001137,True
11117901.IV.ATVO..HN,11117901,1585,15.85,1592.0,15.92,0.07000000000000028,True
11117901.IV.BADI..EH,11117901,1682,16.82,1643.0,16.43,0.39000000000000057,True
11117901.IV.CDCA..HN,11117901,1823,18.23,1833.0,18.330000000000002,0.10000000000000142,True
11117901.IV.COR1..HN,11117901,1800,18.0,,,,False
11117901.IV.CPGN..EH,11117901,2105,21.05,2096.0,20.96,0.08999999999999986,True
11117901.IV.CRE..HH,11117901,1659,16.59,1660.0,16.6,0.010000000000001563,True
11117901.IV.CSP1..EH,11117901,1782,17.82,1453.0,14.530000000000001,3.289999999999999,True
11117901.IV.EL6..EH,11117901,1655,16.55,1664.0,16.64,0.08999999999999986,True
11117901.IV.FOSV..EH,11117901,1778,17.78,1823.0,18.23,0.4499999999999993,True
11117901.IV.FRON..EH,11117901,1850,18.5,1146.0,11.46,7.039999999999999,True
11117901.IV.FSSB..HH,11117901,2039,20.39,2030.0,20.3,0.08999999999999986,True
11117901.IV.LMD..HH,11117901,2054,20.54,2083.0,20.830000000000002,0.2900000000000027,True
11117901.IV.MPAG..EH,11117901,1876,18.76,1867.0,18.67,0.08999999999999986,True
11117901.IV.MPAG..HN,11117901,1670,16.7,3266.0,32.660000000000004,15.960000000000004,True
11117901.IV.MURB..HH,11117901,2061,20.61,2057.0,20.57,0.03999999999999915,True
11117901.IV.MURB..HN,11117901,1887,18.87,1907.0,19.07,0.1999999999999993,True
11117901.IV.PESA..HH,11117901,1742,17.42,1749.0,17.490000000000002,0.07000000000000028,True
11117901.IV.PIEI..HH,11117901,1907,19.07,1898.0,18.98,0.08999999999999986,True
11117901.IV.PIEI..HN,11117901,2021,20.21,2049.0,20.490000000000002,0.28000000000000114,True
11117901.IV.RUFI..EH,11117901,2096,20.96,2119.0,21.19,0.23000000000000043,True
11117901.IV.SACS..HH,11117901,1893,18.93,1908.0,19.080000000000002,0.15000000000000213,True
11117901.IV.SACS..HN,11117901,1768,17.68,11998.0,119.98,102.30000000000001,True
11117901.IV.SNTG..HH,11117901,1930,19.3,1964.0,19.64,0.33999999999999986,True
11117901.IV.SNTG..HN,11117901,1937,19.37,2905.0,29.05,9.68,True
11117901.IV.SSP9..EH,11117901,1795,17.95,1798.0,17.98,0.030000000000001137,True
1111831.IV.BDI..HH,1111831,1898,18.98,1031.0,10.31,8.67,True
1111831.IV.BDI..HN,1111831,1910,19.1,1041.0,10.41,8.690000000000001,True
1111831.IV.ERBM..EH,1111831,1861,18.61,1862.0,18.62,0.010000000000001563,True
1111831.IV.MABI..HH,1111831,1998,19.98,2010.0,20.1,0.120000000000001,True
1111831.IV.MAGA..HH,1111831,1670,16.7,1674.0,16.740000000000002,0.0400000000000027,True
1111831.GU.MAIM..HH,1111831,2045,20.45,2048.0,20.48,0.030000000000001137,True
1111831.IV.NOVE..EH,1111831,1853,18.53,1866.0,18.66,0.129999999999999,True
1111831.IV.PLMA..HH,1111831,1937,19.37,1940.0,19.400000000000002,0.030000000000001137,True
1111831.IV.RAVA..EH,1111831,1626,16.26,1699.0,16.990000000000002,0.7300000000000004,True
1111831.IV.ROVR..HH,1111831,2010,20.1,1939.0,19.39,0.7100000000000009,True
1111831.IV.SALO..HH,1111831,1745,17.45,1751.0,17.51,0.060000000000002274,True
1111831.IV.T0822..EH,1111831,2085,20.85,2174.0,21.740000000000002,0.8900000000000006,True
1111831.MN.VLC..HH,1111831,1659,16.59,1663.0,16.63,0.03999999999999915,True
1111831.MN.VLC..HN,1111831,1655,16.55,1699.0,16.990000000000002,0.4400000000000013,True
1111831.IV.ZCCA..HH,1111831,1666,16.66,1142.0,11.42,5.24,True
1111831.IV.ZCCA..HN,1111831,1671,16.71,1679.0,16.79,0.0799999999999983,True
11119181.MN.AQU..HH,11119181,1948,19.48,2021.0,20.21,0.7300000000000004,True
11119181.MN.AQU..HL,11119181,1923,19.23,2049.0,20.490000000000002,1.2600000000000016,True
11119181.IV.ARRO..EH,11119181,1661,16.61,1667.0,16.67,0.060000000000002274,True
11119181.IV.CAMP..HH,11119181,1889,18.89,1852.0,18.52,0.370000000000001,True
11119181.IV.CESI..HH,11119181,1867,18.67,1898.0,18.98,0.3099999999999987,True
11119181.IV.CING..HH,11119181,2099,20.990000000000002,2133.0,21.330000000000002,0.33999999999999986,True
11119181.IV.FIAM..HH,11119181,1861,18.61,1863.0,18.63,0.019999999999999574,True
11119181.IV.FIAM..HN,11119181,1871,18.71,1891.0,18.91,0.1999999999999993,True
11119181.IV.GIGS..HH,11119181,1600,16.0,1598.0,15.98,0.019999999999999574,True
11119181.IV.GUMA..HH,11119181,2021,20.21,2026.0,20.26,0.05000000000000071,True
11119181.IV.GUMA..HN,11119181,1873,18.73,1889.0,18.89,0.16000000000000014,True
11119181.IV.INTR..HH,11119181,1853,18.53,1865.0,18.650000000000002,0.120000000000001,True
11119181.IV.INTR..HN,11119181,1857,18.57,3032.0,30.32,11.75,True
11119181.IV.LNSS..HH,11119181,1900,19.0,1859.0,18.59,0.41000000000000014,True
11119181.IV.MC2..EH,11119181,1989,19.89,1989.0,19.89,0.0,True
11119181.IV.NRCA..HH,11119181,2016,20.16,2023.0,20.23,0.07000000000000028,True
11119181.IV.NRCA..HN,11119181,2003,20.03,2016.0,20.16,0.129999999999999,True
11119181.IV.OFFI..HH,11119181,1771,17.71,1784.0,17.84,0.129999999999999,True
11119181.IV.RM33..EH,11119181,1577,15.77,1532.0,15.32,0.4499999999999993,True
11119181.IV.RM33..HN,11119181,1630,16.3,1614.0,16.14,0.16000000000000014,True
11119181.IV.SRES..HH,11119181,1723,17.23,1730.0,17.3,0.07000000000000028,True
11119181.IV.T0110..HH,11119181,1807,18.07,1819.0,18.19,0.120000000000001,True
11119181.IV.T1202..EH,11119181,1609,16.09,1612.0,16.12,0.030000000000001137,True
11119181.IV.T1204..EH,11119181,2208,22.080000000000002,2186.0,21.86,0.22000000000000242,True
11119181.IV.T1211..EH,11119181,3357,33.57,3346.0,33.46,0.10999999999999943,True
11119181.IV.T1211..HN,11119181,2537,25.37,2539.0,25.39,0.019999999999999574,True
11119181.IV.T1213..EH,11119181,2433,24.330000000000002,2437.0,24.37,0.03999999999999915,True
11119181.IV.T1213..HN,11119181,1992,19.92,2000.0,20.0,0.0799999999999983,True
11119181.IV.T1215..EH,11119181,2379,23.79,2382.0,23.82,0.030000000000001137,True
11119181.IV.T1215..HN,11119181,4571,45.71,4582.0,45.82,0.10999999999999943,True
11119181.IV.T1216..EH,11119181,4118,41.18,4147.0,41.47,0.28999999999999915,True
11119181.IV.T1216..HN,11119181,2262,22.62,2295.0,22.95,0.3299999999999983,True
11119181.IV.T1218..EH,11119181,2041,20.41,2031.0,20.31,0.10000000000000142,True
11119181.IV.T1218..HN,11119181,3910,39.1,3909.0,39.09,0.00999999999999801,True
11119181.IV.T1241..EH,11119181,2020,20.2,2011.0,20.11,0.08999999999999986,True
11119181.IV.T1243..HH,11119181,2248,22.48,2220.0,22.2,0.28000000000000114,True
11119181.IV.T1243..HN,11119181,1951,19.51,1951.0,19.51,0.0,True
11119181.IV.T1245..HH,11119181,1689,16.89,1691.0,16.91,0.019999999999999574,True
11119181.IV.T1245..HN,11119181,1585,15.85,1618.0,16.18,0.33000000000000007,True
11119181.IV.T1246..HH,11119181,1960,19.6,1923.0,19.23,0.370000000000001,True
11119181.IV.T1247..HH,11119181,1996,19.96,1998.0,19.98,0.019999999999999574,True
11119181.IV.T1256..HH,11119181,1873,18.73,1876.0,18.76,0.030000000000001137,True
11119181.IV.T1256..HN,11119181,1687,16.87,1806.0,18.06,1.1899999999999977,True
11119181.IV.T1299..EH,11119181,1962,19.62,1934.0,19.34,0.28000000000000114,True
11119181.IV.T1299..HN,11119181,1807,18.07,1805.0,18.05,0.019999999999999574,True
11119181.IV.TERO..HH,11119181,1866,18.66,1840.0,18.400000000000002,0.259999999999998,True
11119181.IV.TERO..HN,11119181,2194,21.94,2183.0,21.830000000000002,0.10999999999999943,True
11119181.IV.VCEL..EH,11119181,1905,19.05,1522.0,15.22,3.83,True
11121911.IV.BDI..HH,11121911,1828,18.28,1850.0,18.5,0.21999999999999886,True
11121911.IV.BDI..HN,11121911,1867,18.67,3104.0,31.04,12.369999999999997,True
11121911.IV.BOB..HH,11121911,1893,18.93,1904.0,19.04,0.10999999999999943,True
11121911.IV.BOB..HN,11121911,1941,19.41,2049.0,20.490000000000002,1.0800000000000018,True
11121911.IV.CTI..HH,11121911,1919,19.19,1933.0,19.330000000000002,0.14000000000000057,True
11121911.ST.DOSS..HH,11121911,2106,21.06,1306.0,13.06,7.999999999999998,True
11121911.ST.DOSS..HN,11121911,1828,18.28,1987.0,19.87,1.5899999999999999,True
11121911.GU.EQUI..HH,11121911,2182,21.82,2188.0,21.88,0.05999999999999872,True
11121911.ST.GAGG..HH,11121911,1634,16.34,1648.0,16.48,0.14000000000000057,True
11121911.ST.GAGG..HN,11121911,1805,18.05,2145.0,21.45,3.3999999999999986,True
11121911.GU.GORR..HH,11121911,2032,20.32,1537.0,15.370000000000001,4.949999999999999,True
11121911.GU.GRAM..HH,11121911,1662,16.62,1621.0,16.21,0.41000000000000014,True
11121911.GU.GSCL..HH,11121911,1726,17.26,1754.0,17.54,0.2799999999999976,True
11121911.SI.LUSI..HH,11121911,1761,17.61,1773.0,17.73,0.120000000000001,True
11121911.IV.MSSA..HH,11121911,1887,18.87,1874.0,18.740000000000002,0.129999999999999,True
11121911.IV.MTCR..EH,11121911,1905,19.05,1921.0,19.21,0.16000000000000014,True
11121911.GU.PCP..HH,11121911,2045,20.45,2088.0,20.88,0.4299999999999997,True
11121911.IV.PII..HH,11121911,1864,18.64,1944.0,19.44,0.8000000000000007,True
11121911.IV.PRMA..HH,11121911,1680,16.8,1696.0,16.96,0.16000000000000014,True
11121911.GU.RNCA..HH,11121911,1959,19.59,1965.0,19.650000000000002,0.060000000000002274,True
11121911.IV.ROVR..HH,11121911,1867,18.67,1853.0,18.53,0.14000000000000057,True
11121911.IV.ROVR..HN,11121911,1962,19.62,1993.0,19.93,0.3099999999999987,True
11121911.IV.SALO..HH,11121911,1842,18.42,1869.0,18.69,0.2699999999999996,True
11121911.IV.SALO..HN,11121911,1871,18.71,1914.0,19.14,0.4299999999999997,True
11121911.GU.SARM..EH,11121911,1623,16.23,1596.0,15.96,0.2699999999999996,True
11121911.MN.VLC..HH,11121911,1828,18.28,1836.0,18.36,0.0799999999999983,True
11121911.MN.VLC..HN,11121911,1871,18.71,1897.0,18.97,0.259999999999998,True
11121911.IV.ZONE..HH,11121911,1696,16.96,1707.0,17.07,0.10999999999999943,True
11121911.IV.ZONE..HN,11121911,1798,17.98,,,,False
11122131.IV.CAFE..HH,11122131,1692,16.92,1675.0,16.75,0.1700000000000017,True
11122131.IV.CAFE..HN,11122131,1648,16.48,,,,False
11122131.IV.CDRU..HH,11122131,2028,20.28,2053.0,20.53,0.25,True
11122131.IV.CMPR..HH,11122131,1798,17.98,1893.0,18.93,0.9499999999999993,True
11122131.IX.LIO3.02.HH,11122131,1565,15.65,1511.0,15.11,0.5400000000000009,True
11122131.IV.MCRV..HH,11122131,1845,18.45,1802.0,18.02,0.4299999999999997,True
11122131.IV.MRLC..HH,11122131,1723,17.23,1723.0,17.23,0.0,True
11122131.IV.MRLC..HN,11122131,2132,21.32,2183.0,21.830000000000002,0.5100000000000016,True
11122131.IX.RDM3.02.HH,11122131,1809,18.09,1834.0,18.34,0.25,True
11122131.IX.RSF3.02.HH,11122131,1571,15.71,1669.0,16.69,0.9800000000000004,True
11122131.IV.SGTA..HH,11122131,1876,18.76,1895.0,18.95,0.18999999999999773,True
11122131.IV.SGTA..HN,11122131,2007,20.07,,,,False
11122131.IV.SNAL..HH,11122131,2017,20.17,1995.0,19.95,0.22000000000000242,True
11122131.IV.SNAL..HN,11122131,1912,19.12,1922.0,19.22,0.09999999999999787,True
11124111.IV.CESI..HH,11124111,1807,18.07,1797.0,17.97,0.10000000000000142,True
11124111.IV.CSP1..EH,11124111,1791,17.91,1797.0,17.97,0.05999999999999872,True
11124111.IV.EL6..EH,11124111,2051,20.51,2059.0,20.59,0.0799999999999983,True
11124111.IV.FDMO..HH,11124111,1889,18.89,1450.0,14.5,4.390000000000001,True
11124111.IV.GIGS..HH,11124111,1648,16.48,1648.0,16.48,0.0,True
11124111.IV.GUMA..HH,11124111,2003,20.03,2005.0,20.05,0.019999999999999574,True
11124111.IV.GUMA..HN,11124111,2002,20.02,2033.0,20.330000000000002,0.3100000000000023,True
11124111.IV.LNSS..HH,11124111,1791,17.91,1788.0,17.88,0.030000000000001137,True
11124111.IV.MC2..EH,11124111,1921,19.21,1768.0,17.68,1.5300000000000011,True
11124111.IV.NRCA..HH,11124111,1632,16.32,1637.0,16.37,0.05000000000000071,True
11124111.IV.NRCA..HN,11124111,1588,15.88,1597.0,15.97,0.08999999999999986,True
11124111.IV.OFFI..HH,11124111,1980,19.8,2068.0,20.68,0.879999999999999,True
11124111.IV.RM33..EH,11124111,1809,18.09,1806.0,18.06,0.030000000000001137,True
11124111.IV.RM33..HN,11124111,1753,17.53,2418.0,24.18,6.649999999999999,True
11124111.IV.SMA1..EH,11124111,1741,17.41,1747.0,17.47,0.05999999999999872,True
11124111.IV.SNTG..HH,11124111,1882,18.82,1025.0,10.25,8.57,True
11124111.IV.SNTG..HN,11124111,1892,18.92,2621.0,26.21,7.289999999999999,True
11124111.IV.T1215..EH,11124111,2106,21.06,2107.0,21.07,0.010000000000001563,True
11124111.IV.T1215..HN,11124111,3525,35.25,3552.0,35.52,0.2700000000000031,True
11124111.IV.T1216..EH,11124111,1936,19.36,1941.0,19.41,0.05000000000000071,True
11124111.IV.T1216..HN,11124111,3607,36.07,3646.0,36.46,0.39000000000000057,True
11124111.IV.T1218..EH,11124111,3429,34.29,2180.0,21.8,12.489999999999998,True
11124111.IV.T1218..HN,11124111,4215,42.15,3001.0,30.01,12.139999999999997,True
11124111.IV.T1219..EH,11124111,4065,40.65,4069.0,40.69,0.03999999999999915,True
11124111.IV.T1219..HN,11124111,3392,33.92,1628.0,16.28,17.64,True
1112451.GU.BHB..HH,1112451,2121,21.21,2137.0,21.37,0.16000000000000014,True
1112451.GU.FINB..HH,1112451,1877,18.77,1872.0,18.72,0.05000000000000071,True
1112451.GU.NEGI..HH,1112451,1846,18.46,1854.0,18.54,0.0799999999999983,True
1112451.GU.PCP..HH,1112451,1952,19.52,1959.0,19.59,0.07000000000000028,True
1112451.GU.PZZ..HH,1112451,1914,19.14,1946.0,19.46,0.3200000000000003,True
1112451.GU.RORO..HH,1112451,2044,20.44,2049.0,20.490000000000002,0.05000000000000071,True
1112451.GU.STV..HH,1112451,1823,18.23,1863.0,18.63,0.3999999999999986,True
11124611.IV.GIGS..HH,11124611,1642,16.42,1667.0,16.67,0.25,True
11124611.IV.LNSS..HH,11124611,1934,19.34,1954.0,19.54,0.1999999999999993,True
11124611.IV.NRCA..HH,11124611,1928,19.28,1953.0,19.53,0.25,True
11124611.IV.NRCA..HN,11124611,1932,19.32,1956.0,19.56,0.23999999999999844,True
11124611.IV.T1211..EH,11124611,5136,51.36,3339.0,33.39,17.97,True
11124611.IV.T1211..HN,11124611,3747,37.47,3773.0,37.730000000000004,0.2600000000000051,True
11124611.IV.T1215..EH,11124611,3743,37.43,1710.0,17.1,20.33,True
11124611.IV.T1215..HN,11124611,2492,24.92,3135.0,31.35,6.43,True
11124611.IV.T1218..EH,11124611,4517,45.17,2447.0,24.47,20.700000000000003,True
11124611.IV.T1218..HN,11124611,3654,36.54,1888.0,18.88,17.66,True
11124611.IV.T1243..HH,11124611,1973,19.73,1995.0,19.95,0.21999999999999886,True
11124611.IV.T1243..HN,11124611,1846,18.46,1872.0,18.72,0.259999999999998,True
11124611.IV.T1247..HH,11124611,2023,20.23,2069.0,20.69,0.46000000000000085,True
11124611.IV.TERO..HH,11124611,1709,17.09,1710.0,17.1,0.010000000000001563,True
11124611.IV.TERO..HN,11124611,1771,17.71,1775.0,17.75,0.03999999999999915,True
11124741.IV.CAMP..HH,11124741,1857,18.57,1868.0,18.68,0.10999999999999943,True
11124741.IV.CESI..HH,11124741,1675,16.75,1675.0,16.75,0.0,True
11124741.IV.CSP1..EH,11124741,1725,17.25,1731.0,17.31,0.05999999999999872,True
11124741.IV.EL6..EH,11124741,1834,18.34,1845.0,18.45,0.10999999999999943,True
11124741.IV.LNSS..HH,11124741,1711,17.11,1716.0,17.16,0.05000000000000071,True
11124741.IV.MC2..EH,11124741,1996,19.96,2005.0,20.05,0.08999999999999986,True
11124741.IV.NRCA..HH,11124741,1962,19.62,1645.0,16.45,3.1700000000000017,True
11124741.IV.NRCA..HN,11124741,1859,18.59,1859.0,18.59,0.0,True
11124741.IV.T1211..EH,11124741,2370,23.7,2379.0,23.79,0.08999999999999986,True
11124741.IV.T1211..HN,11124741,2336,23.36,2847.0,28.47,5.109999999999999,True
11124741.IV.T1215..EH,11124741,3042,30.42,1516.0,15.16,15.260000000000002,True
11124741.IV.T1215..HN,11124741,4273,42.730000000000004,4277.0,42.77,0.03999999999999915,True
11124741.IV.T1216..EH,11124741,1987,19.87,1986.0,19.86,0.010000000000001563,True
11124741.IV.T1216..HN,11124741,2394,23.94,2394.0,23.94,0.0,True
11124741.IV.T1218..EH,11124741,2625,26.25,1461.0,14.61,11.64,True
11124741.IV.T1218..HN,11124741,2673,26.73,2681.0,26.810000000000002,0.08000000000000185,True
11124741.IV.T1219..EH,11124741,2866,28.66,2867.0,28.67,0.010000000000001563,True
11124741.IV.T1219..HN,11124741,1948,19.48,1969.0,19.69,0.21000000000000085,True
11124741.IV.T1241..EH,11124741,2125,21.25,2141.0,21.41,0.16000000000000014,True
11124741.IV.T1241..HN,11124741,2018,20.18,2463.0,24.63,4.449999999999999,True
11124741.IV.T1243..HH,11124741,1687,16.87,1691.0,16.91,0.03999999999999915,True
11124741.IV.T1243..HN,11124741,1607,16.07,1620.0,16.2,0.129999999999999,True
11124741.IV.T1245..HH,11124741,2297,22.97,1216.0,12.16,10.809999999999999,True
11124741.IV.T1245..HN,11124741,2032,20.32,2038.0,20.38,0.05999999999999872,True
11124741.IV.T1256..HH,11124741,1578,15.780000000000001,1589.0,15.89,0.10999999999999943,True
11124741.IV.T1256..HN,11124741,1587,15.870000000000001,2032.0,20.32,4.449999999999999,True
11124741.IV.TERO..HH,11124741,1657,16.57,1734.0,17.34,0.7699999999999996,True
11125051.IV.LNSS..HH,11125051,1834,18.34,1838.0,18.38,0.03999999999999915,True
11125051.IV.NRCA..HH,11125051,1935,19.35,1940.0,19.400000000000002,0.05000000000000071,True
11125051.IV.NRCA..HN,11125051,1934,19.34,1941.0,19.41,0.07000000000000028,True
11125051.IV.RM33..EH,11125051,2082,20.82,2055.0,20.55,0.2699999999999996,True
11125051.IV.RM33..HN,11125051,2010,20.1,2046.0,20.46,0.35999999999999943,True
11125051.IV.SMA1..EH,11125051,1632,16.32,1723.0,17.23,0.9100000000000001,True
11125051.IV.T1211..EH,11125051,2507,25.07,2583.0,25.830000000000002,0.7600000000000016,True
11125051.IV.T1211..HN,11125051,3107,31.07,3654.0,36.54,5.469999999999999,True
11125051.IV.T1215..EH,11125051,2306,23.06,2399.0,23.990000000000002,0.9300000000000033,True
11125051.IV.T1215..HN,11125051,3990,39.9,1067.0,10.67,29.229999999999997,True
11125051.IV.T1218..EH,11125051,2566,25.66,2573.0,25.73,0.07000000000000028,True
11125051.IV.T1218..HN,11125051,2990,29.900000000000002,999.0,9.99,19.910000000000004,True
11125051.IV.T1241..EH,11125051,2023,20.23,2026.0,20.26,0.030000000000001137,True
11125051.IV.T1243..HH,11125051,1973,19.73,1999.0,19.990000000000002,0.26000000000000156,True
11125051.IV.T1243..HN,11125051,2001,20.01,2030.0,20.3,0.28999999999999915,True
11125051.IV.T1245..HH,11125051,2105,21.05,2113.0,21.13,0.0799999999999983,True
11125051.IV.T1245..HN,11125051,1889,18.89,2269.0,22.69,3.8000000000000007,True
11125461.MN.AQU..HH,11125461,1671,16.71,1686.0,16.86,0.14999999999999858,True
11125461.MN.AQU..HL,11125461,1737,17.37,1783.0,17.830000000000002,0.46000000000000085,True
11125461.IV.ARRO..EH,11125461,1821,18.21,1120.0,11.200000000000001,7.01,True
11125461.IV.ATCC..EH,11125461,1751,17.51,1761.0,17.61,0.09999999999999787,True
11125461.IV.ATCC..HN,11125461,1755,17.55,1933.0,19.330000000000002,1.7800000000000011,True
11125461.IV.CAMP..HH,11125461,1612,16.12,999.0,9.99,6.130000000000001,True
11125461.IV.CERT..HH,11125461,1787,17.87,1809.0,18.09,0.21999999999999886,True
11125461.IV.CESI..HH,11125461,1937,19.37,1945.0,19.45,0.0799999999999983,True
11125461.IV.CESX..HH,11125461,1971,19.71,1969.0,19.69,0.019999999999999574,True
11125461.IV.CING..HH,11125461,1743,17.43,1772.0,17.72,0.28999999999999915,True
11125461.IV.CSP1..EH,11125461,2049,20.490000000000002,1378.0,13.780000000000001,6.710000000000001,True
11125461.IV.FAGN..HH,11125461,2002,20.02,2035.0,20.35,0.33000000000000185,True
11125461.IV.FDMO..HH,11125461,1534,15.34,1541.0,15.41,0.07000000000000028,True
11125461.IV.FIAM..HH,11125461,1966,19.66,1620.0,16.2,3.460000000000001,True
11125461.IV.FIAM..HN,11125461,2152,21.52,1667.0,16.67,4.849999999999998,True
11125461.IV.GIGS..HH,11125461,1921,19.21,1200.0,12.0,7.210000000000001,True
11125461.IV.GUMA..HH,11125461,1755,17.55,1750.0,17.5,0.05000000000000071,True
11125461.IV.GUMA..HN,11125461,1753,17.53,1758.0,17.580000000000002,0.05000000000000071,True
11125461.IV.INTR..HH,11125461,1642,16.42,1645.0,16.45,0.029999999999997584,True
11125461.IV.INTR..HN,11125461,1705,17.05,1719.0,17.19,0.14000000000000057,True
11125461.IV.LNSS..HH,11125461,1986,19.86,1244.0,12.44,7.42,True
11125461.IV.MC2..EH,11125461,1818,18.18,1511.0,15.11,3.0700000000000003,True
11125461.IV.MMO1..EH,11125461,1612,16.12,1445.0,14.450000000000001,1.67,True
11125461.IV.MMO1..HN,11125461,1596,15.96,1609.0,16.09,0.129999999999999,True
11125461.IV.NRCA..HH,11125461,1678,16.78,999.0,9.99,6.790000000000001,True
11125461.IV.NRCA..HN,11125461,1678,16.78,1010.0,10.1,6.6800000000000015,True
11125461.IV.OFFI..HH,11125461,1596,15.96,1591.0,15.91,0.05000000000000071,True
11125461.IV.PTQR..HH,11125461,1558,15.58,1175.0,11.75,3.83,True
11125461.IV.RM33..EH,11125461,1746,17.46,999.0,9.99,7.470000000000001,True
11125461.IV.RM33..HN,11125461,1718,17.18,999.0,9.99,7.1899999999999995,True
11125461.IV.SMA1..EH,11125461,2064,20.64,1294.0,12.94,7.700000000000001,True
11125461.IV.SNTG..HH,11125461,1796,17.96,1801.0,18.01,0.05000000000000071,True
11125461.IV.SNTG..HN,11125461,1889,18.89,1938.0,19.38,0.48999999999999844,True
11125461.IV.SRES..HH,11125461,1732,17.32,1730.0,17.3,0.019999999999999574,True
11125461.IV.T0110..HH,11125461,1803,18.03,1803.0,18.03,0.0,True
11125461.IV.T1201..HN,11125461,1609,16.09,999.0,9.99,6.1,True
11125461.IV.T1202..EH,11125461,2156,21.56,1433.0,14.33,7.229999999999999,True
11125461.IV.T1204..EH,11125461,1751,17.51,999.0,9.99,7.520000000000001,True
11125461.IV.T1211..EH,11125461,3157,31.57,2453.0,24.53,7.039999999999999,True
11125461.IV.T1211..HN,11125461,4200,42.0,3992.0,39.92,2.0799999999999983,True
11125461.IV.T1212..EH,11125461,1932,19.32,999.0,9.99,9.33,True
11125461.IV.T1212..HN,11125461,4258,42.58,3888.0,38.88,3.6999999999999957,True
11125461.IV.T1213..EH,11125461,2041,20.41,1689.0,16.89,3.5199999999999996,True
11125461.IV.T1213..HN,11125461,3229,32.29,1036.0,10.36,21.93,True
11125461.IV.T1215..EH,11125461,2834,28.34,1089.0,10.89,17.45,True
11125461.IV.T1215..HN,11125461,3621,36.21,2983.0,29.830000000000002,6.379999999999999,True
11125461.IV.T1216..EH,11125461,4151,41.51,1942.0,19.42,22.089999999999996,True
11125461.IV.T1216..HN,11125461,2454,24.54,2327.0,23.27,1.2699999999999996,True
11125461.IV.T1217..EH,11125461,2830,28.3,2137.0,21.37,6.93,True
11125461.IV.T1217..HN,11125461,4911,49.11,4231.0,42.31,6.799999999999997,True
11125461.IV.T1218..EH,11125461,2032,20.32,1308.0,13.08,7.24,True
11125461.IV.T1218..HN,11125461,3947,39.47,3241.0,32.410000000000004,7.059999999999995,True
11125461.IV.T1219..EH,11125461,3954,39.54,1673.0,16.73,22.81,True
11125461.IV.T1219..HN,11125461,4407,44.07,999.0,9.99,34.08,True
11125461.IV.T1221..EH,11125461,4702,47.02,2895.0,28.95,18.070000000000004,True
11125461.IV.T1221..HN,11125461,2144,21.44,2159.0,21.59,0.14999999999999858,True
11125461.IV.T1241..EH,11125461,1573,15.73,999.0,9.99,5.74,True
11125461.IV.T1241..HN,11125461,1560,15.6,1376.0,13.76,1.8399999999999999,True
11125461.IV.T1243..HH,11125461,1521,15.21,1517.0,15.17,0.040000000000000924,True
11125461.IV.T1243..HN,11125461,1559,15.59,1564.0,15.64,0.05000000000000071,True
11125461.IV.T1244..EH,11125461,1787,17.87,1352.0,13.52,4.350000000000001,True
11125461.IV.T1244..HN,11125461,1667,16.67,1261.0,12.61,4.060000000000002,True
11125461.IV.T1245..HH,11125461,1785,17.85,1391.0,13.91,3.9400000000000013,True
11125461.IV.T1245..HN,11125461,1773,17.73,1786.0,17.86,0.129999999999999,True
11125461.IV.T1246..HH,11125461,1561,15.610000000000001,1105.0,11.05,4.5600000000000005,True
11125461.IV.T1247..HH,11125461,1878,18.78,1380.0,13.8,4.98,True
11125461.IV.T1256..HH,11125461,1807,18.07,1784.0,17.84,0.23000000000000043,True
11125461.IV.T1256..HN,11125461,1701,17.01,1733.0,17.330000000000002,0.3200000000000003,True
11125461.IV.T1299..EH,11125461,2118,21.18,1368.0,13.68,7.5,True
11125461.IV.T1299..HN,11125461,1921,19.21,1170.0,11.700000000000001,7.51,True
11125461.IV.TERO..HH,11125461,2203,22.03,1443.0,14.43,7.600000000000001,True
11125461.IV.TERO..HN,11125461,2145,21.45,1385.0,13.85,7.6,True
11125461.IV.VCEL..EH,11125461,1709,17.09,1687.0,16.87,0.21999999999999886,True
11125821.IV.CESI..HH,11125821,1773,17.73,1746.0,17.46,0.2699999999999996,True
11125821.IV.CING..HH,11125821,2021,20.21,2026.0,20.26,0.05000000000000071,True
11125821.IV.CSP1..EH,11125821,1805,18.05,999.0,9.99,8.06,True
11125821.IV.EL6..EH,11125821,1996,19.96,2017.0,20.17,0.21000000000000085,True
11125821.IV.FDMO..HH,11125821,2254,22.54,1157.0,11.57,10.969999999999999,True
11125821.IV.FEMA..HN,11125821,1802,18.02,1801.0,18.01,0.00999999999999801,True
11125821.IV.GUMA..HH,11125821,1871,18.71,1891.0,18.91,0.1999999999999993,True
11125821.IV.GUMA..HN,11125821,1939,19.39,1959.0,19.59,0.1999999999999993,True
11125821.IV.MDAR..HN,11125821,1889,18.89,1909.0,19.09,0.1999999999999993,True
11125821.IV.MMO1..EH,11125821,1728,17.28,1740.0,17.400000000000002,0.120000000000001,True
11125821.IV.MMO1..HN,11125821,1694,16.94,1713.0,17.13,0.18999999999999773,True
11125821.IV.NRCA..HH,11125821,1751,17.51,1731.0,17.31,0.20000000000000284,True
11125821.IV.NRCA..HN,11125821,1835,18.35,1834.0,18.34,0.010000000000001563,True
11125821.IV.SEF1..HN,11125821,2057,20.57,2072.0,20.72,0.14999999999999858,True
11125821.IV.SNTG..HH,11125821,1643,16.43,1630.0,16.3,0.129999999999999,True
11125821.IV.SNTG..HN,11125821,1692,16.92,1706.0,17.06,0.13999999999999702,True
11125821.IV.T1215..EH,11125821,2214,22.14,2195.0,21.95,0.19000000000000128,True
11125821.IV.T1215..HN,11125821,2595,25.95,2598.0,25.98,0.030000000000001137,True
11125821.IV.T1216..EH,11125821,2641,26.41,1098.0,10.98,15.43,True
11125821.IV.T1216..HN,11125821,4786,47.86,3267.0,32.67,15.189999999999998,True
11125821.IV.T1219..EH,11125821,1748,17.48,1365.0,13.65,3.83,True
11125821.IV.T1219..HN,11125821,3985,39.85,2909.0,29.09,10.760000000000002,True
11125821.IV.T1245..HH,11125821,2018,20.18,1991.0,19.91,0.2699999999999996,True
11125821.IV.T1245..HN,11125821,1994,19.94,1992.0,19.92,0.019999999999999574,True
11125821.IV.T1256..HH,11125821,2126,21.26,2086.0,20.86,0.40000000000000213,True
11125821.IV.T1256..HN,11125821,1953,19.53,1956.0,19.56,0.029999999999997584,True
1112611.IV.ARVD..HH,1112611,2057,20.57,2077.0,20.77,0.1999999999999993,True
1112611.IV.ATBU..EH,1112611,2082,20.82,2078.0,20.78,0.03999999999999915,True
1112611.IV.ATCC..EH,1112611,1794,17.94,1804.0,18.04,0.09999999999999787,True
1112611.IV.ATMC..EH,1112611,1937,19.37,1934.0,19.34,0.030000000000001137,True
1112611.IV.ATMI..HH,1112611,1817,18.17,1831.0,18.31,0.13999999999999702,True
1112611.IV.ATPC..HH,1112611,2023,20.23,1037.0,10.370000000000001,9.86,True
1112611.IV.ATPC..HN,1112611,1968,19.68,1969.0,19.69,0.010000000000001563,True
1112611.IV.ATPI..EH,1112611,1687,16.87,1660.0,16.6,0.2699999999999996,True
1112611.IV.ATVA..EH,1112611,1803,18.03,1820.0,18.2,0.16999999999999815,True
1112611.IV.ATVO..HH,1112611,1992,19.92,1971.0,19.71,0.21000000000000085,True
1112611.IV.BADI..EH,1112611,1803,18.03,1775.0,17.75,0.28000000000000114,True
1112611.IV.CAFI..HH,1112611,1745,17.45,1739.0,17.39,0.05999999999999872,True
1112611.IV.CAFI..HN,1112611,1761,17.61,1767.0,17.67,0.060000000000002274,True
1112611.IV.CDCA..EH,1112611,1755,17.55,1777.0,17.77,0.21999999999999886,True
1112611.IV.CDCA..HN,1112611,1614,16.14,1644.0,16.44,0.3000000000000007,True
1112611.IV.CPGN..EH,1112611,2037,20.37,2042.0,20.42,0.05000000000000071,True
1112611.IV.CPGN..HN,1112611,1955,19.55,1959.0,19.59,0.03999999999999915,True
1112611.IV.CRE..HH,1112611,1982,19.82,1986.0,19.86,0.03999999999999915,True
1112611.IV.FDMO..HH,1112611,2045,20.45,2092.0,20.92,0.4700000000000024,True
1112611.IV.FRON..EH,1112611,1980,19.8,1598.0,15.98,3.8200000000000003,True
1112611.IV.FSSB..HH,1112611,1648,16.48,1660.0,16.6,0.120000000000001,True
1112611.IV.MGAB..HH,1112611,1559,15.59,1581.0,15.81,0.22000000000000064,True
1112611.IV.MGAB..HN,1112611,1578,15.780000000000001,1607.0,16.07,0.28999999999999915,True
1112611.IV.MPAG..EH,1112611,1895,18.95,1899.0,18.990000000000002,0.0400000000000027,True
1112611.IV.MPAG..HN,1112611,1651,16.51,2116.0,21.16,4.649999999999999,True
1112611.IV.MURB..HH,1112611,1639,16.39,1640.0,16.4,0.00999999999999801,True
1112611.IV.MURB..HN,1112611,1578,15.780000000000001,1591.0,15.91,0.129999999999999,True
1112611.IV.NARO..HH,1112611,2048,20.48,2042.0,20.42,0.05999999999999872,True
1112611.IV.PARC..HH,1112611,1735,17.35,1722.0,17.22,0.13000000000000256,True
1112611.IV.PE3..EH,1112611,1583,15.83,1584.0,15.84,0.009999999999999787,True
1112611.IV.PIEI..HH,1112611,1950,19.5,1946.0,19.46,0.03999999999999915,True
1112611.IV.SNTG..HH,1112611,1846,18.46,1868.0,18.68,0.21999999999999886,True
1112611.IV.SNTG..HN,1112611,1823,18.23,,,,False
1112611.IV.SSP9..EH,1112611,1992,19.92,2000.0,20.0,0.0799999999999983,True
1112761.IV.ARVD..HH,1112761,1680,16.8,1684.0,16.84,0.03999999999999915,True
1112761.IV.ATPI..EH,1112761,1541,15.41,1224.0,12.24,3.17,True
1112761.IV.EL6..EH,1112761,1673,16.73,1671.0,16.71,0.019999999999999574,True
1112761.IV.FDMO..HH,1112761,2393,23.93,2456.0,24.560000000000002,0.6300000000000026,True
1112761.IV.FSSB..HH,1112761,2034,20.34,2096.0,20.96,0.620000000000001,True
1112761.IV.MPAG..EH,1112761,1821,18.21,1900.0,19.0,0.7899999999999991,True
1112761.IV.MPAG..HN,1112761,1959,19.59,1639.0,16.39,3.1999999999999993,True
1112761.IV.SNTG..HH,1112761,1602,16.02,1622.0,16.22,0.1999999999999993,True
1112761.IV.SNTG..HN,1112761,1627,16.27,,,,False
1112801.NI.CGRP..HH,1112801,1955,19.55,2001.0,20.01,0.46000000000000085,True
1112801.GU.MAIM..HH,1112801,1655,16.55,1795.0,17.95,1.3999999999999986,True
1112801.IV.MODE..HN,1112801,1871,18.71,2010.0,20.1,1.3900000000000006,True
1112801.IV.NOVE..EH,1112801,1917,19.17,1959.0,19.59,0.41999999999999815,True
1112801.IV.RAVA..EH,1112801,1862,18.62,1916.0,19.16,0.5399999999999991,True
1112801.IV.ROVR..HH,1112801,1645,16.45,1649.0,16.490000000000002,0.0400000000000027,True
1112801.IV.SALO..HH,1112801,1748,17.48,1788.0,17.88,0.3999999999999986,True
1112801.IV.SBPO..HH,1112801,1662,16.62,1761.0,17.61,0.9899999999999984,True
1112801.IV.T0800..HH,1112801,1939,19.39,1970.0,19.7,0.3099999999999987,True
1112801.IV.T0800..HN,1112801,1935,19.35,1944.0,19.44,0.08999999999999986,True
1112801.IV.T0803..HN,1112801,1753,17.53,1955.0,19.55,2.0199999999999996,True
1112801.IV.T0805..HN,1112801,1991,19.91,2093.0,20.93,1.0199999999999996,True
1112801.IV.T0819..EH,1112801,1921,19.21,1920.0,19.2,0.010000000000001563,True
1112801.IV.T0819..HN,1112801,1911,19.11,1913.0,19.13,0.019999999999999574,True
1112801.IV.T0825..EH,1112801,1937,19.37,1943.0,19.43,0.05999999999999872,True
1112801.IV.T0826..HN,1112801,1718,17.18,1713.0,17.13,0.05000000000000071,True
1112801.IV.TEOL..HH,1112801,1739,17.39,1763.0,17.63,0.23999999999999844,True
11128661.IV.CAMP..HH,11128661,1809,18.09,1422.0,14.22,3.869999999999999,True
11128661.IV.CSP1..EH,11128661,1895,18.95,1904.0,19.04,0.08999999999999986,True
11128661.IV.FDMO..HH,11128661,2178,21.78,1230.0,12.3,9.48,True
11128661.IV.FIAM..HH,11128661,1848,18.48,1867.0,18.67,0.19000000000000128,True
11128661.IV.FIAM..HN,11128661,2016,20.16,2110.0,21.1,0.9400000000000013,True
11128661.IV.GIGS..HH,11128661,1701,17.01,1719.0,17.19,0.17999999999999972,True
11128661.IV.LNSS..HH,11128661,1864,18.64,1452.0,14.52,4.120000000000001,True
11128661.IV.NRCA..HH,11128661,2174,21.740000000000002,1674.0,16.740000000000002,5.0,True
11128661.IV.NRCA..HN,11128661,1961,19.61,1987.0,19.87,0.26000000000000156,True
11128661.IV.OFFI..HH,11128661,1901,19.01,1941.0,19.41,0.3999999999999986,True
11128661.IV.RM33..EH,11128661,1737,17.37,1328.0,13.280000000000001,4.09,True
11128661.IV.RM33..HN,11128661,1780,17.8,1412.0,14.120000000000001,3.6799999999999997,True
11128661.IV.SMA1..EH,11128661,1530,15.3,1121.0,11.21,4.09,True
11128661.IV.T1201..HN,11128661,2009,20.09,1595.0,15.950000000000001,4.139999999999999,True
11128661.IV.T1202..EH,11128661,1605,16.05,1341.0,13.41,2.6400000000000006,True
11128661.IV.T1204..EH,11128661,1802,18.02,1392.0,13.92,4.1,True
11128661.IV.T1211..EH,11128661,3636,36.36,3641.0,36.410000000000004,0.05000000000000426,True
11128661.IV.T1211..HN,11128661,6379,63.79,6388.0,63.88,0.09000000000000341,True
11128661.IV.T1212..EH,11128661,5263,52.63,2107.0,21.07,31.560000000000002,True
11128661.IV.T1212..HN,11128661,2143,21.43,999.0,9.99,11.44,True
11128661.IV.T1215..EH,11128661,3367,33.67,3367.0,33.67,0.0,True
11128661.IV.T1215..HN,11128661,6467,64.67,6502.0,65.02,0.3499999999999943,True
11128661.IV.T1216..EH,11128661,1769,17.69,1813.0,18.13,0.4399999999999977,True
11128661.IV.T1216..HN,11128661,3140,31.400000000000002,3195.0,31.95,0.5499999999999972,True
11128661.IV.T1218..EH,11128661,3180,31.8,999.0,9.99,21.810000000000002,True
11128661.IV.T1218..HN,11128661,3624,36.24,3530.0,35.300000000000004,0.9399999999999977,True
11128661.IV.T1219..EH,11128661,2642,26.42,2731.0,27.310000000000002,0.8900000000000006,True
11128661.IV.T1219..HN,11128661,6426,64.26,1787.0,17.87,46.39,True
11128661.IV.T1241..EH,11128661,1871,18.71,1877.0,18.77,0.05999999999999872,True
11128661.IV.T1241..HN,11128661,1827,18.27,1860.0,18.6,0.33000000000000185,True
11128661.IV.T1243..HH,11128661,1937,19.37,1534.0,15.34,4.030000000000001,True
11128661.IV.T1243..HN,11128661,1928,19.28,1584.0,15.84,3.4400000000000013,True
11128661.IV.T1245..HH,11128661,1680,16.8,1686.0,16.86,0.05999999999999872,True
11128661.IV.T1245..HN,11128661,1582,15.82,1338.0,13.38,2.4399999999999995,True
11128661.IV.T1246..HH,11128661,1785,17.85,1375.0,13.75,4.100000000000001,True
11128661.IV.T1247..HH,11128661,1793,17.93,1801.0,18.01,0.08000000000000185,True
11128661.IV.T1256..HH,11128661,2021,20.21,2049.0,20.490000000000002,0.28000000000000114,True
11128661.IV.T1256..HN,11128661,1975,19.75,2234.0,22.34,2.59,True
11128661.IV.T1299..EH,11128661,1762,17.62,1091.0,10.91,6.710000000000001,True
11128661.IV.T1299..HN,11128661,1741,17.41,1404.0,14.040000000000001,3.369999999999999,True
11128661.IV.TERO..HH,11128661,1834,18.34,1475.0,14.75,3.59,True
11128661.IV.TERO..HN,11128661,1987,19.87,1678.0,16.78,3.09,True
11128661.IV.VCEL..EH,11128661,2030,20.3,2050.0,20.5,0.1999999999999993,True
1112961.SI.ABSI..HH,1112961,1964,19.64,2038.0,20.38,0.7399999999999984,True
1112961.IV.APPI..EH,1112961,1785,17.85,1811.0,18.11,0.259999999999998,True
1112961.NI.CGRP..HH,1112961,2196,21.96,2212.0,22.12,0.16000000000000014,True
1112961.IV.MABI..HH,1112961,1898,18.98,1905.0,19.05,0.07000000000000028,True
1112961.IV.MAGA..HH,1112961,1980,19.8,2047.0,20.47,0.6699999999999982,True
1112961.SI.RISI..HH,1112961,1873,18.73,1905.0,19.05,0.3200000000000003,True
1112961.IV.ROVR..HH,1112961,2105,21.05,1691.0,16.91,4.140000000000001,True
11129801.IV.AOI..HH,11129801,1678,16.78,1685.0,16.85,0.07000000000000028,True
11129801.IV.APEC..HH,11129801,2030,20.3,2041.0,20.41,0.10999999999999943,True
11129801.IV.APEC..HN,11129801,1973,19.73,2060.0,20.6,0.870000000000001,True
11129801.IV.ARRO..EH,11129801,1607,16.07,1602.0,16.02,0.05000000000000071,True
11129801.IV.ARVD..HH,11129801,1820,18.2,1799.0,17.990000000000002,0.2099999999999973,True
11129801.IV.ASSB..HH,11129801,1616,16.16,1578.0,15.780000000000001,0.379999999999999,True
11129801.IV.ATCC..EH,11129801,2127,21.27,1695.0,16.95,4.32,True
11129801.IV.ATCC..HN,11129801,2084,20.84,2072.0,20.72,0.120000000000001,True
11129801.IV.ATFO..HH,11129801,1934,19.34,1930.0,19.3,0.03999999999999915,True
11129801.IV.ATFO..HN,11129801,1857,18.57,1870.0,18.7,0.129999999999999,True
11129801.IV.ATLO..EH,11129801,1848,18.48,1834.0,18.34,0.14000000000000057,True
11129801.IV.ATMI..HH,11129801,1928,19.28,1973.0,19.73,0.4499999999999993,True
11129801.IV.ATPC..HH,11129801,1630,16.3,1610.0,16.1,0.1999999999999993,True
11129801.IV.ATPC..HN,11129801,1611,16.11,1632.0,16.32,0.21000000000000085,True
11129801.IV.ATPI..EH,11129801,1944,19.44,1427.0,14.27,5.170000000000002,True
11129801.IV.ATSC..EH,11129801,2112,21.12,2118.0,21.18,0.05999999999999872,True
11129801.IV.ATVA..EH,11129801,2037,20.37,2037.0,20.37,0.0,True
11129801.IV.ATVO..HH,11129801,2042,20.42,2019.0,20.19,0.23000000000000043,True
11129801.IV.ATVO..HN,11129801,2109,21.09,2118.0,21.18,0.08999999999999986,True
11129801.IV.BADI..EH,11129801,1692,16.92,1696.0,16.96,0.03999999999999915,True
11129801.IV.CAFI..HH,11129801,2134,21.34,2149.0,21.490000000000002,0.15000000000000213,True
11129801.IV.CAFI..HN,11129801,1995,19.95,2043.0,20.43,0.4800000000000004,True
11129801.IV.CAMP..HH,11129801,2046,20.46,2024.0,20.240000000000002,0.21999999999999886,True
11129801.IV.CESI..HH,11129801,1562,15.620000000000001,1501.0,15.01,0.6100000000000012,True
11129801.IV.CESX..HH,11129801,1753,17.53,1740.0,17.400000000000002,0.129999999999999,True
11129801.IV.CING..HH,11129801,1694,16.94,1694.0,16.94,0.0,True
11129801.IV.CRE..HH,11129801,1652,16.52,1665.0,16.65,0.129999999999999,True
11129801.IV.CRMI..HH,11129801,1775,17.75,1790.0,17.900000000000002,0.15000000000000213,True
11129801.IV.CRMI..HN,11129801,2050,20.5,2160.0,21.6,1.1000000000000014,True
11129801.IV.CSNT..HH,11129801,1946,19.46,1955.0,19.55,0.08999999999999986,True
11129801.IV.CSP1..EH,11129801,1914,19.14,1873.0,18.73,0.41000000000000014,True
11129801.IV.EL6..EH,11129801,1720,17.2,1704.0,17.04,0.16000000000000014,True
11129801.IV.FAGN..HH,11129801,1743,17.43,1758.0,17.580000000000002,0.15000000000000213,True
11129801.IV.FDMO..HH,11129801,2346,23.46,1923.0,19.23,4.23,True
11129801.IV.FEMA..HN,11129801,1691,16.91,1679.0,16.79,0.120000000000001,True
11129801.IV.FIAM..HH,11129801,2051,20.51,2048.0,20.48,0.030000000000001137,True
11129801.IV.FIAM..HN,11129801,2059,20.59,2084.0,20.84,0.25,True
11129801.IV.FOSV..EH,11129801,1786,17.86,1782.0,17.82,0.03999999999999915,True
11129801.IV.FOSV..HN,11129801,1639,16.39,1655.0,16.55,0.16000000000000014,True
11129801.IV.FRON..EH,11129801,1714,17.14,1706.0,17.06,0.08000000000000185,True
11129801.IV.FSSB..HH,11129801,1855,18.55,1850.0,18.5,0.05000000000000071,True
11129801.IV.GAG1..HN,11129801,1887,18.87,1898.0,18.98,0.10999999999999943,True
11129801.IV.GIGS..HH,11129801,1877,18.77,1880.0,18.8,0.030000000000001137,True
11129801.IV.GUMA..HH,11129801,1891,18.91,1868.0,18.68,0.23000000000000043,True
11129801.IV.GUMA..HN,11129801,1659,16.59,1659.0,16.59,0.0,True
11129801.IV.INTR..HH,11129801,1848,18.48,1834.0,18.34,0.14000000000000057,True
11129801.IV.INTR..HN,11129801,1871,18.71,1922.0,19.22,0.509999999999998,True
11129801.IV.LMD..HH,11129801,1985,19.85,1989.0,19.89,0.03999999999999915,True
11129801.IV.LNSS..HH,11129801,1789,17.89,1757.0,17.57,0.3200000000000003,True
11129801.IV.MC2..EH,11129801,2123,21.23,2068.0,20.68,0.5500000000000007,True
11129801.IV.MDAR..HN,11129801,1678,16.78,1395.0,13.950000000000001,2.83,True
11129801.IV.MGAB..HH,11129801,1946,19.46,1945.0,19.45,0.010000000000001563,True
11129801.IV.MGAB..HN,11129801,2211,22.11,2233.0,22.330000000000002,0.22000000000000242,True
11129801.IV.MMO1..EH,11129801,1627,16.27,1588.0,15.88,0.3899999999999988,True
11129801.IV.MMO1..HN,11129801,1623,16.23,1628.0,16.28,0.05000000000000071,True
11129801.IV.MNTP..HN,11129801,1759,17.59,1770.0,17.7,0.10999999999999943,True
11129801.IV.MOMA..HH,11129801,1976,19.76,1450.0,14.5,5.260000000000002,True
11129801.IV.MOMA..HN,11129801,2005,20.05,2011.0,20.11,0.05999999999999872,True
11129801.IV.MPAG..EH,11129801,1750,17.5,1731.0,17.31,0.19000000000000128,True
11129801.IV.MPAG..HN,11129801,1750,17.5,,,,False
11129801.IV.MTCR..EH,11129801,2079,20.79,2089.0,20.89,0.10000000000000142,True
11129801.IV.MTL1..HN,11129801,2055,20.55,2081.0,20.81,0.259999999999998,True
11129801.IV.MURB..HH,11129801,1572,15.72,1548.0,15.48,0.2400000000000002,True
11129801.IV.MURB..HN,11129801,1571,15.71,1573.0,15.73,0.019999999999999574,True
11129801.IV.NRCA..HH,11129801,2023,20.23,1962.0,19.62,0.6099999999999994,True
11129801.IV.NRCA..HN,11129801,2019,20.19,1990.0,19.900000000000002,0.28999999999999915,True
11129801.IV.OFFI..HH,11129801,1860,18.6,1865.0,18.650000000000002,0.05000000000000071,True
11129801.IV.OSSC..HH,11129801,1764,17.64,1774.0,17.740000000000002,0.10000000000000142,True
11129801.IV.OSSC..HN,11129801,1796,17.96,,,,False
11129801.IV.PARC..HH,11129801,1970,19.7,1960.0,19.6,0.09999999999999787,True
11129801.IV.PIEI..HH,11129801,1721,17.21,1716.0,17.16,0.05000000000000071,True
11129801.IV.PIEI..HN,11129801,1652,16.52,1700.0,17.0,0.4800000000000004,True
11129801.IV.PP3..EH,11129801,1778,17.78,1538.0,15.38,2.4000000000000004,True
11129801.IV.PP3..HN,11129801,1830,18.3,1587.0,15.870000000000001,2.4299999999999997,True
11129801.IV.RM33..EH,11129801,1887,18.87,1884.0,18.84,0.030000000000001137,True
11129801.IV.RM33..HN,11129801,1550,15.5,1558.0,15.58,0.08000000000000007,True
11129801.IV.RUFI..EH,11129801,1769,17.69,1785.0,17.85,0.16000000000000014,True
11129801.IV.SACS..HH,11129801,1769,17.69,1781.0,17.81,0.11999999999999744,True
11129801.IV.SACS..HN,11129801,1962,19.62,1996.0,19.96,0.33999999999999986,True
11129801.IV.SEF1..HN,11129801,1734,17.34,1643.0,16.43,0.9100000000000001,True
11129801.IV.SFI..EH,11129801,1721,17.21,1720.0,17.2,0.010000000000001563,True
11129801.IV.SFI..HN,11129801,1770,17.7,,,,False
11129801.IV.SNTG..HH,11129801,1916,19.16,1901.0,19.01,0.14999999999999858,True
11129801.IV.SNTG..HN,11129801,1832,18.32,1850.0,18.5,0.17999999999999972,True
11129801.IV.SRES..HH,11129801,1870,18.7,1909.0,19.09,0.39000000000000057,True
11129801.IV.SSFR..HH,11129801,1973,19.73,1970.0,19.7,0.030000000000001137,True
11129801.IV.SSFR..HN,11129801,1948,19.48,1963.0,19.63,0.14999999999999858,True
11129801.IV.T0110..HH,11129801,1934,19.34,1938.0,19.38,0.03999999999999915,True
11129801.IV.T1201..HN,11129801,1612,16.12,1599.0,15.99,0.13000000000000078,True
11129801.IV.T1202..EH,11129801,1921,19.21,1906.0,19.06,0.15000000000000213,True
11129801.IV.T1204..EH,11129801,1884,18.84,1607.0,16.07,2.7699999999999996,True
11129801.IV.T1211..EH,11129801,1930,19.3,1899.0,18.990000000000002,0.3099999999999987,True
11129801.IV.T1211..HN,11129801,1852,18.52,1859.0,18.59,0.07000000000000028,True
11129801.IV.T1212..EH,11129801,2310,23.1,1107.0,11.07,12.030000000000001,True
11129801.IV.T1212..HN,11129801,2743,27.43,1575.0,15.75,11.68,True
11129801.IV.T1213..EH,11129801,1605,16.05,999.0,9.99,6.0600000000000005,True
11129801.IV.T1213..HN,11129801,2536,25.36,1042.0,10.42,14.94,True
11129801.IV.T1215..EH,11129801,2605,26.05,2534.0,25.34,0.7100000000000009,True
11129801.IV.T1215..HN,11129801,3485,34.85,3458.0,34.58,0.2700000000000031,True
11129801.IV.T1216..EH,11129801,1987,19.87,1890.0,18.900000000000002,0.9699999999999989,True
11129801.IV.T1216..HN,11129801,5263,52.63,1323.0,13.23,39.400000000000006,True
11129801.IV.T1217..EH,11129801,2857,28.57,2783.0,27.830000000000002,0.7399999999999984,True
11129801.IV.T1217..HN,11129801,2101,21.01,2059.0,20.59,0.4200000000000017,True
11129801.IV.T1218..EH,11129801,3643,36.43,3590.0,35.9,0.5300000000000011,True
11129801.IV.T1218..HN,11129801,4494,44.94,4476.0,44.76,0.17999999999999972,True
11129801.IV.T1219..EH,11129801,1857,18.57,1824.0,18.240000000000002,0.3299999999999983,True
11129801.IV.T1219..HN,11129801,3447,34.47,3442.0,34.42,0.04999999999999716,True
11129801.IV.T1221..EH,11129801,2111,21.11,2034.0,20.34,0.7699999999999996,True
11129801.IV.T1221..HN,11129801,2114,21.14,1113.0,11.13,10.01,True
11129801.IV.T1241..EH,11129801,1948,19.48,1914.0,19.14,0.33999999999999986,True
11129801.IV.T1241..HN,11129801,2088,20.88,2095.0,20.95,0.07000000000000028,True
11129801.IV.T1243..HH,11129801,1898,18.98,1892.0,18.92,0.05999999999999872,True
11129801.IV.T1243..HN,11129801,1868,18.68,1871.0,18.71,0.030000000000001137,True
11129801.IV.T1244..EH,11129801,1971,19.71,1987.0,19.87,0.16000000000000014,True
11129801.IV.T1244..HN,11129801,1921,19.21,1389.0,13.89,5.32,True
11129801.IV.T1245..HH,11129801,1905,19.05,1838.0,18.38,0.6700000000000017,True
11129801.IV.T1245..HN,11129801,1919,19.19,1909.0,19.09,0.10000000000000142,True
11129801.IV.T1246..HH,11129801,1785,17.85,1370.0,13.700000000000001,4.15,True
11129801.IV.T1247..HH,11129801,1568,15.68,1577.0,15.77,0.08999999999999986,True
11129801.IV.T1256..HH,11129801,1803,18.03,1755.0,17.55,0.4800000000000004,True
11129801.IV.T1256..HN,11129801,1878,18.78,1883.0,18.830000000000002,0.05000000000000071,True
11129801.IV.T1299..EH,11129801,2083,20.830000000000002,1648.0,16.48,4.350000000000001,True
11129801.IV.T1299..HN,11129801,1857,18.57,1431.0,14.31,4.26,True
11129801.IV.TERO..HH,11129801,1653,16.53,1649.0,16.490000000000002,0.03999999999999915,True
11129801.IV.TERO..HN,11129801,1543,15.43,1546.0,15.46,0.030000000000001137,True
11129801.IV.TOLF..HH,11129801,2063,20.63,2112.0,21.12,0.490000000000002,True
11129801.IV.VCEL..EH,11129801,1736,17.36,1744.0,17.44,0.08000000000000185,True
1112991.IV.MABI..HH,1112991,1702,17.02,1726.0,17.26,0.240000000000002,True
1112991.IV.MAGA..HH,1112991,1800,18.0,1838.0,18.38,0.379999999999999,True
1112991.IV.NOVE..EH,1112991,1761,17.61,1762.0,17.62,0.010000000000001563,True
1112991.IV.ROVR..HH,1112991,1639,16.39,1720.0,17.2,0.8099999999999987,True
1112991.IV.T0826..HN,1112991,1926,19.26,1928.0,19.28,0.019999999999999574,True
11130151.IV.ASSB..HH,11130151,1689,16.89,1690.0,16.9,0.00999999999999801,True
11130151.IV.ATCC..EH,11130151,1776,17.76,1772.0,17.72,0.0400000000000027,True
11130151.IV.ATVO..HH,11130151,1632,16.32,1635.0,16.35,0.030000000000001137,True
11130151.IV.ATVO..HN,11130151,1636,16.36,,,,False
11130151.IV.CESI..HH,11130151,1918,19.18,1889.0,18.89,0.28999999999999915,True
11130151.IV.CING..HH,11130151,1642,16.42,1651.0,16.51,0.08999999999999986,True
11130151.IV.CSP1..EH,11130151,1843,18.43,1817.0,18.17,0.259999999999998,True
11130151.IV.EL6..EH,11130151,1662,16.62,1665.0,16.65,0.029999999999997584,True
11130151.IV.FDMO..HH,11130151,1985,19.85,1950.0,19.5,0.3500000000000014,True
11130151.IV.FEMA..HN,11130151,1639,16.39,1630.0,16.3,0.08999999999999986,True
11130151.IV.FOSV..EH,11130151,1907,19.07,2001.0,20.01,0.9400000000000013,True
11130151.IV.FOSV..HN,11130151,1901,19.01,2078.0,20.78,1.7699999999999996,True
11130151.IV.GIGS..HH,11130151,1589,15.89,1639.0,16.39,0.5,True
11130151.IV.GUMA..HH,11130151,1753,17.53,1754.0,17.54,0.00999999999999801,True
11130151.IV.GUMA..HN,11130151,1778,17.78,1778.0,17.78,0.0,True
11130151.IV.LNSS..HH,11130151,1532,15.32,1531.0,15.31,0.009999999999999787,True
11130151.IV.MC2..EH,11130151,2030,20.3,2029.0,20.29,0.010000000000001563,True
11130151.IV.MURB..HH,11130151,1952,19.52,1957.0,19.57,0.05000000000000071,True
11130151.IV.MURB..HN,11130151,1832,18.32,1919.0,19.19,0.870000000000001,True
11130151.IV.NRCA..HH,11130151,1655,16.55,999.0,9.99,6.5600000000000005,True
11130151.IV.NRCA..HN,11130151,1678,16.78,999.0,9.99,6.790000000000001,True
11130151.IV.PIEI..HH,11130151,2141,21.41,2178.0,21.78,0.370000000000001,True
11130151.IV.PIEI..HN,11130151,2127,21.27,,,,False
11130151.IV.SNTG..HH,11130151,1573,15.73,1596.0,15.96,0.23000000000000043,True
11130151.IV.SNTG..HN,11130151,1588,15.88,1614.0,16.14,0.2599999999999998,True
11130151.IV.SSFR..HH,11130151,1970,19.7,1971.0,19.71,0.010000000000001563,True
11130151.IV.SSFR..HN,11130151,2011,20.11,2070.0,20.7,0.5899999999999999,True
11130151.IV.T1215..EH,11130151,4826,48.26,2112.0,21.12,27.139999999999997,True
11130151.IV.T1215..HN,11130151,4390,43.9,4415.0,44.15,0.25,True
11130151.IV.T1216..EH,11130151,3475,34.75,3461.0,34.61,0.14000000000000057,True
11130151.IV.T1216..HN,11130151,3229,32.29,3229.0,32.29,0.0,True
11130151.IV.T1218..EH,11130151,2777,27.77,2774.0,27.740000000000002,0.029999999999997584,True
11130151.IV.T1218..HN,11130151,3879,38.79,3069.0,30.69,8.099999999999998,True
11130151.IV.T1219..EH,11130151,2069,20.69,2038.0,20.38,0.3100000000000023,True
11130151.IV.T1219..HN,11130151,2729,27.29,1512.0,15.120000000000001,12.169999999999998,True
11130151.IV.T1241..EH,11130151,2138,21.38,2127.0,21.27,0.10999999999999943,True
11130151.IV.T1241..HN,11130151,1989,19.89,2004.0,20.04,0.14999999999999858,True
11130151.IV.T1243..HH,11130151,1953,19.53,1957.0,19.57,0.03999999999999915,True
11130151.IV.T1243..HN,11130151,1907,19.07,1934.0,19.34,0.2699999999999996,True
11130151.IV.T1245..HH,11130151,1912,19.12,1166.0,11.66,7.460000000000001,True
11130151.IV.T1245..HN,11130151,1705,17.05,1731.0,17.31,0.259999999999998,True
11130151.IV.T1256..HH,11130151,1520,15.200000000000001,1482.0,14.82,0.3800000000000008,True
11130151.IV.T1256..HN,11130151,1545,15.450000000000001,1548.0,15.48,0.02999999999999936,True
11130151.IV.TERO..HH,11130151,1587,15.870000000000001,1583.0,15.83,0.040000000000000924,True
11130151.IV.TERO..HN,11130151,1810,18.1,1830.0,18.3,0.1999999999999993,True
11130921.IV.ARRO..EH,11130921,1678,16.78,1685.0,16.85,0.07000000000000028,True
11130921.IV.ATCC..EH,11130921,1994,19.94,1980.0,19.8,0.14000000000000057,True
11130921.IV.ATFO..HH,11130921,1575,15.75,1600.0,16.0,0.25,True
11130921.IV.ATFO..HN,11130921,1634,16.34,1721.0,17.21,0.870000000000001,True
11130921.IV.ATVO..HH,11130921,2069,20.69,2074.0,20.740000000000002,0.05000000000000071,True
11130921.IV.ATVO..HN,11130921,1870,18.7,,,,False
11130921.IV.CAMP..HH,11130921,1812,18.12,1815.0,18.150000000000002,0.030000000000001137,True
11130921.IV.CESI..HH,11130921,2075,20.75,2046.0,20.46,0.28999999999999915,True
11130921.IV.CESX..HH,11130921,1651,16.51,1669.0,16.69,0.17999999999999972,True
11130921.IV.CING..HH,11130921,1669,16.69,1674.0,16.740000000000002,0.05000000000000071,True
11130921.IV.CSP1..EH,11130921,1944,19.44,1935.0,19.35,0.08999999999999986,True
11130921.IV.EL6..EH,11130921,1896,18.96,1898.0,18.98,0.019999999999999574,True
11130921.IV.FDMO..HH,11130921,1571,15.71,1578.0,15.780000000000001,0.07000000000000028,True
11130921.IV.FEMA..HN,11130921,1685,16.85,1689.0,16.89,0.03999999999999915,True
11130921.IV.FIAM..HH,11130921,2019,20.19,2084.0,20.84,0.6499999999999986,True
11130921.IV.FIAM..HN,11130921,2023,20.23,2089.0,20.89,0.6600000000000001,True
11130921.IV.FOSV..HN,11130921,1803,18.03,1848.0,18.48,0.4499999999999993,True
11130921.IV.GUMA..HH,11130921,2019,20.19,2030.0,20.3,0.10999999999999943,True
11130921.IV.GUMA..HN,11130921,2039,20.39,2051.0,20.51,0.120000000000001,True
11130921.IV.MC2..EH,11130921,1778,17.78,1772.0,17.72,0.060000000000002274,True
11130921.IV.MGAB..HH,11130921,1869,18.69,1885.0,18.85,0.16000000000000014,True
11130921.IV.MGAB..HN,11130921,1937,19.37,2028.0,20.28,0.9100000000000001,True
11130921.IV.MPAG..EH,11130921,2358,23.580000000000002,2363.0,23.63,0.04999999999999716,True
11130921.IV.MPAG..HN,11130921,2049,20.490000000000002,11983.0,119.83,99.34,True
11130921.IV.MURB..HH,11130921,1696,16.96,1703.0,17.03,0.07000000000000028,True
11130921.IV.MURB..HN,11130921,1651,16.51,1681.0,16.81,0.29999999999999716,True
11130921.IV.NRCA..HH,11130921,2060,20.6,1250.0,12.5,8.100000000000001,True
11130921.IV.NRCA..HN,11130921,1971,19.71,1974.0,19.740000000000002,0.030000000000001137,True
11130921.IV.PIEI..HH,11130921,1750,17.5,1775.0,17.75,0.25,True
11130921.IV.PIEI..HN,11130921,1796,17.96,3233.0,32.33,14.369999999999997,True
11130921.IV.RM33..EH,11130921,1800,18.0,1802.0,18.02,0.019999999999999574,True
11130921.IV.RM33..HN,11130921,1757,17.57,1779.0,17.79,0.21999999999999886,True
11130921.IV.SMA1..EH,11130921,2185,21.85,2215.0,22.150000000000002,0.3000000000000007,True
11130921.IV.SNTG..HH,11130921,2161,21.61,2162.0,21.62,0.010000000000001563,True
11130921.IV.SNTG..HN,11130921,1968,19.68,1998.0,19.98,0.3000000000000007,True
11130921.IV.SSFR..HH,11130921,2061,20.61,2068.0,20.68,0.07000000000000028,True
11130921.IV.SSFR..HN,11130921,2037,20.37,2104.0,21.04,0.6699999999999982,True
11130921.IV.T1202..EH,11130921,1526,15.26,1510.0,15.1,0.16000000000000014,True
11130921.IV.T1211..EH,11130921,3134,31.34,3128.0,31.28,0.05999999999999872,True
11130921.IV.T1211..HN,11130921,4072,40.72,4127.0,41.27,0.5500000000000043,True
11130921.IV.T1212..EH,11130921,2580,25.8,2576.0,25.76,0.03999999999999915,True
11130921.IV.T1212..HN,11130921,3750,37.5,1729.0,17.29,20.21,True
11130921.IV.T1213..EH,11130921,2125,21.25,2131.0,21.31,0.05999999999999872,True
11130921.IV.T1213..HN,11130921,2677,26.77,2315.0,23.150000000000002,3.6199999999999974,True
11130921.IV.T1215..EH,11130921,2055,20.55,2013.0,20.13,0.4200000000000017,True
11130921.IV.T1215..HN,11130921,3711,37.11,3711.0,37.11,0.0,True
11130921.IV.T1216..EH,11130921,2131,21.31,2087.0,20.87,0.4399999999999977,True
11130921.IV.T1216..HN,11130921,2416,24.16,2395.0,23.95,0.21000000000000085,True
11130921.IV.T1217..EH,11130921,1828,18.28,1785.0,17.85,0.4299999999999997,True
11130921.IV.T1217..HN,11130921,1771,17.71,1766.0,17.66,0.05000000000000071,True
11130921.IV.T1218..EH,11130921,2252,22.52,2228.0,22.28,0.23999999999999844,True
11130921.IV.T1218..HN,11130921,2104,21.04,2105.0,21.05,0.010000000000001563,True
11130921.IV.T1219..EH,11130921,2316,23.16,1040.0,10.4,12.76,True
11130921.IV.T1219..HN,11130921,4724,47.24,1076.0,10.76,36.480000000000004,True
11130921.IV.T1221..EH,11130921,1817,18.17,1781.0,17.81,0.360000000000003,True
11130921.IV.T1221..HN,11130921,3435,34.35,1252.0,12.52,21.830000000000002,True
11130921.IV.T1241..EH,11130921,1742,17.42,1746.0,17.46,0.03999999999999915,True
11130921.IV.T1243..HH,11130921,2276,22.76,2284.0,22.84,0.0799999999999983,True
11130921.IV.T1243..HN,11130921,1970,19.7,2017.0,20.17,0.4700000000000024,True
11130921.IV.T1245..HH,11130921,1739,17.39,1718.0,17.18,0.21000000000000085,True
11130921.IV.T1245..HN,11130921,1551,15.51,1570.0,15.700000000000001,0.19000000000000128,True
11130921.IV.T1247..HH,11130921,1985,19.85,1996.0,19.96,0.10999999999999943,True
11130921.IV.T1256..HH,11130921,1730,17.3,1719.0,17.19,0.10999999999999943,True
11130921.IV.T1256..HN,11130921,1693,16.93,1744.0,17.44,0.5100000000000016,True
11130921.IV.TERO..HN,11130921,2273,22.73,2283.0,22.830000000000002,0.10000000000000142,True
1113431.IV.ATBU..EH,1113431,2030,20.3,2031.0,20.31,0.00999999999999801,True
1113431.IV.ATPC..HH,1113431,1668,16.68,1670.0,16.7,0.019999999999999574,True
1113431.IV.ATPC..HN,1113431,1693,16.93,1755.0,17.55,0.620000000000001,True
1113431.IV.ATPI..EH,1113431,2007,20.07,2043.0,20.43,0.35999999999999943,True
1113431.IV.ATVO..HH,1113431,1737,17.37,1736.0,17.36,0.010000000000001563,True
1113431.IV.MURB..HH,1113431,1876,18.76,2186.0,21.86,3.099999999999998,True
1113431.IV.MURB..HN,1113431,1875,18.75,999.0,9.99,8.76,True
1113431.IV.PIEI..HH,1113431,1912,19.12,1912.0,19.12,0.0,True
1113661.IV.BDI..HH,1113661,1801,18.01,1794.0,17.94,0.07000000000000028,True
1113661.IV.BDI..HN,1113661,1946,19.46,1946.0,19.46,0.0,True
1113661.IV.ERBM..EH,1113661,1670,16.7,1172.0,11.72,4.979999999999999,True
1113661.IV.MAGA..HH,1113661,2159,21.59,2179.0,21.79,0.1999999999999993,True
1113661.GU.MAIM..HH,1113661,2010,20.1,2023.0,20.23,0.129999999999999,True
1113661.IV.MODE..HN,1113661,1900,19.0,1970.0,19.7,0.6999999999999993,True
1113661.IV.MSSA..HH,1113661,1859,18.59,1857.0,18.57,0.019999999999999574,True
1113661.IV.ROVR..HH,1113661,1553,15.530000000000001,1592.0,15.92,0.3899999999999988,True
1113661.IV.SALO..HH,1113661,1744,17.44,1754.0,17.54,0.09999999999999787,True
1113661.IV.T0800..HH,1113661,1898,18.98,1913.0,19.13,0.14999999999999858,True
1113661.IV.T0800..HN,1113661,2140,21.400000000000002,1270.0,12.700000000000001,8.700000000000001,True
1113661.MN.VLC..HH,1113661,1737,17.37,1748.0,17.48,0.10999999999999943,True
1113661.MN.VLC..HN,1113661,1644,16.44,1693.0,16.93,0.48999999999999844,True
1113661.IV.ZCCA..HH,1113661,1939,19.39,1887.0,18.87,0.5199999999999996,True
1113661.IV.ZCCA..HN,1113661,1951,19.51,1955.0,19.55,0.03999999999999915,True
11138551.IV.GIB..HH,11138551,2068,20.68,5255.0,52.550000000000004,31.870000000000005,True
11138551.IV.IACL..HH,11138551,1896,18.96,1901.0,19.01,0.05000000000000071,True
11138551.IV.IFIL..HH,11138551,1714,17.14,1320.0,13.200000000000001,3.9399999999999995,True
11138551.IV.IVPL..HH,11138551,2044,20.44,2068.0,20.68,0.23999999999999844,True
11138551.IV.MSFR..HH,11138551,1753,17.53,1662.0,16.62,0.9100000000000001,True
11138771.IV.AOI..HH,11138771,1821,18.21,1821.0,18.21,0.0,True
11138771.IV.ARRO..EH,11138771,1907,19.07,1455.0,14.55,4.52,True
11138771.IV.ARVD..HH,11138771,1810,18.1,1467.0,14.67,3.4300000000000015,True
11138771.IV.ASSB..HH,11138771,1982,19.82,1188.0,11.88,7.9399999999999995,True
11138771.IV.ATCC..EH,11138771,2230,22.3,2208.0,22.080000000000002,0.21999999999999886,True
11138771.IV.ATCC..HN,11138771,2002,20.02,2004.0,20.04,0.019999999999999574,True
11138771.IV.ATFO..HH,11138771,1796,17.96,1798.0,17.98,0.019999999999999574,True
11138771.IV.ATFO..HN,11138771,1614,16.14,1621.0,16.21,0.07000000000000028,True
11138771.IV.ATLO..EH,11138771,1589,15.89,1586.0,15.860000000000001,0.02999999999999936,True
11138771.IV.ATLO..HN,11138771,1603,16.03,1625.0,16.25,0.21999999999999886,True
11138771.IV.ATMC..EH,11138771,1916,19.16,1923.0,19.23,0.07000000000000028,True
11138771.IV.ATPC..HH,11138771,1780,17.8,1792.0,17.92,0.120000000000001,True
11138771.IV.ATPC..HN,11138771,1919,19.19,1978.0,19.78,0.5899999999999999,True
11138771.IV.ATPI..EH,11138771,1821,18.21,1820.0,18.2,0.010000000000001563,True
11138771.IV.ATSC..EH,11138771,2123,21.23,1654.0,16.54,4.690000000000001,True
11138771.IV.ATVA..EH,11138771,1614,16.14,1624.0,16.240000000000002,0.10000000000000142,True
11138771.IV.ATVO..HH,11138771,2056,20.56,2048.0,20.48,0.0799999999999983,True
11138771.IV.ATVO..HN,11138771,1789,17.89,1807.0,18.07,0.17999999999999972,True
11138771.IV.BADI..EH,11138771,1698,16.98,1703.0,17.03,0.05000000000000071,True
11138771.IV.CAFI..HH,11138771,1762,17.62,1764.0,17.64,0.019999999999999574,True
11138771.IV.CAFI..HN,11138771,1714,17.14,1758.0,17.580000000000002,0.4400000000000013,True
11138771.IV.CAMP..HH,11138771,1632,16.32,1344.0,13.44,2.880000000000001,True
11138771.IV.CESI..HH,11138771,1565,15.65,1505.0,15.05,0.5999999999999996,True
11138771.IV.CESX..HH,11138771,1735,17.35,1722.0,17.22,0.13000000000000256,True
11138771.IV.CING..HH,11138771,2089,20.89,2068.0,20.68,0.21000000000000085,True
11138771.IV.COR1..EH,11138771,1884,18.84,1901.0,19.01,0.1700000000000017,True
11138771.IV.CSP1..EH,11138771,1641,16.41,1586.0,15.860000000000001,0.5499999999999989,True
11138771.IV.FAGN..HH,11138771,1655,16.55,1670.0,16.7,0.14999999999999858,True
11138771.IV.FDMO..HH,11138771,1726,17.26,1657.0,16.57,0.6900000000000013,True
11138771.IV.FEMA..HN,11138771,1903,19.03,1876.0,18.76,0.2699999999999996,True
11138771.IV.FIAM..HH,11138771,1811,18.11,1854.0,18.54,0.4299999999999997,True
11138771.IV.FIAM..HN,11138771,1748,17.48,1786.0,17.86,0.379999999999999,True
11138771.IV.FIU1..HN,11138771,1989,19.89,2005.0,20.05,0.16000000000000014,True
11138771.IV.FRON..EH,11138771,1771,17.71,1621.0,16.21,1.5,True
11138771.IV.FSSB..HH,11138771,1943,19.43,1943.0,19.43,0.0,True
11138771.IV.GAG1..HN,11138771,1721,17.21,1714.0,17.14,0.07000000000000028,True
11138771.IV.GIGS..HH,11138771,1914,19.14,1934.0,19.34,0.1999999999999993,True
11138771.IV.GUMA..HH,11138771,1762,17.62,1724.0,17.240000000000002,0.379999999999999,True
11138771.IV.GUMA..HN,11138771,1659,16.59,1645.0,16.45,0.14000000000000057,True
11138771.IV.LNSS..HH,11138771,1698,16.98,999.0,9.99,6.99,True
11138771.IV.MC2..EH,11138771,2166,21.66,999.0,9.99,11.67,True
11138771.IV.MDAR..HN,11138771,1845,18.45,1836.0,18.36,0.08999999999999986,True
11138771.IV.MGAB..HH,11138771,1800,18.0,1814.0,18.14,0.14000000000000057,True
11138771.IV.MMO1..EH,11138771,1769,17.69,1762.0,17.62,0.07000000000000028,True
11138771.IV.MMO1..HN,11138771,1717,17.17,1727.0,17.27,0.09999999999999787,True
11138771.IV.MMUR..HN,11138771,1864,18.64,1860.0,18.6,0.03999999999999915,True
11138771.IV.MNTP..HN,11138771,2075,20.75,1092.0,10.92,9.83,True
11138771.IV.MTL1..HN,11138771,1553,15.530000000000001,1551.0,15.51,0.02000000000000135,True
11138771.IV.MURB..HH,11138771,1955,19.55,1952.0,19.52,0.030000000000001137,True
11138771.IV.MURB..HN,11138771,1878,18.78,1881.0,18.81,0.029999999999997584,True
11138771.IV.NRCA..HH,11138771,1943,19.43,999.0,9.99,9.44,True
11138771.IV.NRCA..HN,11138771,1978,19.78,1056.0,10.56,9.22,True
11138771.IV.OFFI..HH,11138771,1610,16.1,1638.0,16.38,0.2799999999999976,True
11138771.IV.PARC..HH,11138771,1848,18.48,1931.0,19.31,0.8299999999999983,True
11138771.IV.PIEI..HH,11138771,1852,18.52,1870.0,18.7,0.17999999999999972,True
11138771.IV.PIEI..HN,11138771,1778,17.78,999.0,9.99,7.790000000000001,True
11138771.IV.RM33..EH,11138771,1595,15.950000000000001,1230.0,12.3,3.6500000000000004,True
11138771.IV.RM33..HN,11138771,1662,16.62,1692.0,16.92,0.3000000000000007,True
11138771.IV.SACS..HH,11138771,2037,20.37,2054.0,20.54,0.16999999999999815,True
11138771.IV.SACS..HN,11138771,1828,18.28,1865.0,18.650000000000002,0.370000000000001,True
11138771.IV.SEF1..HN,11138771,1809,18.09,1806.0,18.06,0.030000000000001137,True
11138771.IV.SNTG..HH,11138771,2107,21.07,1248.0,12.48,8.59,True
11138771.IV.SNTG..HN,11138771,1994,19.94,2004.0,20.04,0.09999999999999787,True
11138771.IV.SSFR..HH,11138771,1932,19.32,1934.0,19.34,0.019999999999999574,True
11138771.IV.SSFR..HN,11138771,1837,18.37,1857.0,18.57,0.1999999999999993,True
11138771.IV.SSM1..HN,11138771,1861,18.61,1863.0,18.63,0.019999999999999574,True
11138771.IV.T0110..HH,11138771,1980,19.8,1980.0,19.8,0.0,True
11138771.IV.T1201..HN,11138771,2041,20.41,999.0,9.99,10.42,True
11138771.IV.T1202..EH,11138771,1582,15.82,1598.0,15.98,0.16000000000000014,True
11138771.IV.T1204..EH,11138771,1803,18.03,1805.0,18.05,0.019999999999999574,True
11138771.IV.T1211..EH,11138771,3472,34.72,3110.0,31.1,3.6199999999999974,True
11138771.IV.T1211..HN,11138771,4735,47.35,1701.0,17.01,30.34,True
11138771.IV.T1212..EH,11138771,3456,34.56,1245.0,12.450000000000001,22.11,True
11138771.IV.T1212..HN,11138771,2253,22.53,2270.0,22.7,0.16999999999999815,True
11138771.IV.T1213..EH,11138771,2630,26.3,1634.0,16.34,9.96,True
11138771.IV.T1213..HN,11138771,1839,18.39,1859.0,18.59,0.1999999999999993,True
11138771.IV.T1215..EH,11138771,2328,23.28,1323.0,13.23,10.05,True
11138771.IV.T1215..HN,11138771,5234,52.34,2368.0,23.68,28.660000000000004,True
11138771.IV.T1216..EH,11138771,2093,20.93,2072.0,20.72,0.21000000000000085,True
11138771.IV.T1216..HN,11138771,1950,19.5,1141.0,11.41,8.09,True
11138771.IV.T1217..EH,11138771,2184,21.84,1310.0,13.1,8.74,True
11138771.IV.T1217..HN,11138771,4254,42.54,1007.0,10.07,32.47,True
11138771.IV.T1218..EH,11138771,1830,18.3,999.0,9.99,8.31,True
11138771.IV.T1218..HN,11138771,4141,41.410000000000004,3089.0,30.89,10.520000000000003,True
11138771.IV.T1219..EH,11138771,3565,35.65,1105.0,11.05,24.599999999999998,True
11138771.IV.T1219..HN,11138771,4894,48.94,2637.0,26.37,22.569999999999997,True
11138771.IV.T1221..EH,11138771,2517,25.17,1477.0,14.77,10.400000000000002,True
11138771.IV.T1221..HN,11138771,3957,39.57,1678.0,16.78,22.79,True
11138771.IV.T1241..EH,11138771,1876,18.76,999.0,9.99,8.770000000000001,True
11138771.IV.T1241..HN,11138771,1887,18.87,1900.0,19.0,0.129999999999999,True
11138771.IV.T1243..HH,11138771,1744,17.44,1751.0,17.51,0.07000000000000028,True
11138771.IV.T1243..HN,11138771,1588,15.88,1602.0,16.02,0.1399999999999988,True
11138771.IV.T1244..EH,11138771,1552,15.52,1564.0,15.64,0.120000000000001,True
11138771.IV.T1244..HN,11138771,1553,15.530000000000001,1564.0,15.64,0.10999999999999943,True
11138771.IV.T1245..HH,11138771,1857,18.57,1859.0,18.59,0.019999999999999574,True
11138771.IV.T1245..HN,11138771,1812,18.12,1827.0,18.27,0.14999999999999858,True
11138771.IV.T1246..HH,11138771,1870,18.7,1353.0,13.530000000000001,5.169999999999998,True
11138771.IV.T1256..HH,11138771,1744,17.44,1690.0,16.9,0.5400000000000027,True
11138771.IV.T1256..HN,11138771,1711,17.11,1697.0,16.97,0.14000000000000057,True
11138771.IV.T1299..EH,11138771,1752,17.52,1749.0,17.490000000000002,0.029999999999997584,True
11138771.IV.T1299..HN,11138771,1662,16.62,1669.0,16.69,0.07000000000000028,True
11138771.IV.TERO..HH,11138771,2101,21.01,2106.0,21.06,0.04999999999999716,True
11138771.IV.TERO..HN,11138771,2041,20.41,2049.0,20.490000000000002,0.08000000000000185,True
11138771.IV.VCEL..EH,11138771,1786,17.86,1813.0,18.13,0.2699999999999996,True
11139491.IV.CAMP..HH,11139491,1812,18.12,1817.0,18.17,0.05000000000000071,True
11139491.IV.GIGS..HH,11139491,1919,19.19,2362.0,23.62,4.43,True
11139491.IV.LNSS..HH,11139491,1625,16.25,1688.0,16.88,0.629999999999999,True
11139491.IV.RM33..EH,11139491,2007,20.07,2006.0,20.06,0.010000000000001563,True
11139491.IV.RM33..HN,11139491,1909,19.09,1909.0,19.09,0.0,True
11139491.IV.SMA1..EH,11139491,2042,20.42,2055.0,20.55,0.129999999999999,True
11139491.IV.T1218..EH,11139491,2215,22.150000000000002,1876.0,18.76,3.3900000000000006,True
11139491.IV.T1218..HN,11139491,3452,34.52,3869.0,38.69,4.169999999999995,True
11139491.IV.T1243..HH,11139491,1678,16.78,1682.0,16.82,0.03999999999999915,True
11139491.IV.T1243..HN,11139491,1653,16.53,1661.0,16.61,0.0799999999999983,True
11139491.IV.T1246..HH,11139491,1928,19.28,1929.0,19.29,0.00999999999999801,True
11139491.IV.T1247..HH,11139491,2001,20.01,2015.0,20.150000000000002,0.14000000000000057,True
11139491.IV.T1299..EH,11139491,1702,17.02,1714.0,17.14,0.120000000000001,True
11139491.IV.T1299..HN,11139491,1732,17.32,1824.0,18.240000000000002,0.9200000000000017,True
11139491.IV.TERO..HH,11139491,2066,20.66,2077.0,20.77,0.10999999999999943,True
11139491.IV.TERO..HN,11139491,2158,21.580000000000002,2176.0,21.76,0.17999999999999972,True
11142251.IV.ASSB..HH,11142251,1948,19.48,1959.0,19.59,0.10999999999999943,True
11142251.IV.CAMP..HH,11142251,1762,17.62,1769.0,17.69,0.07000000000000028,True
11142251.IV.CESI..HH,11142251,1707,17.07,1702.0,17.02,0.05000000000000071,True
11142251.IV.CESX..HH,11142251,1778,17.78,1783.0,17.830000000000002,0.05000000000000071,True
11142251.IV.CSP1..EH,11142251,1889,18.89,1156.0,11.56,7.33,True
11142251.IV.FDMO..HH,11142251,1718,17.18,1406.0,14.06,3.119999999999999,True
11142251.IV.FEMA..HN,11142251,1787,17.87,1792.0,17.92,0.05000000000000071,True
11142251.IV.FIAM..HH,11142251,1770,17.7,1786.0,17.86,0.16000000000000014,True
11142251.IV.FIAM..HN,11142251,2001,20.01,2029.0,20.29,0.2799999999999976,True
11142251.IV.GIGS..HH,11142251,2160,21.6,1131.0,11.31,10.290000000000001,True
11142251.IV.GUMA..HH,11142251,1728,17.28,1732.0,17.32,0.03999999999999915,True
11142251.IV.GUMA..HN,11142251,1634,16.34,1641.0,16.41,0.07000000000000028,True
11142251.IV.LNSS..HH,11142251,2068,20.68,1042.0,10.42,10.26,True
11142251.IV.MMO1..EH,11142251,1914,19.14,1327.0,13.27,5.870000000000001,True
11142251.IV.MMO1..HN,11142251,1927,19.27,1940.0,19.400000000000002,0.13000000000000256,True
11142251.IV.MOMA..HH,11142251,2035,20.35,2124.0,21.240000000000002,0.8900000000000006,True
11142251.IV.MOMA..HN,11142251,1919,19.19,1961.0,19.61,0.41999999999999815,True
11142251.IV.NRCA..HH,11142251,1576,15.76,1570.0,15.700000000000001,0.05999999999999872,True
11142251.IV.NRCA..HN,11142251,1583,15.83,1578.0,15.780000000000001,0.049999999999998934,True
11142251.IV.OFFI..HH,11142251,1671,16.71,1669.0,16.69,0.019999999999999574,True
11142251.IV.RM33..EH,11142251,2050,20.5,999.0,9.99,10.51,True
11142251.IV.RM33..HN,11142251,2058,20.580000000000002,999.0,9.99,10.590000000000002,True
11142251.IV.SEF1..HN,11142251,2043,20.43,1103.0,11.03,9.4,True
11142251.IV.SMA1..EH,11142251,1684,16.84,1708.0,17.080000000000002,0.240000000000002,True
11142251.IV.SNTG..HH,11142251,2037,20.37,2058.0,20.580000000000002,0.21000000000000085,True
11142251.IV.SNTG..HN,11142251,1844,18.44,1892.0,18.92,0.4800000000000004,True
11142251.IV.T1201..HN,11142251,2070,20.7,999.0,9.99,10.709999999999999,True
11142251.IV.T1202..EH,11142251,1884,18.84,1888.0,18.88,0.03999999999999915,True
11142251.IV.T1204..EH,11142251,1714,17.14,1733.0,17.330000000000002,0.19000000000000128,True
11142251.IV.T1211..EH,11142251,2895,28.95,1995.0,19.95,9.0,True
11142251.IV.T1211..HN,11142251,2548,25.48,2065.0,20.650000000000002,4.829999999999998,True
11142251.IV.T1212..EH,11142251,2437,24.37,1052.0,10.52,13.850000000000001,True
11142251.IV.T1212..HN,11142251,3947,39.47,2561.0,25.61,13.86,True
11142251.IV.T1213..EH,11142251,1748,17.48,1726.0,17.26,0.21999999999999886,True
11142251.IV.T1213..HN,11142251,2862,28.62,2857.0,28.57,0.05000000000000071,True
11142251.IV.T1215..EH,11142251,4477,44.77,3170.0,31.7,13.070000000000004,True
11142251.IV.T1215..HN,11142251,3497,34.97,2192.0,21.92,13.049999999999997,True
11142251.IV.T1216..EH,11142251,2747,27.47,1697.0,16.97,10.5,True
11142251.IV.T1216..HN,11142251,2585,25.85,1549.0,15.49,10.360000000000001,True
11142251.IV.T1217..EH,11142251,4484,44.84,3128.0,31.28,13.560000000000002,True
11142251.IV.T1217..HN,11142251,3743,37.43,2405.0,24.05,13.379999999999999,True
11142251.IV.T1218..EH,11142251,3182,31.82,1795.0,17.95,13.870000000000001,True
11142251.IV.T1218..HN,11142251,4216,42.160000000000004,2831.0,28.310000000000002,13.850000000000001,True
11142251.IV.T1219..EH,11142251,2279,22.79,1473.0,14.73,8.059999999999999,True
11142251.IV.T1219..HN,11142251,4046,40.46,4056.0,40.56,0.10000000000000142,True
11142251.IV.T1221..EH,11142251,4082,40.82,3097.0,30.970000000000002,9.849999999999998,True
11142251.IV.T1221..HN,11142251,2192,21.92,1551.0,15.51,6.410000000000002,True
11142251.IV.T1241..EH,11142251,1657,16.57,1136.0,11.36,5.210000000000001,True
11142251.IV.T1241..HN,11142251,1720,17.2,1726.0,17.26,0.060000000000002274,True
11142251.IV.T1243..HH,11142251,2255,22.55,1032.0,10.32,12.23,True
11142251.IV.T1243..HN,11142251,2061,20.61,1134.0,11.34,9.27,True
11142251.IV.T1244..EH,11142251,1877,18.77,1868.0,18.68,0.08999999999999986,True
11142251.IV.T1244..HN,11142251,1898,18.98,1899.0,18.990000000000002,0.010000000000001563,True
11142251.IV.T1245..HH,11142251,2018,20.18,999.0,9.99,10.19,True
11142251.IV.T1245..HN,11142251,1984,19.84,1995.0,19.95,0.10999999999999943,True
11142251.IV.T1246..HH,11142251,1986,19.86,999.0,9.99,9.87,True
11142251.IV.T1247..HH,11142251,1539,15.39,1587.0,15.870000000000001,0.4800000000000004,True
11142251.IV.T1256..HH,11142251,1955,19.55,1196.0,11.96,7.59,True
11142251.IV.T1299..EH,11142251,2023,20.23,999.0,9.99,10.24,True
11142251.IV.T1299..HN,11142251,1902,19.02,1926.0,19.26,0.240000000000002,True
11142251.IV.TERO..HH,11142251,1855,18.55,999.0,9.99,8.56,True
11142251.IV.TERO..HN,11142251,2295,22.95,1015.0,10.15,12.799999999999999,True
11142711.GU.CARD..HH,11142711,1727,17.27,2037.0,20.37,3.1000000000000014,True
11142711.GU.EQUI..HH,11142711,2082,20.82,2118.0,21.18,0.35999999999999943,True
11142711.IV.MTCR..EH,11142711,1666,16.66,1670.0,16.7,0.03999999999999915,True
11142711.GU.SARM..EH,11142711,2293,22.93,2288.0,22.88,0.05000000000000071,True
11142711.MN.VLC..HH,11142711,1583,15.83,1587.0,15.870000000000001,0.040000000000000924,True
11142711.MN.VLC..HN,11142711,1711,17.11,1726.0,17.26,0.15000000000000213,True
1114321.IV.APPI..EH,1114321,1578,15.780000000000001,1616.0,16.16,0.379999999999999,True
1114321.IV.CSNT..HH,1114321,1642,16.42,1659.0,16.59,0.16999999999999815,True
1114321.IV.FIU..EH,1114321,1853,18.53,1858.0,18.580000000000002,0.05000000000000071,True
1114321.IV.MABI..HH,1114321,1791,17.91,1817.0,18.17,0.26000000000000156,True
1114321.IV.MAGA..HH,1114321,1778,17.78,1793.0,17.93,0.14999999999999858,True
1114321.IV.RAVA..EH,1114321,1886,18.86,1887.0,18.87,0.010000000000001563,True
1114321.IV.ROVR..HH,1114321,1782,17.82,1778.0,17.78,0.03999999999999915,True
1114321.IV.SALO..HH,1114321,2072,20.72,2114.0,21.14,0.4200000000000017,True
1114321.IV.SERM..EH,1114321,1707,17.07,1794.0,17.94,0.870000000000001,True
1114321.IV.SERM..HN,1114321,1620,16.2,1656.0,16.56,0.35999999999999943,True
1114321.IV.T0800..HH,1114321,1928,19.28,1900.0,19.0,0.28000000000000114,True
1114321.IV.T0800..HN,1114321,1855,18.55,1839.0,18.39,0.16000000000000014,True
1114321.IV.T0802..HN,1114321,1970,19.7,1963.0,19.63,0.07000000000000028,True
1114321.IV.T0803..HN,1114321,1845,18.45,1813.0,18.13,0.3200000000000003,True
1114321.IV.T0805..HN,1114321,2257,22.57,2249.0,22.490000000000002,0.0799999999999983,True
11143781.IV.CSP1..EH,11143781,1705,17.05,1703.0,17.03,0.019999999999999574,True
11143781.IV.LNSS..HH,11143781,1755,17.55,1764.0,17.64,0.08999999999999986,True
11143781.IV.MC2..EH,11143781,1901,19.01,1267.0,12.67,6.340000000000002,True
11143781.IV.MMO1..EH,11143781,2118,21.18,2119.0,21.19,0.010000000000001563,True
11143781.IV.MMO1..HN,11143781,1932,19.32,,,,False
11143781.IV.NRCA..HH,11143781,1648,16.48,1598.0,15.98,0.5,True
11143781.IV.NRCA..HN,11143781,1632,16.32,1597.0,15.97,0.34999999999999964,True
11143781.IV.SNTG..HH,11143781,1896,18.96,1958.0,19.580000000000002,0.620000000000001,True
11143781.IV.SNTG..HN,11143781,1634,16.34,10030.0,100.3,83.96,True
11143781.IV.T1211..EH,11143781,2358,23.580000000000002,2362.0,23.62,0.03999999999999915,True
11143781.IV.T1211..HN,11143781,4397,43.97,5055.0,50.550000000000004,6.580000000000005,True
11143781.IV.T1215..EH,11143781,3007,30.07,3015.0,30.150000000000002,0.08000000000000185,True
11143781.IV.T1215..HN,11143781,1687,16.87,1770.0,17.7,0.8299999999999983,True
11143781.IV.T1216..EH,11143781,2391,23.91,2392.0,23.92,0.010000000000001563,True
11143781.IV.T1216..HN,11143781,2617,26.17,2618.0,26.18,0.00999999999999801,True
11143781.IV.T1218..EH,11143781,3460,34.6,2909.0,29.09,5.510000000000002,True
11143781.IV.T1218..HN,11143781,3303,33.03,3325.0,33.25,0.21999999999999886,True
11143781.IV.T1219..EH,11143781,2924,29.240000000000002,2959.0,29.59,0.34999999999999787,True
11143781.IV.T1219..HN,11143781,1953,19.53,2288.0,22.88,3.349999999999998,True
11143781.IV.T1243..HH,11143781,1917,19.17,1934.0,19.34,0.16999999999999815,True
11143781.IV.T1243..HN,11143781,1823,18.23,2280.0,22.8,4.57,True
11143781.IV.T1245..HH,11143781,1976,19.76,1190.0,11.9,7.860000000000001,True
11143781.IV.T1256..HH,11143781,1621,16.21,1618.0,16.18,0.030000000000001137,True
11143781.IV.T1256..HN,11143781,1748,17.48,2184.0,21.84,4.359999999999999,True
11143781.IV.TERO..HH,11143781,1607,16.07,1632.0,16.32,0.25,True
11143781.IV.TERO..HN,11143781,1942,19.42,1977.0,19.77,0.34999999999999787,True
11145011.IV.CESI..HH,11145011,1652,16.52,1652.0,16.52,0.0,True
11145011.IV.CSP1..EH,11145011,1662,16.62,1659.0,16.59,0.030000000000001137,True
11145011.IV.EL6..EH,11145011,1773,17.73,1787.0,17.87,0.14000000000000057,True
11145011.IV.FDMO..HH,11145011,1966,19.66,1674.0,16.740000000000002,2.919999999999998,True
11145011.IV.MMO1..EH,11145011,2010,20.1,1947.0,19.47,0.6300000000000026,True
11145011.IV.SNTG..HH,11145011,1995,19.95,2013.0,20.13,0.17999999999999972,True
11145011.IV.SNTG..HN,11145011,1975,19.75,2450.0,24.5,4.75,True
11145011.IV.T1215..EH,11145011,2885,28.85,1306.0,13.06,15.790000000000001,True
11145011.IV.T1215..HN,11145011,2748,27.48,2774.0,27.740000000000002,0.26000000000000156,True
11145011.IV.T1216..EH,11145011,3665,36.65,1311.0,13.11,23.54,True
11145011.IV.T1216..HN,11145011,2859,28.59,3011.0,30.11,1.5199999999999996,True
11145011.IV.T1219..EH,11145011,2631,26.310000000000002,2547.0,25.47,0.8400000000000034,True
11145011.IV.T1219..HN,11145011,2388,23.88,2387.0,23.87,0.00999999999999801,True
11145011.IV.T1241..EH,11145011,1910,19.1,1998.0,19.98,0.879999999999999,True
11145011.IV.T1241..HN,11145011,1932,19.32,,,,False
11145011.IV.T1245..HH,11145011,2143,21.43,2068.0,20.68,0.75,True
11145011.IV.T1245..HN,11145011,2091,20.91,2176.0,21.76,0.8500000000000014,True
11145011.IV.T1256..HH,11145011,1726,17.26,1731.0,17.31,0.04999999999999716,True
11145011.IV.T1256..HN,11145011,1619,16.19,1674.0,16.740000000000002,0.5500000000000007,True
11146591.IV.ARRO..EH,11146591,1718,17.18,1720.0,17.2,0.019999999999999574,True
11146591.IV.ARVD..HH,11146591,1818,18.18,1147.0,11.47,6.709999999999999,True
11146591.IV.ATCC..EH,11146591,1721,17.21,1695.0,16.95,0.26000000000000156,True
11146591.IV.ATCC..HN,11146591,1627,16.27,1629.0,16.29,0.019999999999999574,True
11146591.IV.ATFO..HH,11146591,1605,16.05,1618.0,16.18,0.129999999999999,True
11146591.IV.ATFO..HN,11146591,1552,15.52,1649.0,16.490000000000002,0.9700000000000024,True
11146591.IV.ATPI..EH,11146591,1944,19.44,1982.0,19.82,0.379999999999999,True
11146591.IV.ATVO..HH,11146591,1553,15.530000000000001,1554.0,15.540000000000001,0.009999999999999787,True
11146591.IV.ATVO..HN,11146591,1550,15.5,1613.0,16.13,0.629999999999999,True
11146591.IV.CAFI..HH,11146591,1611,16.11,1621.0,16.21,0.10000000000000142,True
11146591.IV.CAFI..HN,11146591,1621,16.21,1899.0,18.990000000000002,2.780000000000001,True
11146591.IV.CAMP..HH,11146591,1675,16.75,1688.0,16.88,0.129999999999999,True
11146591.IV.CESI..HH,11146591,1628,16.28,1586.0,15.860000000000001,0.41999999999999993,True
11146591.IV.CESX..HH,11146591,1698,16.98,1703.0,17.03,0.05000000000000071,True
11146591.IV.CING..HH,11146591,1842,18.42,1831.0,18.31,0.11000000000000298,True
11146591.IV.COR1..EH,11146591,1817,18.17,1844.0,18.44,0.2699999999999996,True
11146591.IV.COR1..HN,11146591,1757,17.57,,,,False
11146591.IV.EL6..EH,11146591,1869,18.69,1847.0,18.47,0.22000000000000242,True
11146591.IV.FDMO..HH,11146591,2200,22.0,1403.0,14.030000000000001,7.969999999999999,True
11146591.IV.FEMA..HN,11146591,1916,19.16,1919.0,19.19,0.030000000000001137,True
11146591.IV.FIU1..HN,11146591,1648,16.48,1743.0,17.43,0.9499999999999993,True
11146591.IV.FOSV..EH,11146591,1687,16.87,1693.0,16.93,0.05999999999999872,True
11146591.IV.FOSV..HN,11146591,1685,16.85,1697.0,16.97,0.11999999999999744,True
11146591.IV.FRON..EH,11146591,2274,22.740000000000002,2279.0,22.79,0.04999999999999716,True
11146591.IV.FSSB..HH,11146591,1589,15.89,1604.0,16.04,0.14999999999999858,True
11146591.IV.GAG1..HN,11146591,1717,17.17,1727.0,17.27,0.09999999999999787,True
11146591.IV.GIGS..HH,11146591,1825,18.25,1858.0,18.580000000000002,0.33000000000000185,True
11146591.IV.GUMA..HH,11146591,1769,17.69,1747.0,17.47,0.22000000000000242,True
11146591.IV.GUMA..HN,11146591,1553,15.530000000000001,1556.0,15.56,0.02999999999999936,True
11146591.IV.LNSS..HH,11146591,1989,19.89,1992.0,19.92,0.030000000000001137,True
11146591.IV.MC2..EH,11146591,2349,23.490000000000002,999.0,9.99,13.500000000000002,True
11146591.IV.MDAR..HN,11146591,1677,16.77,1681.0,16.81,0.03999999999999915,True
11146591.IV.MMO1..EH,11146591,1575,15.75,1571.0,15.71,0.03999999999999915,True
11146591.IV.MMO1..HN,11146591,1573,15.73,1623.0,16.23,0.5,True
11146591.IV.MPAG..EH,11146591,1739,17.39,1757.0,17.57,0.17999999999999972,True
11146591.IV.MPAG..HN,11146591,1637,16.37,,,,False
11146591.IV.MTL1..HN,11146591,1637,16.37,1691.0,16.91,0.5399999999999991,True
11146591.IV.MURB..HH,11146591,1777,17.77,1778.0,17.78,0.010000000000001563,True
11146591.IV.MURB..HN,11146591,1700,17.0,1846.0,18.46,1.4600000000000009,True
11146591.IV.NRCA..HH,11146591,1603,16.03,1015.0,10.15,5.880000000000001,True
11146591.IV.NRCA..HN,11146591,1542,15.42,1559.0,15.59,0.16999999999999993,True
11146591.IV.OFFI..HH,11146591,2095,20.95,2149.0,21.490000000000002,0.5400000000000027,True
11146591.IV.PIEI..HH,11146591,2019,20.19,2034.0,20.34,0.14999999999999858,True
11146591.IV.PIEI..HN,11146591,1855,18.55,2968.0,29.68,11.129999999999999,True
11146591.IV.RM33..EH,11146591,1851,18.51,1857.0,18.57,0.05999999999999872,True
11146591.IV.RM33..HN,11146591,1907,19.07,2878.0,28.78,9.71,True
11146591.IV.SEF1..HN,11146591,1968,19.68,1990.0,19.900000000000002,0.22000000000000242,True
11146591.IV.SMA1..EH,11146591,2014,20.14,2021.0,20.21,0.07000000000000028,True
11146591.IV.SNTG..HH,11146591,1653,16.53,1658.0,16.580000000000002,0.05000000000000071,True
11146591.IV.SNTG..HN,11146591,1687,16.87,1706.0,17.06,0.18999999999999773,True
11146591.IV.SSFR..HH,11146591,1723,17.23,999.0,9.99,7.24,True
11146591.IV.SSFR..HN,11146591,1673,16.73,1750.0,17.5,0.7699999999999996,True
11146591.IV.SSM1..HN,11146591,1920,19.2,1926.0,19.26,0.060000000000002274,True
11146591.IV.T1201..HN,11146591,2152,21.52,2127.0,21.27,0.25,True
11146591.IV.T1202..EH,11146591,2069,20.69,2072.0,20.72,0.029999999999997584,True
11146591.IV.T1211..EH,11146591,4784,47.84,2512.0,25.12,22.720000000000002,True
11146591.IV.T1211..HN,11146591,3699,36.99,3863.0,38.63,1.6400000000000006,True
11146591.IV.T1212..EH,11146591,4546,45.46,2835.0,28.35,17.11,True
11146591.IV.T1212..HN,11146591,2078,20.78,2088.0,20.88,0.09999999999999787,True
11146591.IV.T1213..EH,11146591,2660,26.6,2692.0,26.92,0.3200000000000003,True
11146591.IV.T1213..HN,11146591,2804,28.04,2851.0,28.51,0.4700000000000024,True
11146591.IV.T1215..EH,11146591,3747,37.47,2683.0,26.830000000000002,10.639999999999997,True
11146591.IV.T1215..HN,11146591,4272,42.72,4274.0,42.74,0.020000000000003126,True
11146591.IV.T1216..EH,11146591,3126,31.26,1087.0,10.870000000000001,20.39,True
11146591.IV.T1216..HN,11146591,3413,34.13,2243.0,22.43,11.700000000000003,True
11146591.IV.T1217..EH,11146591,2522,25.22,2516.0,25.16,0.05999999999999872,True
11146591.IV.T1217..HN,11146591,2563,25.63,2566.0,25.66,0.030000000000001137,True
11146591.IV.T1218..EH,11146591,1741,17.41,1743.0,17.43,0.019999999999999574,True
11146591.IV.T1218..HN,11146591,1712,17.12,1720.0,17.2,0.0799999999999983,True
11146591.IV.T1219..EH,11146591,1976,19.76,1335.0,13.35,6.410000000000002,True
11146591.IV.T1219..HN,11146591,2058,20.580000000000002,2045.0,20.45,0.13000000000000256,True
11146591.IV.T1221..EH,11146591,5095,50.95,4148.0,41.480000000000004,9.469999999999999,True
11146591.IV.T1221..HN,11146591,3986,39.86,1224.0,12.24,27.619999999999997,True
11146591.IV.T1241..HN,11146591,1818,18.18,1870.0,18.7,0.5199999999999996,True
11146591.IV.T1243..HH,11146591,1810,18.1,1823.0,18.23,0.129999999999999,True
11146591.IV.T1243..HN,11146591,1673,16.73,1725.0,17.25,0.5199999999999996,True
11146591.IV.T1244..EH,11146591,2056,20.56,2060.0,20.6,0.0400000000000027,True
11146591.IV.T1244..HN,11146591,2014,20.14,2051.0,20.51,0.370000000000001,True
11146591.IV.T1245..HH,11146591,1675,16.75,1672.0,16.72,0.030000000000001137,True
11146591.IV.T1245..HN,11146591,1686,16.86,1721.0,17.21,0.3500000000000014,True
11146591.IV.T1246..HH,11146591,1814,18.14,1819.0,18.19,0.05000000000000071,True
11146591.IV.T1256..HH,11146591,1789,17.89,1529.0,15.290000000000001,2.5999999999999996,True
11146591.IV.T1256..HN,11146591,1820,18.2,1822.0,18.22,0.019999999999999574,True
11146591.IV.T1299..EH,11146591,1589,15.89,1595.0,15.950000000000001,0.0600000000000005,True
11146591.IV.T1299..HN,11146591,1536,15.36,1682.0,16.82,1.4600000000000009,True
11146591.IV.TERO..HH,11146591,1880,18.8,1882.0,18.82,0.019999999999999574,True
11146591.IV.TERO..HN,11146591,2036,20.36,2055.0,20.55,0.19000000000000128,True
11147671.IV.ARRO..EH,11147671,1771,17.71,1022.0,10.22,7.49,True
11147671.IV.ARVD..HH,11147671,1944,19.44,1184.0,11.84,7.600000000000001,True
11147671.IV.ATCC..EH,11147671,1946,19.46,1883.0,18.830000000000002,0.629999999999999,True
11147671.IV.CESI..HH,11147671,1848,18.48,1657.0,16.57,1.9100000000000001,True
11147671.IV.CSP1..EH,11147671,1648,16.48,1461.0,14.61,1.870000000000001,True
11147671.IV.EL6..EH,11147671,1542,15.42,1363.0,13.63,1.7899999999999991,True
11147671.IV.FDMO..HH,11147671,1936,19.36,1742.0,17.42,1.9399999999999977,True
11147671.IV.FEMA..HN,11147671,1793,17.93,1601.0,16.01,1.9199999999999982,True
11147671.IV.FOSV..EH,11147671,1787,17.87,1840.0,18.400000000000002,0.5300000000000011,True
11147671.IV.FOSV..HN,11147671,1885,18.85,1991.0,19.91,1.0599999999999987,True
11147671.IV.GUMA..HH,11147671,1894,18.94,1704.0,17.04,1.9000000000000021,True
11147671.IV.GUMA..HN,11147671,1846,18.46,1700.0,17.0,1.4600000000000009,True
11147671.IV.LNSS..HH,11147671,1675,16.75,1044.0,10.44,6.3100000000000005,True
11147671.IV.MC2..EH,11147671,1732,17.32,999.0,9.99,7.33,True
11147671.IV.MMO1..EH,11147671,1966,19.66,1752.0,17.52,2.1400000000000006,True
11147671.IV.MMO1..HN,11147671,1710,17.1,1720.0,17.2,0.09999999999999787,True
11147671.IV.NRCA..HH,11147671,1802,18.02,1199.0,11.99,6.029999999999999,True
11147671.IV.NRCA..HN,11147671,1859,18.59,1436.0,14.36,4.23,True
11147671.IV.OFFI..HH,11147671,2058,20.580000000000002,2084.0,20.84,0.259999999999998,True
11147671.IV.SEF1..HN,11147671,1752,17.52,1794.0,17.94,0.4200000000000017,True
11147671.IV.SNTG..HH,11147671,1809,18.09,1629.0,16.29,1.8000000000000007,True
11147671.IV.SNTG..HN,11147671,1678,16.78,1697.0,16.97,0.18999999999999773,True
11147671.IV.T1215..EH,11147671,3421,34.21,3231.0,32.31,1.8999999999999986,True
11147671.IV.T1215..HN,11147671,3020,30.2,2843.0,28.43,1.7699999999999996,True
11147671.IV.T1216..EH,11147671,4367,43.67,4228.0,42.28,1.3900000000000006,True
11147671.IV.T1216..HN,11147671,1928,19.28,1788.0,17.88,1.4000000000000021,True
11147671.IV.T1218..EH,11147671,5117,51.17,999.0,9.99,41.18,True
11147671.IV.T1218..HN,11147671,3536,35.36,2711.0,27.11,8.25,True
11147671.IV.T1219..EH,11147671,4161,41.61,2363.0,23.63,17.98,True
11147671.IV.T1219..HN,11147671,3839,38.39,1094.0,10.94,27.450000000000003,True
11147671.IV.T1241..EH,11147671,1767,17.67,1500.0,15.0,2.6700000000000017,True
11147671.IV.T1243..HH,11147671,2014,20.14,1878.0,18.78,1.3599999999999994,True
11147671.IV.T1243..HN,11147671,1916,19.16,1940.0,19.400000000000002,0.240000000000002,True
11147671.IV.T1245..HH,11147671,1707,17.07,1215.0,12.15,4.92,True
11147671.IV.T1245..HN,11147671,1627,16.27,1470.0,14.700000000000001,1.5699999999999985,True
11147671.IV.T1256..HH,11147671,1796,17.96,1609.0,16.09,1.870000000000001,True
11147671.IV.T1256..HN,11147671,1684,16.84,1690.0,16.9,0.05999999999999872,True
11147671.IV.TERO..HH,11147671,1707,17.07,1323.0,13.23,3.84,True
11147671.IV.TERO..HN,11147671,1667,16.67,1695.0,16.95,0.2799999999999976,True
11147811.IV.AOI..HH,11147811,1921,19.21,1925.0,19.25,0.03999999999999915,True
11147811.IV.APEC..HH,11147811,2009,20.09,1928.0,19.28,0.8099999999999987,True
11147811.IV.ARRO..EH,11147811,2018,20.18,2022.0,20.22,0.03999999999999915,True
11147811.IV.ARVD..HH,11147811,1616,16.16,1620.0,16.2,0.03999999999999915,True
11147811.IV.ATCC..EH,11147811,1989,19.89,1172.0,11.72,8.17,True
11147811.IV.ATCC..HN,11147811,2041,20.41,2042.0,20.42,0.010000000000001563,True
11147811.IV.ATFO..HH,11147811,2087,20.87,2090.0,20.900000000000002,0.030000000000001137,True
11147811.IV.ATFO..HN,11147811,1971,19.71,1993.0,19.93,0.21999999999999886,True
11147811.IV.ATLO..EH,11147811,1939,19.39,1935.0,19.35,0.03999999999999915,True
11147811.IV.ATLO..HN,11147811,1935,19.35,1962.0,19.62,0.2699999999999996,True
11147811.IV.ATPI..EH,11147811,1755,17.55,1745.0,17.45,0.10000000000000142,True
11147811.IV.ATVA..EH,11147811,1753,17.53,1743.0,17.43,0.10000000000000142,True
11147811.IV.ATVO..HH,11147811,1995,19.95,1974.0,19.740000000000002,0.2099999999999973,True
11147811.IV.ATVO..HN,11147811,2011,20.11,2067.0,20.67,0.5600000000000023,True
11147811.IV.BADI..EH,11147811,1712,17.12,1710.0,17.1,0.019999999999999574,True
11147811.IV.CAFI..HH,11147811,2273,22.73,2280.0,22.8,0.07000000000000028,True
11147811.IV.CAFI..HN,11147811,2039,20.39,2068.0,20.68,0.28999999999999915,True
11147811.IV.CAMP..HH,11147811,1789,17.89,1775.0,17.75,0.14000000000000057,True
11147811.IV.CESI..HH,11147811,1970,19.7,1901.0,19.01,0.6899999999999977,True
11147811.IV.CESX..HH,11147811,1524,15.24,1518.0,15.18,0.0600000000000005,True
11147811.IV.CING..HH,11147811,1591,15.91,1577.0,15.77,0.14000000000000057,True
11147811.IV.COR1..EH,11147811,1676,16.76,1690.0,16.9,0.13999999999999702,True
11147811.IV.CPGN..EH,11147811,2020,20.2,2036.0,20.36,0.16000000000000014,True
11147811.IV.CPGN..HN,11147811,1961,19.61,2128.0,21.28,1.6700000000000017,True
11147811.IV.CRE..HH,11147811,2002,20.02,2023.0,20.23,0.21000000000000085,True
11147811.IV.CSP1..EH,11147811,1626,16.26,1501.0,15.01,1.2500000000000018,True
11147811.IV.EL6..EH,11147811,1618,16.18,1589.0,15.89,0.28999999999999915,True
11147811.IV.FAGN..HH,11147811,1625,16.25,1651.0,16.51,0.26000000000000156,True
11147811.IV.FDMO..HH,11147811,1900,19.0,1495.0,14.950000000000001,4.049999999999999,True
11147811.IV.FEMA..HN,11147811,1889,18.89,1872.0,18.72,0.1700000000000017,True
11147811.IV.FIAM..HH,11147811,1698,16.98,1643.0,16.43,0.5500000000000007,True
11147811.IV.FIAM..HN,11147811,1705,17.05,1726.0,17.26,0.21000000000000085,True
11147811.IV.FOSV..EH,11147811,1868,18.68,1850.0,18.5,0.17999999999999972,True
11147811.IV.FOSV..HN,11147811,1914,19.14,1918.0,19.18,0.03999999999999915,True
11147811.IV.FRON..EH,11147811,1691,16.91,1692.0,16.92,0.010000000000001563,True
11147811.IV.FSSB..HH,11147811,1939,19.39,1949.0,19.490000000000002,0.10000000000000142,True
11147811.IV.GAG1..HN,11147811,1839,18.39,1855.0,18.55,0.16000000000000014,True
11147811.IV.GUMA..HH,11147811,1875,18.75,1852.0,18.52,0.23000000000000043,True
11147811.IV.GUMA..HN,11147811,1741,17.41,1744.0,17.44,0.030000000000001137,True
11147811.IV.INTR..HH,11147811,2041,20.41,2080.0,20.8,0.39000000000000057,True
11147811.IV.INTR..HN,11147811,2050,20.5,2440.0,24.400000000000002,3.900000000000002,True
11147811.IV.LNSS..HH,11147811,1893,18.93,1385.0,13.85,5.08,True
11147811.IV.MC2..EH,11147811,2127,21.27,2042.0,20.42,0.8499999999999979,True
11147811.IV.MDAR..HN,11147811,1616,16.16,1614.0,16.14,0.019999999999999574,True
11147811.IV.MGAB..HH,11147811,1746,17.46,1764.0,17.64,0.17999999999999972,True
11147811.IV.MGAB..HN,11147811,1768,17.68,1812.0,18.12,0.4400000000000013,True
11147811.IV.MMO1..EH,11147811,1687,16.87,1421.0,14.21,2.66,True
11147811.IV.MMO1..HN,11147811,1518,15.18,1528.0,15.280000000000001,0.10000000000000142,True
11147811.IV.MMUR..HN,11147811,1948,19.48,1954.0,19.54,0.05999999999999872,True
11147811.IV.MOMA..HH,11147811,1962,19.62,999.0,9.99,9.63,True
11147811.IV.MOMA..HN,11147811,1892,18.92,1906.0,19.06,0.13999999999999702,True
11147811.IV.MPAG..EH,11147811,1996,19.96,1999.0,19.990000000000002,0.030000000000001137,True
11147811.IV.MPAG..HN,11147811,1894,18.94,3054.0,30.54,11.599999999999998,True
11147811.IV.MTL1..HN,11147811,1641,16.41,1649.0,16.490000000000002,0.08000000000000185,True
11147811.IV.MURB..HH,11147811,1902,19.02,1896.0,18.96,0.05999999999999872,True
11147811.IV.MURB..HN,11147811,1911,19.11,1930.0,19.3,0.19000000000000128,True
11147811.IV.NRCA..HH,11147811,1721,17.21,1371.0,13.71,3.5,True
11147811.IV.NRCA..HN,11147811,1753,17.53,1404.0,14.040000000000001,3.49,True
11147811.IV.OFFI..HH,11147811,2049,20.490000000000002,2064.0,20.64,0.14999999999999858,True
11147811.IV.PARC..HH,11147811,1714,17.14,1688.0,16.88,0.26000000000000156,True
11147811.IV.PIEI..HH,11147811,2196,21.96,2189.0,21.89,0.07000000000000028,True
11147811.IV.PIEI..HN,11147811,1864,18.64,1927.0,19.27,0.629999999999999,True
11147811.IV.PP3..EH,11147811,1982,19.82,999.0,9.99,9.83,True
11147811.IV.PP3..HN,11147811,1921,19.21,999.0,9.99,9.22,True
11147811.IV.RM33..EH,11147811,1978,19.78,1658.0,16.580000000000002,3.1999999999999993,True
11147811.IV.RM33..HN,11147811,1853,18.53,1896.0,18.96,0.4299999999999997,True
11147811.IV.SEF1..HN,11147811,1727,17.27,999.0,9.99,7.279999999999999,True
11147811.IV.SMA1..EH,11147811,2039,20.39,1564.0,15.64,4.75,True
11147811.IV.SNTG..HH,11147811,1914,19.14,1155.0,11.55,7.59,True
11147811.IV.SNTG..HN,11147811,1748,17.48,1122.0,11.22,6.26,True
11147811.IV.SRES..HH,11147811,2020,20.2,2109.0,21.09,0.8900000000000006,True
11147811.IV.SSFR..HH,11147811,1627,16.27,1630.0,16.3,0.030000000000001137,True
11147811.IV.SSFR..HN,11147811,1639,16.39,1664.0,16.64,0.25,True
11147811.IV.SSM1..HN,11147811,1583,15.83,1595.0,15.950000000000001,0.120000000000001,True
11147811.IV.T0110..HH,11147811,1657,16.57,1358.0,13.58,2.99,True
11147811.IV.T1201..HN,11147811,2220,22.2,1595.0,15.950000000000001,6.249999999999998,True
11147811.IV.T1202..EH,11147811,1921,19.21,1341.0,13.41,5.800000000000001,True
11147811.IV.T1211..EH,11147811,2071,20.71,2052.0,20.52,0.19000000000000128,True
11147811.IV.T1211..HN,11147811,5423,54.230000000000004,5440.0,54.4,0.1699999999999946,True
11147811.IV.T1212..EH,11147811,2804,28.04,2323.0,23.23,4.809999999999999,True
11147811.IV.T1212..HN,11147811,2795,27.95,2319.0,23.19,4.759999999999998,True
11147811.IV.T1213..EH,11147811,1918,19.18,1402.0,14.02,5.16,True
11147811.IV.T1213..HN,11147811,2032,20.32,1519.0,15.19,5.130000000000001,True
11147811.IV.T1215..EH,11147811,3418,34.18,2328.0,23.28,10.899999999999999,True
11147811.IV.T1215..HN,11147811,1636,16.36,1617.0,16.17,0.18999999999999773,True
11147811.IV.T1216..EH,11147811,4580,45.800000000000004,1469.0,14.69,31.110000000000007,True
11147811.IV.T1216..HN,11147811,3131,31.310000000000002,2353.0,23.53,7.780000000000001,True
11147811.IV.T1217..EH,11147811,3278,32.78,2476.0,24.76,8.02,True
11147811.IV.T1217..HN,11147811,2705,27.05,2366.0,23.66,3.3900000000000006,True
11147811.IV.T1218..EH,11147811,1773,17.73,1232.0,12.32,5.41,True
11147811.IV.T1218..HN,11147811,2838,28.38,2301.0,23.01,5.369999999999997,True
11147811.IV.T1219..EH,11147811,2554,25.54,2234.0,22.34,3.1999999999999993,True
11147811.IV.T1219..HN,11147811,2989,29.89,999.0,9.99,19.9,True
11147811.IV.T1221..EH,11147811,3674,36.74,2675.0,26.75,9.990000000000002,True
11147811.IV.T1221..HN,11147811,5755,57.550000000000004,1180.0,11.8,45.75,True
11147811.IV.T1243..HH,11147811,2034,20.34,1443.0,14.43,5.91,True
11147811.IV.T1243..HN,11147811,1920,19.2,1481.0,14.81,4.389999999999999,True
11147811.IV.T1244..EH,11147811,1623,16.23,1038.0,10.38,5.85,True
11147811.IV.T1244..HN,11147811,1539,15.39,999.0,9.99,5.4,True
11147811.IV.T1245..HH,11147811,1889,18.89,1602.0,16.02,2.870000000000001,True
11147811.IV.T1245..HN,11147811,1892,18.92,1652.0,16.52,2.400000000000002,True
11147811.IV.T1246..HH,11147811,1710,17.1,1154.0,11.540000000000001,5.5600000000000005,True
11147811.IV.T1247..HH,11147811,1745,17.45,1786.0,17.86,0.41000000000000014,True
11147811.IV.T1256..HH,11147811,1561,15.610000000000001,1516.0,15.16,0.45000000000000107,True
11147811.IV.T1256..HN,11147811,1506,15.06,1506.0,15.06,0.0,True
11147811.IV.T1299..EH,11147811,1607,16.07,1020.0,10.200000000000001,5.869999999999999,True
11147811.IV.T1299..HN,11147811,1584,15.84,1610.0,16.1,0.26000000000000156,True
11147811.IV.TERO..HH,11147811,1867,18.67,1715.0,17.150000000000002,1.5199999999999996,True
11147811.IV.TERO..HN,11147811,2191,21.91,1640.0,16.4,5.510000000000002,True
11147811.IV.VCEL..EH,11147811,1992,19.92,1996.0,19.96,0.03999999999999915,True
11148041.IV.ARRO..EH,11148041,1752,17.52,1459.0,14.59,2.9299999999999997,True
11148041.IV.ARVD..HH,11148041,1734,17.34,1730.0,17.3,0.03999999999999915,True
11148041.IV.ATCC..EH,11148041,1718,17.18,1676.0,16.76,0.41999999999999815,True
11148041.IV.ATCC..HN,11148041,1643,16.43,1644.0,16.44,0.010000000000001563,True
11148041.IV.ATFO..HH,11148041,2046,20.46,2063.0,20.63,0.16999999999999815,True
11148041.IV.ATFO..HN,11148041,1978,19.78,2027.0,20.27,0.48999999999999844,True
11148041.IV.ATPI..EH,11148041,1992,19.92,1986.0,19.86,0.060000000000002274,True
11148041.IV.ATVA..EH,11148041,1719,17.19,1710.0,17.1,0.08999999999999986,True
11148041.IV.ATVO..HH,11148041,1746,17.46,1734.0,17.34,0.120000000000001,True
11148041.IV.BADI..EH,11148041,1753,17.53,1750.0,17.5,0.030000000000001137,True
11148041.IV.CESI..HH,11148041,1732,17.32,1678.0,16.78,0.5399999999999991,True
11148041.IV.CESX..HH,11148041,1576,15.76,1581.0,15.81,0.05000000000000071,True
11148041.IV.CING..HH,11148041,1825,18.25,1786.0,17.86,0.39000000000000057,True
11148041.IV.COR1..EH,11148041,1577,15.77,1013.0,10.13,5.639999999999999,True
11148041.IV.COR1..HN,11148041,1577,15.77,,,,False
11148041.IV.CSP1..EH,11148041,1667,16.67,1616.0,16.16,0.5100000000000016,True
11148041.IV.FDMO..HH,11148041,1936,19.36,1005.0,10.05,9.309999999999999,True
11148041.IV.FEMA..HN,11148041,1739,17.39,1723.0,17.23,0.16000000000000014,True
11148041.IV.FIAM..HH,11148041,2051,20.51,2087.0,20.87,0.35999999999999943,True
11148041.IV.FIAM..HN,11148041,1775,17.75,1891.0,18.91,1.1600000000000001,True
11148041.IV.FOSV..EH,11148041,2037,20.37,1828.0,18.28,2.09,True
11148041.IV.FRON..EH,11148041,1969,19.69,1575.0,15.75,3.9400000000000013,True
11148041.IV.FSSB..HH,11148041,2071,20.71,1394.0,13.94,6.770000000000001,True
11148041.IV.GAG1..HN,11148041,1996,19.96,2004.0,20.04,0.0799999999999983,True
11148041.IV.GIGS..HH,11148041,1796,17.96,1800.0,18.0,0.03999999999999915,True
11148041.IV.GUMA..HH,11148041,2016,20.16,1995.0,19.95,0.21000000000000085,True
11148041.IV.GUMA..HN,11148041,1989,19.89,1990.0,19.900000000000002,0.010000000000001563,True
11148041.IV.LNSS..HH,11148041,1705,17.05,1618.0,16.18,0.870000000000001,True
11148041.IV.MC2..EH,11148041,2036,20.36,1282.0,12.82,7.539999999999999,True
11148041.IV.MDAR..HN,11148041,1932,19.32,1930.0,19.3,0.019999999999999574,True
11148041.IV.MMO1..EH,11148041,1810,18.1,1771.0,17.71,0.39000000000000057,True
11148041.IV.MMO1..HN,11148041,1689,16.89,1700.0,17.0,0.10999999999999943,True
11148041.IV.MPAG..EH,11148041,1748,17.48,1742.0,17.42,0.05999999999999872,True
11148041.IV.MPAG..HN,11148041,1712,17.12,11976.0,119.76,102.64,True
11148041.IV.MTL1..HN,11148041,1625,16.25,1649.0,16.490000000000002,0.240000000000002,True
11148041.IV.MURB..HH,11148041,1784,17.84,1784.0,17.84,0.0,True
11148041.IV.MURB..HN,11148041,1844,18.44,1985.0,19.85,1.4100000000000001,True
11148041.IV.NRCA..HH,11148041,1830,18.3,1819.0,18.19,0.10999999999999943,True
11148041.IV.NRCA..HN,11148041,1786,17.86,1789.0,17.89,0.030000000000001137,True
11148041.IV.OFFI..HH,11148041,2011,20.11,2009.0,20.09,0.019999999999999574,True
11148041.IV.PIEI..HH,11148041,1959,19.59,1967.0,19.67,0.08000000000000185,True
11148041.IV.PIEI..HN,11148041,1769,17.69,2886.0,28.86,11.169999999999998,True
11148041.IV.PP3..EH,11148041,2039,20.39,2072.0,20.72,0.3299999999999983,True
11148041.IV.PP3..HN,11148041,1901,19.01,1940.0,19.400000000000002,0.39000000000000057,True
11148041.IV.RM33..EH,11148041,1946,19.46,1538.0,15.38,4.08,True
11148041.IV.RM33..HN,11148041,1653,16.53,1427.0,14.27,2.2600000000000016,True
11148041.IV.SEF1..HN,11148041,1770,17.7,1772.0,17.72,0.019999999999999574,True
11148041.IV.SNTG..HH,11148041,1911,19.11,1913.0,19.13,0.019999999999999574,True
11148041.IV.SNTG..HN,11148041,1841,18.41,1855.0,18.55,0.14000000000000057,True
11148041.IV.SSFR..HH,11148041,1630,16.3,1634.0,16.34,0.03999999999999915,True
11148041.IV.SSFR..HN,11148041,1620,16.2,1633.0,16.330000000000002,0.13000000000000256,True
11148041.IV.T0110..HH,11148041,1794,17.94,1792.0,17.92,0.019999999999999574,True
11148041.IV.T1201..HN,11148041,1877,18.77,1716.0,17.16,1.6099999999999994,True
11148041.IV.T1202..EH,11148041,1921,19.21,1910.0,19.1,0.10999999999999943,True
11148041.IV.T1211..EH,11148041,3365,33.65,3364.0,33.64,0.00999999999999801,True
11148041.IV.T1211..HN,11148041,2170,21.7,2199.0,21.990000000000002,0.2900000000000027,True
11148041.IV.T1212..EH,11148041,2584,25.84,2135.0,21.35,4.489999999999998,True
11148041.IV.T1212..HN,11148041,3460,34.6,3460.0,34.6,0.0,True
11148041.IV.T1213..EH,11148041,2053,20.53,2053.0,20.53,0.0,True
11148041.IV.T1213..HN,11148041,2223,22.23,2232.0,22.32,0.08999999999999986,True
11148041.IV.T1215..EH,11148041,1807,18.07,1768.0,17.68,0.39000000000000057,True
11148041.IV.T1215..HN,11148041,3997,39.97,3999.0,39.99,0.020000000000003126,True
11148041.IV.T1216..EH,11148041,2412,24.12,1191.0,11.91,12.21,True
11148041.IV.T1216..HN,11148041,2709,27.09,2704.0,27.04,0.05000000000000071,True
11148041.IV.T1217..EH,11148041,2079,20.79,2048.0,20.48,0.3099999999999987,True
11148041.IV.T1217..HN,11148041,3415,34.15,3418.0,34.18,0.030000000000001137,True
11148041.IV.T1218..EH,11148041,3332,33.32,3313.0,33.13,0.18999999999999773,True
11148041.IV.T1218..HN,11148041,2697,26.97,2702.0,27.02,0.05000000000000071,True
11148041.IV.T1219..EH,11148041,2882,28.82,1234.0,12.34,16.48,True
11148041.IV.T1219..HN,11148041,4335,43.35,1202.0,12.02,31.330000000000002,True
11148041.IV.T1221..EH,11148041,3736,37.36,2469.0,24.69,12.669999999999998,True
11148041.IV.T1221..HN,11148041,2327,23.27,2329.0,23.29,0.019999999999999574,True
11148041.IV.T1243..HH,11148041,2084,20.84,2027.0,20.27,0.5700000000000003,True
11148041.IV.T1243..HN,11148041,2125,21.25,2125.0,21.25,0.0,True
11148041.IV.T1244..EH,11148041,1844,18.44,1831.0,18.31,0.13000000000000256,True
11148041.IV.T1244..HN,11148041,1898,18.98,1901.0,19.01,0.030000000000001137,True
11148041.IV.T1245..HH,11148041,1853,18.53,1830.0,18.3,0.23000000000000043,True
11148041.IV.T1245..HN,11148041,1802,18.02,1814.0,18.14,0.120000000000001,True
11148041.IV.T1247..HH,11148041,1927,19.27,1954.0,19.54,0.2699999999999996,True
11148041.IV.T1256..HH,11148041,2001,20.01,1957.0,19.57,0.4400000000000013,True
11148041.IV.T1256..HN,11148041,1825,18.25,1825.0,18.25,0.0,True
11148041.IV.TERO..HH,11148041,1564,15.64,1551.0,15.51,0.13000000000000078,True
11148041.IV.TERO..HN,11148041,1591,15.91,1594.0,15.94,0.02999999999999936,True
11148041.IV.VCEL..EH,11148041,1786,17.86,1795.0,17.95,0.08999999999999986,True
11148431.IV.ARVD..HH,11148431,1827,18.27,1850.0,18.5,0.23000000000000043,True
11148431.IV.ATCC..EH,11148431,1873,18.73,1884.0,18.84,0.10999999999999943,True
11148431.IV.ATCC..HN,11148431,1943,19.43,1979.0,19.79,0.35999999999999943,True
11148431.IV.ATVO..HH,11148431,1730,17.3,1742.0,17.42,0.120000000000001,True
11148431.IV.CAMP..HH,11148431,1995,19.95,2003.0,20.03,0.08000000000000185,True
11148431.IV.CESI..HH,11148431,1636,16.36,1622.0,16.22,0.14000000000000057,True
11148431.IV.CING..HH,11148431,1810,18.1,1830.0,18.3,0.1999999999999993,True
11148431.IV.EL6..EH,11148431,1870,18.7,1871.0,18.71,0.010000000000001563,True
11148431.IV.FEMA..HN,11148431,2021,20.21,2024.0,20.240000000000002,0.030000000000001137,True
11148431.IV.FOSV..EH,11148431,1821,18.21,1827.0,18.27,0.05999999999999872,True
11148431.IV.FOSV..HN,11148431,1830,18.3,1898.0,18.98,0.6799999999999997,True
11148431.IV.GUMA..HH,11148431,1796,17.96,1798.0,17.98,0.019999999999999574,True
11148431.IV.GUMA..HN,11148431,1759,17.59,1767.0,17.67,0.08000000000000185,True
11148431.IV.LNSS..HH,11148431,1526,15.26,1531.0,15.31,0.05000000000000071,True
11148431.IV.MMO1..EH,11148431,1777,17.77,1779.0,17.79,0.019999999999999574,True
11148431.IV.MMO1..HN,11148431,1691,16.91,2079.0,20.79,3.879999999999999,True
11148431.IV.MPAG..EH,11148431,2126,21.26,2122.0,21.22,0.0400000000000027,True
11148431.IV.MPAG..HN,11148431,2023,20.23,4499.0,44.99,24.76,True
11148431.IV.NRCA..HH,11148431,1666,16.66,1623.0,16.23,0.4299999999999997,True
11148431.IV.NRCA..HN,11148431,1746,17.46,1795.0,17.95,0.48999999999999844,True
11148431.IV.PIEI..HH,11148431,2059,20.59,2065.0,20.650000000000002,0.060000000000002274,True
11148431.IV.PIEI..HN,11148431,1980,19.8,2074.0,20.740000000000002,0.9400000000000013,True
11148431.IV.RM33..EH,11148431,1866,18.66,1908.0,19.080000000000002,0.4200000000000017,True
11148431.IV.RM33..HN,11148431,1837,18.37,4723.0,47.230000000000004,28.860000000000003,True
11148431.IV.SNTG..HH,11148431,2126,21.26,2127.0,21.27,0.00999999999999801,True
11148431.IV.SNTG..HN,11148431,2003,20.03,2042.0,20.42,0.39000000000000057,True
11148431.IV.SSFR..HH,11148431,1612,16.12,1619.0,16.19,0.07000000000000028,True
11148431.IV.SSFR..HN,11148431,1618,16.18,1699.0,16.990000000000002,0.8100000000000023,True
11148431.IV.T1215..EH,11148431,2185,21.85,1629.0,16.29,5.560000000000002,True
11148431.IV.T1215..HN,11148431,1932,19.32,1939.0,19.39,0.07000000000000028,True
11148431.IV.T1216..EH,11148431,2820,28.2,2812.0,28.12,0.0799999999999983,True
11148431.IV.T1216..HN,11148431,2250,22.5,2253.0,22.53,0.030000000000001137,True
11148431.IV.T1218..EH,11148431,2512,25.12,1182.0,11.82,13.3,True
11148431.IV.T1218..HN,11148431,2627,26.27,1297.0,12.97,13.299999999999999,True
11148431.IV.T1241..HN,11148431,2045,20.45,2228.0,22.28,1.8300000000000018,True
11148431.IV.T1243..HH,11148431,1862,18.62,1884.0,18.84,0.21999999999999886,True
11148431.IV.T1243..HN,11148431,1820,18.2,1874.0,18.740000000000002,0.5400000000000027,True
11148431.IV.T1245..HH,11148431,1673,16.73,1675.0,16.75,0.019999999999999574,True
11148431.IV.T1245..HN,11148431,1757,17.57,1779.0,17.79,0.21999999999999886,True
11148431.IV.T1256..HH,11148431,2034,20.34,2011.0,20.11,0.23000000000000043,True
11148431.IV.T1256..HN,11148431,1911,19.11,1922.0,19.22,0.10999999999999943,True
11148431.IV.TERO..HH,11148431,1727,17.27,1747.0,17.47,0.1999999999999993,True
11148431.IV.TERO..HN,11148431,1970,19.7,1996.0,19.96,0.26000000000000156,True
1114851.IV.IVPL..HH,1114851,1668,16.68,1672.0,16.72,0.03999999999999915,True
1114851.IV.JOPP..HH,1114851,1773,17.73,1779.0,17.79,0.05999999999999872,True
1114851.IV.JOPP..HN,1114851,1826,18.26,1843.0,18.43,0.16999999999999815,True
1114851.IV.MCSR..HH,1114851,1855,18.55,1853.0,18.53,0.019999999999999574,True
1114851.IV.MPNC..HH,1114851,1955,19.55,1965.0,19.650000000000002,0.10000000000000142,True
1114851.IV.MSCL..HH,1114851,1878,18.78,1892.0,18.92,0.14000000000000057,True
1114851.IV.MSFR..HH,1114851,2086,20.86,2053.0,20.53,0.3299999999999983,True
1114851.IV.NOV..HH,1114851,1582,15.82,1605.0,16.05,0.23000000000000043,True
1115001.IV.APPI..EH,1115001,2077,20.77,2120.0,21.2,0.4299999999999997,True
1115001.NI.CGRP..HH,1115001,1812,18.12,1822.0,18.22,0.09999999999999787,True
1115001.IV.CSNT..HH,1115001,1859,18.59,1880.0,18.8,0.21000000000000085,True
1115001.IV.FIU..EH,1115001,1670,16.7,1674.0,16.740000000000002,0.0400000000000027,True
1115001.IV.MABI..HH,1115001,1845,18.45,1897.0,18.97,0.5199999999999996,True
1115001.IV.MAGA..HH,1115001,1812,18.12,1840.0,18.400000000000002,0.28000000000000114,True
1115001.SI.MOSI..HH,1115001,2141,21.41,2160.0,21.6,0.19000000000000128,True
1115001.IV.RAVA..EH,1115001,1923,19.23,1925.0,19.25,0.019999999999999574,True
1115001.IV.ROVR..HH,1115001,1737,17.37,1743.0,17.43,0.05999999999999872,True
1115001.IV.SALO..HH,1115001,1601,16.01,1629.0,16.29,0.2799999999999976,True
1115001.IV.SERM..EH,1115001,1996,19.96,2089.0,20.89,0.9299999999999997,True
1115001.IV.SERM..HN,1115001,1870,18.7,1944.0,19.44,0.740000000000002,True
1115001.IV.T0800..HH,1115001,2076,20.76,2067.0,20.67,0.08999999999999986,True
1115001.IV.T0800..HN,1115001,2019,20.19,2008.0,20.080000000000002,0.10999999999999943,True
1115001.IV.T0802..HN,1115001,1671,16.71,1670.0,16.7,0.010000000000001563,True
1115001.IV.T0803..HN,1115001,1775,17.75,1768.0,17.68,0.07000000000000028,True
1115001.IV.T0805..HN,1115001,1709,17.09,1713.0,17.13,0.03999999999999915,True
1115001.IV.T0821..EH,1115001,1777,17.77,2063.0,20.63,2.8599999999999994,True
1115001.IV.T0821..HN,1115001,1762,17.62,1883.0,18.830000000000002,1.2100000000000009,True
11150541.IV.ARRO..EH,11150541,1771,17.71,1783.0,17.830000000000002,0.120000000000001,True
11150541.IV.CAMP..HH,11150541,1773,17.73,1301.0,13.01,4.720000000000001,True
11150541.IV.CSP1..EH,11150541,1844,18.44,1878.0,18.78,0.33999999999999986,True
11150541.IV.GIGS..HH,11150541,1509,15.09,1496.0,14.96,0.129999999999999,True
11150541.IV.GUMA..HH,11150541,1955,19.55,1963.0,19.63,0.0799999999999983,True
11150541.IV.GUMA..HN,11150541,1755,17.55,1791.0,17.91,0.35999999999999943,True
11150541.IV.LNSS..HH,11150541,1805,18.05,1077.0,10.77,7.280000000000001,True
11150541.IV.NRCA..HH,11150541,1827,18.27,1592.0,15.92,2.3499999999999996,True
11150541.IV.NRCA..HN,11150541,1742,17.42,1526.0,15.26,2.160000000000002,True
11150541.IV.OFFI..HH,11150541,2158,21.580000000000002,2202.0,22.02,0.4399999999999977,True
11150541.IV.RM33..EH,11150541,1605,16.05,1047.0,10.47,5.58,True
11150541.IV.RM33..HN,11150541,1580,15.8,1049.0,10.49,5.3100000000000005,True
11150541.IV.SMA1..EH,11150541,1746,17.46,1037.0,10.370000000000001,7.09,True
11150541.IV.T1201..HN,11150541,2138,21.38,1417.0,14.17,7.209999999999999,True
11150541.IV.T1202..EH,11150541,2061,20.61,1983.0,19.830000000000002,0.7799999999999976,True
11150541.IV.T1204..EH,11150541,1764,17.64,1038.0,10.38,7.26,True
11150541.IV.T1211..EH,11150541,1832,18.32,1658.0,16.580000000000002,1.7399999999999984,True
11150541.IV.T1211..HN,11150541,2593,25.93,2597.0,25.97,0.03999999999999915,True
11150541.IV.T1215..EH,11150541,2505,25.05,2518.0,25.18,0.129999999999999,True
11150541.IV.T1215..HN,11150541,3682,36.82,3714.0,37.14,0.3200000000000003,True
11150541.IV.T1218..EH,11150541,2894,28.94,2435.0,24.35,4.59,True
11150541.IV.T1218..HN,11150541,2507,25.07,2139.0,21.39,3.6799999999999997,True
11150541.IV.T1243..HH,11150541,1745,17.45,1391.0,13.91,3.539999999999999,True
11150541.IV.T1243..HN,11150541,1714,17.14,1362.0,13.620000000000001,3.5199999999999996,True
11150541.IV.T1244..EH,11150541,1968,19.68,1934.0,19.34,0.33999999999999986,True
11150541.IV.T1244..HN,11150541,1834,18.34,1851.0,18.51,0.1700000000000017,True
11150541.IV.T1246..HH,11150541,1950,19.5,1547.0,15.47,4.029999999999999,True
11150541.IV.T1247..HH,11150541,1720,17.2,1319.0,13.19,4.01,True
11150541.IV.T1256..HH,11150541,1846,18.46,1930.0,19.3,0.8399999999999999,True
11150541.IV.T1256..HN,11150541,1843,18.43,2618.0,26.18,7.75,True
11150541.IV.T1299..EH,11150541,2068,20.68,1457.0,14.57,6.109999999999999,True
11150541.IV.T1299..HN,11150541,1944,19.44,1339.0,13.39,6.050000000000001,True
11150541.IV.TERO..HH,11150541,1759,17.59,1401.0,14.01,3.58,True
11150541.IV.TERO..HN,11150541,1739,17.39,1395.0,13.950000000000001,3.4399999999999995,True
11151081.IV.CESI..HH,11151081,1687,16.87,1722.0,17.22,0.34999999999999787,True
11151081.IV.CSP1..EH,11151081,1962,19.62,1310.0,13.1,6.520000000000001,True
11151081.IV.EL6..EH,11151081,1848,18.48,2659.0,26.59,8.11,True
11151081.IV.LNSS..HH,11151081,1680,16.8,999.0,9.99,6.8100000000000005,True
11151081.IV.MC2..EH,11151081,1889,18.89,999.0,9.99,8.9,True
11151081.IV.MMO1..EH,11151081,1692,16.92,1032.0,10.32,6.600000000000001,True
11151081.IV.MMO1..HN,11151081,1642,16.42,2051.0,20.51,4.09,True
11151081.IV.NRCA..HH,11151081,1561,15.610000000000001,1561.0,15.610000000000001,0.0,True
11151081.IV.NRCA..HN,11151081,1523,15.23,1522.0,15.22,0.009999999999999787,True
11151081.IV.T1211..EH,11151081,2987,29.87,1886.0,18.86,11.010000000000002,True
11151081.IV.T1211..HN,11151081,3247,32.47,2708.0,27.080000000000002,5.389999999999997,True
11151081.IV.T1215..EH,11151081,1855,18.55,1805.0,18.05,0.5,True
11151081.IV.T1215..HN,11151081,2119,21.19,2117.0,21.17,0.019999999999999574,True
11151081.IV.T1216..EH,11151081,1980,19.8,1228.0,12.280000000000001,7.52,True
11151081.IV.T1216..HN,11151081,2149,21.490000000000002,2217.0,22.17,0.6799999999999997,True
11151081.IV.T1218..EH,11151081,2886,28.86,1674.0,16.740000000000002,12.119999999999997,True
11151081.IV.T1218..HN,11151081,2232,22.32,1502.0,15.02,7.300000000000001,True
11151081.IV.T1219..EH,11151081,1807,18.07,2240.0,22.400000000000002,4.330000000000002,True
11151081.IV.T1219..HN,11151081,2608,26.080000000000002,3044.0,30.44,4.359999999999999,True
11151081.IV.T1241..EH,11151081,1968,19.68,1972.0,19.72,0.03999999999999915,True
11151081.IV.T1241..HN,11151081,1789,17.89,2219.0,22.19,4.300000000000001,True
11151081.IV.T1243..HH,11151081,1910,19.1,1092.0,10.92,8.180000000000001,True
11151081.IV.T1243..HN,11151081,1861,18.61,1038.0,10.38,8.229999999999999,True
11151081.IV.T1245..HH,11151081,1702,17.02,999.0,9.99,7.029999999999999,True
11151081.IV.T1245..HN,11151081,1621,16.21,1628.0,16.28,0.07000000000000028,True
11151081.IV.T1256..HH,11151081,1789,17.89,1001.0,10.01,7.880000000000001,True
11151081.IV.T1256..HN,11151081,1802,18.02,2230.0,22.3,4.280000000000001,True
11151081.IV.TERO..HH,11151081,1712,17.12,2431.0,24.310000000000002,7.190000000000001,True
11151081.IV.TERO..HN,11151081,2085,20.85,999.0,9.99,10.860000000000001,True
11152091.IV.ARRO..EH,11152091,2150,21.5,2163.0,21.63,0.129999999999999,True
11152091.IV.CAMP..HH,11152091,1852,18.52,1846.0,18.46,0.05999999999999872,True
11152091.IV.FDMO..HH,11152091,1678,16.78,1712.0,17.12,0.33999999999999986,True
11152091.IV.GIGS..HH,11152091,1657,16.57,1670.0,16.7,0.129999999999999,True
11152091.IV.GUMA..HH,11152091,2007,20.07,2013.0,20.13,0.05999999999999872,True
11152091.IV.GUMA..HN,11152091,2050,20.5,2061.0,20.61,0.10999999999999943,True
11152091.IV.LNSS..HH,11152091,2020,20.2,1996.0,19.96,0.23999999999999844,True
11152091.IV.MMO1..EH,11152091,1748,17.48,1753.0,17.53,0.05000000000000071,True
11152091.IV.MMO1..HN,11152091,1602,16.02,9982.0,99.82000000000001,83.80000000000001,True
11152091.IV.NRCA..HH,11152091,1832,18.32,1317.0,13.17,5.15,True
11152091.IV.NRCA..HN,11152091,1864,18.64,1882.0,18.82,0.17999999999999972,True
11152091.IV.OFFI..HH,11152091,1727,17.27,1733.0,17.330000000000002,0.060000000000002274,True
11152091.IV.RM33..EH,11152091,1635,16.35,1622.0,16.22,0.13000000000000256,True
11152091.IV.RM33..HN,11152091,1712,17.12,999.0,9.99,7.130000000000001,True
11152091.IV.SMA1..EH,11152091,2144,21.44,2122.0,21.22,0.22000000000000242,True
11152091.IV.T1218..EH,11152091,3629,36.29,1137.0,11.370000000000001,24.919999999999998,True
11152091.IV.T1218..HN,11152091,2233,22.330000000000002,2249.0,22.490000000000002,0.16000000000000014,True
11152091.IV.T1219..EH,11152091,2588,25.88,1286.0,12.86,13.02,True
11152091.IV.T1219..HN,11152091,2600,26.0,3468.0,34.68,8.68,True
11152091.IV.T1241..EH,11152091,1866,18.66,1867.0,18.67,0.010000000000001563,True
11152091.IV.T1243..HH,11152091,2178,21.78,2167.0,21.67,0.10999999999999943,True
11152091.IV.T1243..HN,11152091,2005,20.05,2006.0,20.06,0.00999999999999801,True
11152091.IV.T1245..HH,11152091,1785,17.85,1347.0,13.47,4.380000000000001,True
11152091.IV.T1245..HN,11152091,1794,17.94,2378.0,23.78,5.84,True
11152091.IV.T1247..HH,11152091,1535,15.35,1546.0,15.46,0.11000000000000121,True
11152091.IV.T1256..HH,11152091,2221,22.21,2174.0,21.740000000000002,0.46999999999999886,True
11152091.IV.T1256..HN,11152091,1936,19.36,2690.0,26.900000000000002,7.540000000000003,True
11152091.IV.TERO..HH,11152091,1766,17.66,1755.0,17.55,0.10999999999999943,True
11152091.IV.TERO..HN,11152091,1928,19.28,1929.0,19.29,0.00999999999999801,True
11152091.IV.VCEL..EH,11152091,1644,16.44,1654.0,16.54,0.09999999999999787,True
1115321.IV.MAGA..HH,1115321,1925,19.25,1931.0,19.31,0.05999999999999872,True
1115321.IV.SALO..HH,1115321,1859,18.59,1861.0,18.61,0.019999999999999574,True
1115321.IV.VOBA..HN,1115321,2146,21.46,2204.0,22.04,0.5799999999999983,True
11153901.IV.AOI..HH,11153901,1627,16.27,1613.0,16.13,0.14000000000000057,True
11153901.MN.AQU..HH,11153901,1726,17.26,1727.0,17.27,0.00999999999999801,True
11153901.MN.AQU..HL,11153901,1577,15.77,1593.0,15.93,0.16000000000000014,True
11153901.IV.ATCC..EH,11153901,1712,17.12,1717.0,17.17,0.05000000000000071,True
11153901.IV.ATCC..HN,11153901,1700,17.0,1774.0,17.740000000000002,0.740000000000002,True
11153901.IV.CAMP..HH,11153901,1832,18.32,1762.0,17.62,0.6999999999999993,True
11153901.IV.CERT..HH,11153901,2051,20.51,2042.0,20.42,0.08999999999999986,True
11153901.IV.CESI..HH,11153901,1525,15.25,1524.0,15.24,0.009999999999999787,True
11153901.IV.CESX..HH,11153901,1978,19.78,1961.0,19.61,0.1700000000000017,True
11153901.IV.CING..HH,11153901,1932,19.32,1935.0,19.35,0.030000000000001137,True
11153901.IV.CSP1..EH,11153901,1771,17.71,1743.0,17.43,0.28000000000000114,True
11153901.IV.EL6..EH,11153901,1703,17.03,1706.0,17.06,0.029999999999997584,True
11153901.IV.FAGN..HH,11153901,1878,18.78,1895.0,18.95,0.16999999999999815,True
11153901.IV.FIAM..HH,11153901,1671,16.71,1645.0,16.45,0.26000000000000156,True
11153901.IV.FIAM..HN,11153901,1780,17.8,1766.0,17.66,0.14000000000000057,True
11153901.IV.GIGS..HH,11153901,1607,16.07,1590.0,15.9,0.16999999999999993,True
11153901.IV.GUMA..HH,11153901,1664,16.64,1642.0,16.42,0.21999999999999886,True
11153901.IV.GUMA..HN,11153901,1593,15.93,1594.0,15.94,0.009999999999999787,True
11153901.IV.INTR..HH,11153901,1914,19.14,1914.0,19.14,0.0,True
11153901.IV.INTR..HN,11153901,1671,16.71,1750.0,17.5,0.7899999999999991,True
11153901.IV.LNSS..HH,11153901,1968,19.68,1878.0,18.78,0.8999999999999986,True
11153901.IV.MC2..EH,11153901,2128,21.28,1262.0,12.620000000000001,8.66,True
11153901.IV.MMO1..EH,11153901,1771,17.71,1721.0,17.21,0.5,True
11153901.IV.MPAG..EH,11153901,1837,18.37,1833.0,18.330000000000002,0.03999999999999915,True
11153901.IV.MPAG..HN,11153901,1798,17.98,11994.0,119.94,101.96,True
11153901.IV.MTCE..HH,11153901,1812,18.12,1810.0,18.1,0.019999999999999574,True
11153901.IV.OFFI..HH,11153901,1611,16.11,1561.0,15.610000000000001,0.4999999999999982,True
11153901.IV.PTQR..HH,11153901,1637,16.37,1641.0,16.41,0.03999999999999915,True
11153901.IV.RM33..EH,11153901,1768,17.68,1673.0,16.73,0.9499999999999993,True
11153901.IV.RM33..HN,11153901,1661,16.61,1630.0,16.3,0.3099999999999987,True
11153901.IV.SMA1..EH,11153901,2166,21.66,1908.0,19.080000000000002,2.5799999999999983,True
11153901.IV.SNTG..HH,11153901,1777,17.77,1781.0,17.81,0.03999999999999915,True
11153901.IV.SNTG..HN,11153901,1830,18.3,1881.0,18.81,0.509999999999998,True
11153901.IV.T0110..HH,11153901,1891,18.91,1874.0,18.740000000000002,0.16999999999999815,True
11153901.IV.T1201..HN,11153901,1563,15.63,1521.0,15.21,0.41999999999999993,True
11153901.IV.T1202..EH,11153901,2077,20.77,2051.0,20.51,0.259999999999998,True
11153901.IV.T1204..EH,11153901,1848,18.48,1810.0,18.1,0.379999999999999,True
11153901.IV.T1211..EH,11153901,5316,53.160000000000004,5245.0,52.45,0.7100000000000009,True
11153901.IV.T1211..HN,11153901,2181,21.81,2165.0,21.650000000000002,0.1599999999999966,True
11153901.IV.T1212..EH,11153901,2098,20.98,2069.0,20.69,0.28999999999999915,True
11153901.IV.T1212..HN,11153901,3016,30.16,3016.0,30.16,0.0,True
11153901.IV.T1213..EH,11153901,2679,26.79,2667.0,26.67,0.11999999999999744,True
11153901.IV.T1213..HN,11153901,1944,19.44,1945.0,19.45,0.00999999999999801,True
11153901.IV.T1215..EH,11153901,2682,26.82,2670.0,26.7,0.120000000000001,True
11153901.IV.T1215..HN,11153901,1716,17.16,1722.0,17.22,0.05999999999999872,True
11153901.IV.T1216..EH,11153901,2237,22.37,2235.0,22.35,0.019999999999999574,True
11153901.IV.T1216..HN,11153901,3422,34.22,999.0,9.99,24.229999999999997,True
11153901.IV.T1217..EH,11153901,3324,33.24,1560.0,15.6,17.64,True
11153901.IV.T1217..HN,11153901,2982,29.82,2973.0,29.73,0.08999999999999986,True
11153901.IV.T1218..EH,11153901,2179,21.79,2131.0,21.31,0.4800000000000004,True
11153901.IV.T1218..HN,11153901,2685,26.85,2670.0,26.7,0.15000000000000213,True
11153901.IV.T1219..EH,11153901,2352,23.52,1727.0,17.27,6.25,True
11153901.IV.T1219..HN,11153901,2492,24.92,2503.0,25.03,0.10999999999999943,True
11153901.IV.T1221..EH,11153901,2068,20.68,2055.0,20.55,0.129999999999999,True
11153901.IV.T1221..HN,11153901,2778,27.78,2028.0,20.28,7.5,True
11153901.IV.T1241..EH,11153901,1539,15.39,1487.0,14.870000000000001,0.5199999999999996,True
11153901.IV.T1241..HN,11153901,1559,15.59,1561.0,15.610000000000001,0.02000000000000135,True
11153901.IV.T1243..HH,11153901,1721,17.21,1651.0,16.51,0.6999999999999993,True
11153901.IV.T1243..HN,11153901,1607,16.07,1577.0,15.77,0.3000000000000007,True
11153901.IV.T1244..EH,11153901,1857,18.57,1803.0,18.03,0.5399999999999991,True
11153901.IV.T1244..HN,11153901,1852,18.52,1839.0,18.39,0.129999999999999,True
11153901.IV.T1245..HH,11153901,1967,19.67,1930.0,19.3,0.370000000000001,True
11153901.IV.T1245..HN,11153901,1846,18.46,1849.0,18.490000000000002,0.030000000000001137,True
11153901.IV.T1246..HH,11153901,2017,20.17,1934.0,19.34,0.8300000000000018,True
11153901.IV.T1247..HH,11153901,1817,18.17,1777.0,17.77,0.40000000000000213,True
11153901.IV.T1256..HH,11153901,1885,18.85,1851.0,18.51,0.33999999999999986,True
11153901.IV.T1256..HN,11153901,1820,18.2,1834.0,18.34,0.14000000000000057,True
11153901.IV.T1299..EH,11153901,1987,19.87,1921.0,19.21,0.6600000000000001,True
11153901.IV.T1299..HN,11153901,2035,20.35,2006.0,20.06,0.2900000000000027,True
11153901.IV.TERO..HH,11153901,2044,20.44,1984.0,19.84,0.6000000000000014,True
11153901.IV.TERO..HN,11153901,1946,19.46,1902.0,19.02,0.4400000000000013,True
11153901.IV.TOLF..HH,11153901,1739,17.39,1746.0,17.46,0.07000000000000028,True
11153901.IV.VCEL..EH,11153901,1866,18.66,1817.0,18.17,0.48999999999999844,True
11154271.IV.ARVD..HH,11154271,1618,16.18,1633.0,16.330000000000002,0.15000000000000213,True
11154271.IV.ATCC..HN,11154271,1866,18.66,2013.0,20.13,1.4699999999999989,True
11154271.IV.CESI..HH,11154271,1675,16.75,1674.0,16.740000000000002,0.00999999999999801,True
11154271.IV.CING..HH,11154271,1721,17.21,1728.0,17.28,0.07000000000000028,True
11154271.IV.CSP1..EH,11154271,1566,15.66,1154.0,11.540000000000001,4.119999999999999,True
11154271.IV.EL6..EH,11154271,1693,16.93,1705.0,17.05,0.120000000000001,True
11154271.IV.FDMO..HH,11154271,1901,19.01,1506.0,15.06,3.950000000000001,True
11154271.IV.FEMA..HN,11154271,1752,17.52,1760.0,17.6,0.08000000000000185,True
11154271.IV.FOSV..EH,11154271,1627,16.27,1654.0,16.54,0.2699999999999996,True
11154271.IV.FOSV..HN,11154271,1573,15.73,,,,False
11154271.IV.GUMA..HH,11154271,1769,17.69,1794.0,17.94,0.25,True
11154271.IV.GUMA..HN,11154271,1627,16.27,1732.0,17.32,1.0500000000000007,True
11154271.IV.MC2..EH,11154271,1907,19.07,1919.0,19.19,0.120000000000001,True
11154271.IV.MMO1..HN,11154271,1760,17.6,,,,False
11154271.IV.PIEI..HH,11154271,2079,20.79,2100.0,21.0,0.21000000000000085,True
11154271.IV.PIEI..HN,11154271,2088,20.88,,,,False
11154271.IV.SNTG..HH,11154271,1877,18.77,1886.0,18.86,0.08999999999999986,True
11154271.IV.SNTG..HN,11154271,1632,16.32,1720.0,17.2,0.879999999999999,True
11154271.IV.SSFR..HH,11154271,1703,17.03,1565.0,15.65,1.3800000000000008,True
11154271.IV.SSFR..HN,11154271,1677,16.77,2718.0,27.18,10.41,True
11154271.IV.T1215..EH,11154271,2236,22.36,2255.0,22.55,0.19000000000000128,True
11154271.IV.T1215..HN,11154271,3004,30.04,3478.0,34.78,4.740000000000002,True
11154271.IV.T1216..EH,11154271,2440,24.400000000000002,2439.0,24.39,0.010000000000001563,True
11154271.IV.T1216..HN,11154271,3525,35.25,3540.0,35.4,0.14999999999999858,True
11154271.IV.T1219..EH,11154271,4175,41.75,1434.0,14.34,27.41,True
11154271.IV.T1219..HN,11154271,3306,33.06,2863.0,28.63,4.430000000000003,True
11154271.IV.T1241..EH,11154271,1971,19.71,2003.0,20.03,0.3200000000000003,True
11154271.IV.T1245..HH,11154271,1823,18.23,1828.0,18.28,0.05000000000000071,True
11154271.IV.T1245..HN,11154271,1768,17.68,1793.0,17.93,0.25,True
11154271.IV.T1256..HH,11154271,1623,16.23,1618.0,16.18,0.05000000000000071,True
11154271.IV.T1256..HN,11154271,1667,16.67,1677.0,16.77,0.09999999999999787,True
1115611.GU.BHB..HH,1115611,2187,21.87,2166.0,21.66,0.21000000000000085,True
1115611.MN.BNI..HH,1115611,1682,16.82,999.0,9.99,6.83,True
1115611.MN.BNI..HL,1115611,1680,16.8,1732.0,17.32,0.5199999999999996,True
1115611.GU.CIRO..HH,1115611,1757,17.57,1782.0,17.82,0.25,True
1115611.IV.IMI..HH,1115611,2007,20.07,2003.0,20.03,0.03999999999999915,True
1115611.IV.MRGE..HH,1115611,1716,17.16,1779.0,17.79,0.629999999999999,True
1115611.GU.PZZ..HH,1115611,1717,17.17,1642.0,16.42,0.75,True
1115611.IV.QLNO..HH,1115611,1650,16.5,1648.0,16.48,0.019999999999999574,True
1115611.GU.REMY..HH,1115611,1927,19.27,1989.0,19.89,0.620000000000001,True
1115611.GU.RORO..HH,1115611,1712,17.12,1710.0,17.1,0.019999999999999574,True
1115611.GU.RRL..HH,1115611,1637,16.37,1562.0,15.620000000000001,0.75,True
1115611.GU.RSP..HH,1115611,1802,18.02,1804.0,18.04,0.019999999999999574,True
1115611.GU.STV..HH,1115611,2113,21.13,2109.0,21.09,0.03999999999999915,True
11158391.IV.ARRO..EH,11158391,1789,17.89,1789.0,17.89,0.0,True
11158391.IV.ARVD..HH,11158391,1923,19.23,1927.0,19.27,0.03999999999999915,True
11158391.IV.ATCC..EH,11158391,1589,15.89,1595.0,15.950000000000001,0.0600000000000005,True
11158391.IV.ATCC..HN,11158391,1562,15.620000000000001,2499.0,24.990000000000002,9.370000000000001,True
11158391.IV.CAMP..HH,11158391,1768,17.68,1728.0,17.28,0.3999999999999986,True
11158391.IV.CESX..HH,11158391,1651,16.51,1657.0,16.57,0.05999999999999872,True
11158391.IV.CSP1..EH,11158391,2027,20.27,2022.0,20.22,0.05000000000000071,True
11158391.IV.EL6..EH,11158391,1764,17.64,1776.0,17.76,0.120000000000001,True
11158391.IV.FAGN..HH,11158391,1664,16.64,1688.0,16.88,0.23999999999999844,True
11158391.IV.FIAM..HH,11158391,2147,21.47,999.0,9.99,11.479999999999999,True
11158391.IV.FIAM..HN,11158391,2052,20.52,2068.0,20.68,0.16000000000000014,True
11158391.IV.GIGS..HH,11158391,2002,20.02,2006.0,20.06,0.03999999999999915,True
11158391.IV.GUMA..HH,11158391,1588,15.88,1585.0,15.85,0.030000000000001137,True
11158391.IV.GUMA..HN,11158391,1565,15.65,1574.0,15.74,0.08999999999999986,True
11158391.IV.INTR..HH,11158391,1802,18.02,1810.0,18.1,0.08000000000000185,True
11158391.IV.INTR..HN,11158391,1821,18.21,,,,False
11158391.IV.LNSS..HH,11158391,1989,19.89,1930.0,19.3,0.5899999999999999,True
11158391.IV.MC2..EH,11158391,1978,19.78,1982.0,19.82,0.03999999999999915,True
11158391.IV.MMO1..EH,11158391,1703,17.03,1696.0,16.96,0.07000000000000028,True
11158391.IV.MMO1..HN,11158391,1630,16.3,1726.0,17.26,0.9600000000000009,True
11158391.IV.OFFI..HH,11158391,1907,19.07,1919.0,19.19,0.120000000000001,True
11158391.IV.RM33..EH,11158391,1814,18.14,1046.0,10.46,7.68,True
11158391.IV.RM33..HN,11158391,1682,16.82,1675.0,16.75,0.07000000000000028,True
11158391.IV.SMA1..EH,11158391,1793,17.93,1734.0,17.34,0.5899999999999999,True
11158391.IV.SRES..HH,11158391,1637,16.37,1636.0,16.36,0.010000000000001563,True
11158391.IV.T0110..HH,11158391,1527,15.27,1528.0,15.280000000000001,0.010000000000001563,True
11158391.IV.T1201..HN,11158391,1791,17.91,1776.0,17.76,0.14999999999999858,True
11158391.IV.T1202..EH,11158391,1757,17.57,1744.0,17.44,0.129999999999999,True
11158391.IV.T1204..EH,11158391,1542,15.42,1517.0,15.17,0.25,True
11158391.IV.T1211..EH,11158391,1962,19.62,1936.0,19.36,0.26000000000000156,True
11158391.IV.T1211..HN,11158391,6045,60.45,1093.0,10.93,49.52,True
11158391.IV.T1212..EH,11158391,1644,16.44,1440.0,14.4,2.040000000000001,True
11158391.IV.T1212..HN,11158391,2302,23.02,2308.0,23.080000000000002,0.060000000000002274,True
11158391.IV.T1213..EH,11158391,1937,19.37,1942.0,19.42,0.05000000000000071,True
11158391.IV.T1213..HN,11158391,2205,22.05,2215.0,22.150000000000002,0.10000000000000142,True
11158391.IV.T1215..EH,11158391,2189,21.89,1604.0,16.04,5.850000000000001,True
11158391.IV.T1215..HN,11158391,2997,29.97,3008.0,30.080000000000002,0.11000000000000298,True
11158391.IV.T1216..EH,11158391,1946,19.46,1375.0,13.75,5.710000000000001,True
11158391.IV.T1216..HN,11158391,3756,37.56,3268.0,32.68,4.880000000000003,True
11158391.IV.T1217..EH,11158391,5303,53.03,2595.0,25.95,27.080000000000002,True
11158391.IV.T1217..HN,11158391,5647,56.47,5650.0,56.5,0.030000000000001137,True
11158391.IV.T1218..EH,11158391,3470,34.7,3447.0,34.47,0.23000000000000398,True
11158391.IV.T1218..HN,11158391,2679,26.79,2679.0,26.79,0.0,True
11158391.IV.T1219..EH,11158391,3084,30.84,2128.0,21.28,9.559999999999999,True
11158391.IV.T1219..HN,11158391,3611,36.11,3645.0,36.45,0.3400000000000034,True
11158391.IV.T1221..EH,11158391,2980,29.8,1162.0,11.620000000000001,18.18,True
11158391.IV.T1221..HN,11158391,6090,60.9,1057.0,10.57,50.33,True
11158391.IV.T1241..EH,11158391,1692,16.92,1081.0,10.81,6.110000000000001,True
11158391.IV.T1241..HN,11158391,1712,17.12,1715.0,17.150000000000002,0.030000000000001137,True
11158391.IV.T1243..HH,11158391,1776,17.76,1737.0,17.37,0.39000000000000057,True
11158391.IV.T1243..HN,11158391,1730,17.3,1733.0,17.330000000000002,0.030000000000001137,True
11158391.IV.T1244..EH,11158391,1805,18.05,1784.0,17.84,0.21000000000000085,True
11158391.IV.T1244..HN,11158391,1807,18.07,1811.0,18.11,0.03999999999999915,True
11158391.IV.T1245..HH,11158391,2017,20.17,1002.0,10.02,10.150000000000002,True
11158391.IV.T1245..HN,11158391,1927,19.27,1948.0,19.48,0.21000000000000085,True
11158391.IV.T1246..HH,11158391,2019,20.19,1964.0,19.64,0.5500000000000007,True
11158391.IV.T1247..HH,11158391,2051,20.51,2043.0,20.43,0.08000000000000185,True
11158391.IV.T1256..HH,11158391,1894,18.94,1891.0,18.91,0.030000000000001137,True
11158391.IV.T1256..HN,11158391,1839,18.39,1897.0,18.97,0.5799999999999983,True
11158391.IV.T1299..EH,11158391,1962,19.62,1244.0,12.44,7.1800000000000015,True
11158391.IV.T1299..HN,11158391,1891,18.91,1892.0,18.92,0.010000000000001563,True
11158391.IV.TERO..HH,11158391,1957,19.57,1914.0,19.14,0.4299999999999997,True
11158391.IV.TERO..HN,11158391,1966,19.66,1954.0,19.54,0.120000000000001,True
11158391.IV.TOLF..HH,11158391,1923,19.23,1991.0,19.91,0.6799999999999997,True
11158391.IV.VCEL..EH,11158391,1946,19.46,1933.0,19.330000000000002,0.129999999999999,True
11158781.IV.CSP1..EH,11158781,1588,15.88,1595.0,15.950000000000001,0.07000000000000028,True
11158781.IV.EL6..EH,11158781,1857,18.57,1886.0,18.86,0.28999999999999915,True
11158781.IV.FDMO..HH,11158781,1912,19.12,1909.0,19.09,0.030000000000001137,True
11158781.IV.LNSS..HH,11158781,1920,19.2,1921.0,19.21,0.010000000000001563,True
11158781.IV.MMO1..EH,11158781,1994,19.94,2000.0,20.0,0.05999999999999872,True
11158781.IV.MMO1..HN,11158781,1982,19.82,,,,False
11158781.IV.RM33..EH,11158781,2010,20.1,2022.0,20.22,0.11999999999999744,True
11158781.IV.RM33..HN,11158781,1882,18.82,2060.0,20.6,1.7800000000000011,True
11158781.IV.T1211..EH,11158781,3593,35.93,3593.0,35.93,0.0,True
11158781.IV.T1211..HN,11158781,2202,22.02,2250.0,22.5,0.4800000000000004,True
11158781.IV.T1215..EH,11158781,1839,18.39,1846.0,18.46,0.07000000000000028,True
11158781.IV.T1215..HN,11158781,5731,57.31,6261.0,62.61,5.299999999999997,True
11158781.IV.T1218..EH,11158781,1994,19.94,2004.0,20.04,0.09999999999999787,True
11158781.IV.T1218..HN,11158781,4777,47.77,4790.0,47.9,0.12999999999999545,True
11158781.IV.T1219..EH,11158781,2211,22.11,1115.0,11.15,10.959999999999999,True
11158781.IV.T1219..HN,11158781,3556,35.56,3584.0,35.84,0.28000000000000114,True
11158781.IV.T1241..EH,11158781,1614,16.14,1666.0,16.66,0.5199999999999996,True
11158781.IV.T1243..HH,11158781,2054,20.54,2054.0,20.54,0.0,True
11158781.IV.T1243..HN,11158781,1968,19.68,1971.0,19.71,0.030000000000001137,True
11158781.IV.T1245..HH,11158781,1895,18.95,1899.0,18.990000000000002,0.0400000000000027,True
11158781.IV.T1245..HN,11158781,1814,18.14,1948.0,19.48,1.3399999999999999,True
11158781.IV.TERO..HH,11158781,1862,18.62,1861.0,18.61,0.010000000000001563,True
11158781.IV.TERO..HN,11158781,2032,20.32,2034.0,20.34,0.019999999999999574,True
1115921.SI.ABSI..HH,1115921,2053,20.53,2082.0,20.82,0.28999999999999915,True
1115921.IV.APPI..EH,1115921,1909,19.09,1947.0,19.47,0.379999999999999,True
1115921.IV.BOTT..HN,1115921,2214,22.14,2099.0,20.990000000000002,1.1499999999999986,True
1115921.IV.BRMO..HH,1115921,1807,18.07,1874.0,18.740000000000002,0.6700000000000017,True
1115921.NI.CGRP..HH,1115921,1968,19.68,1984.0,19.84,0.16000000000000014,True
1115921.SI.KOSI..HH,1115921,1987,19.87,2012.0,20.12,0.25,True
1115921.IV.MAGA..HH,1115921,1787,17.87,1766.0,17.66,0.21000000000000085,True
1115921.IV.MDI..HH,1115921,1471,14.71,1535.0,15.35,0.6399999999999988,True
1115921.IV.MDI..HN,1115921,1457,14.57,1581.0,15.81,1.2400000000000002,True
1115921.IV.MSSA..HH,1115921,2399,23.990000000000002,2325.0,23.25,0.740000000000002,True
1115921.SI.RISI..HH,1115921,1867,18.67,1378.0,13.780000000000001,4.890000000000001,True
1115921.SI.ROSI..HH,1115921,1927,19.27,1943.0,19.43,0.16000000000000014,True
1115921.IV.SALO..HH,1115921,1657,16.57,1615.0,16.15,0.4200000000000017,True
1115921.IV.TEOL..HH,1115921,2075,20.75,2065.0,20.650000000000002,0.09999999999999787,True
1115921.IV.VARE..HH,1115921,2182,21.82,2225.0,22.25,0.4299999999999997,True
1115921.IV.VOBA..HN,1115921,1848,18.48,1622.0,16.22,2.2600000000000016,True
1116011.NI.ACOM..HH,1116011,2133,21.330000000000002,2121.0,21.21,0.120000000000001,True
1116011.RF.GEPF..HH,1116011,1695,16.95,1712.0,17.12,0.1700000000000017,True
1116011.IV.PTCC..HH,1116011,1867,18.67,1870.0,18.7,0.029999999999997584,True
1116011.NI.SABO..HH,1116011,1620,16.2,1619.0,16.19,0.00999999999999801,True
1116011.IV.STAL..HH,1116011,1652,16.52,1669.0,16.69,0.1700000000000017,True
1116011.IV.STAL..HN,1116011,1549,15.49,1600.0,16.0,0.5099999999999998,True
1116011.NI.VINO..HH,1116011,1778,17.78,1769.0,17.69,0.08999999999999986,True
11162361.IV.CESI..HH,11162361,1712,17.12,1277.0,12.77,4.350000000000001,True
11162361.IV.LNSS..HH,11162361,1614,16.14,1621.0,16.21,0.07000000000000028,True
11162361.IV.MC2..EH,11162361,1664,16.64,1668.0,16.68,0.03999999999999915,True
11162361.IV.MMO1..HN,11162361,1569,15.69,1580.0,15.8,0.11000000000000121,True
11162361.IV.T1216..EH,11162361,2148,21.48,2180.0,21.8,0.3200000000000003,True
11162361.IV.T1216..HN,11162361,1864,18.64,1894.0,18.94,0.3000000000000007,True
11162361.IV.T1218..EH,11162361,1693,16.93,1694.0,16.94,0.010000000000001563,True
11162361.IV.T1218..HN,11162361,3689,36.89,3689.0,36.89,0.0,True
11162361.IV.T1241..EH,11162361,2026,20.26,999.0,9.99,10.270000000000001,True
11162361.IV.T1241..HN,11162361,2007,20.07,1002.0,10.02,10.05,True
11162361.IV.T1243..HH,11162361,1978,19.78,2028.0,20.28,0.5,True
11162361.IV.T1245..HH,11162361,2032,20.32,1498.0,14.98,5.34,True
11162361.IV.T1245..HN,11162361,1803,18.03,1259.0,12.59,5.440000000000001,True
11162361.IV.T1256..HH,11162361,2132,21.32,2147.0,21.47,0.14999999999999858,True
11162361.IV.T1256..HN,11162361,2021,20.21,1440.0,14.4,5.8100000000000005,True
1116271.IV.ASSB..HH,1116271,2025,20.25,2038.0,20.38,0.129999999999999,True
1116271.IV.CESI..HH,1116271,1867,18.67,1871.0,18.71,0.03999999999999915,True
1116271.IV.MOMA..HH,1116271,1728,17.28,1761.0,17.61,0.3299999999999983,True
1116271.IV.MOMA..HN,1116271,1757,17.57,2135.0,21.35,3.780000000000001,True
11163921.MN.AQU..HH,11163921,1900,19.0,1993.0,19.93,0.9299999999999997,True
11163921.MN.AQU..HL,11163921,1998,19.98,1392.0,13.92,6.0600000000000005,True
11163921.IV.ARRO..EH,11163921,1723,17.23,1725.0,17.25,0.019999999999999574,True
11163921.IV.ARVD..HH,11163921,2065,20.650000000000002,2089.0,20.89,0.23999999999999844,True
11163921.IV.ATCC..EH,11163921,2010,20.1,2023.0,20.23,0.129999999999999,True
11163921.IV.ATCC..HN,11163921,1926,19.26,1962.0,19.62,0.35999999999999943,True
11163921.IV.ATFO..HH,11163921,1727,17.27,1736.0,17.36,0.08999999999999986,True
11163921.IV.ATFO..HN,11163921,1787,17.87,1873.0,18.73,0.8599999999999994,True
11163921.IV.ATVO..HH,11163921,1911,19.11,1947.0,19.47,0.35999999999999943,True
11163921.IV.ATVO..HN,11163921,1917,19.17,,,,False
11163921.IV.CAFI..HH,11163921,2192,21.92,999.0,9.99,11.930000000000001,True
11163921.IV.CAFI..HN,11163921,2307,23.07,2351.0,23.51,0.4400000000000013,True
11163921.IV.CAMP..HH,11163921,1845,18.45,1855.0,18.55,0.10000000000000142,True
11163921.IV.CERT..HH,11163921,1898,18.98,1082.0,10.82,8.16,True
11163921.IV.CESI..HH,11163921,1641,16.41,1631.0,16.31,0.10000000000000142,True
11163921.IV.CESX..HH,11163921,2080,20.8,2100.0,21.0,0.1999999999999993,True
11163921.IV.CING..HH,11163921,1819,18.19,1844.0,18.44,0.25,True
11163921.IV.CSP1..EH,11163921,1659,16.59,1660.0,16.6,0.010000000000001563,True
11163921.IV.FAGN..HH,11163921,1591,15.91,1703.0,17.03,1.120000000000001,True
11163921.IV.FDMO..HH,11163921,1876,18.76,1721.0,17.21,1.5500000000000007,True
11163921.IV.FEMA..HN,11163921,1941,19.41,1940.0,19.400000000000002,0.00999999999999801,True
11163921.IV.FIAM..HH,11163921,1776,17.76,1777.0,17.77,0.00999999999999801,True
11163921.IV.FIAM..HN,11163921,1761,17.61,1773.0,17.73,0.120000000000001,True
11163921.IV.FOSV..EH,11163921,1590,15.9,1620.0,16.2,0.29999999999999893,True
11163921.IV.FRON..EH,11163921,2014,20.14,2043.0,20.43,0.28999999999999915,True
11163921.IV.FSSB..HH,11163921,1600,16.0,1662.0,16.62,0.620000000000001,True
11163921.IV.GUMA..HH,11163921,1782,17.82,1781.0,17.81,0.010000000000001563,True
11163921.IV.GUMA..HN,11163921,1795,17.95,1797.0,17.97,0.019999999999999574,True
11163921.IV.LNSS..HH,11163921,1939,19.39,1919.0,19.19,0.1999999999999993,True
11163921.IV.MC2..EH,11163921,1786,17.86,1768.0,17.68,0.17999999999999972,True
11163921.IV.MGAB..HH,11163921,2028,20.28,2065.0,20.650000000000002,0.370000000000001,True
11163921.IV.MGAB..HN,11163921,2232,22.32,2270.0,22.7,0.379999999999999,True
11163921.IV.MMO1..EH,11163921,1977,19.77,1949.0,19.490000000000002,0.2799999999999976,True
11163921.IV.MMO1..HN,11163921,1976,19.76,1973.0,19.73,0.030000000000001137,True
11163921.IV.MOMA..HH,11163921,1730,17.3,1752.0,17.52,0.21999999999999886,True
11163921.IV.MOMA..HN,11163921,1662,16.62,1691.0,16.91,0.28999999999999915,True
11163921.IV.MPAG..EH,11163921,2305,23.05,1032.0,10.32,12.73,True
11163921.IV.MPAG..HN,11163921,2099,20.990000000000002,2653.0,26.53,5.539999999999999,True
11163921.IV.MTCE..HH,11163921,1682,16.82,1832.0,18.32,1.5,True
11163921.IV.MURB..HH,11163921,2129,21.29,2150.0,21.5,0.21000000000000085,True
11163921.IV.MURB..HN,11163921,1980,19.8,1343.0,13.43,6.370000000000001,True
11163921.IV.OFFI..HH,11163921,1809,18.09,1813.0,18.13,0.03999999999999915,True
11163921.IV.PIEI..HH,11163921,1723,17.23,1798.0,17.98,0.75,True
11163921.IV.PIEI..HN,11163921,1703,17.03,1993.0,19.93,2.8999999999999986,True
11163921.IV.PP3..EH,11163921,1962,19.62,1964.0,19.64,0.019999999999999574,True
11163921.IV.PP3..HN,11163921,1891,18.91,1908.0,19.080000000000002,0.1700000000000017,True
11163921.IV.RM33..EH,11163921,1821,18.21,1817.0,18.17,0.03999999999999915,True
11163921.IV.RM33..HN,11163921,1725,17.25,1743.0,17.43,0.17999999999999972,True
11163921.IV.SACS..HH,11163921,1716,17.16,1723.0,17.23,0.07000000000000028,True
11163921.IV.SACS..HN,11163921,1746,17.46,,,,False
11163921.IV.SEF1..HN,11163921,1912,19.12,1948.0,19.48,0.35999999999999943,True
11163921.IV.SMA1..EH,11163921,1941,19.41,1942.0,19.42,0.010000000000001563,True
11163921.IV.SNTG..HH,11163921,1998,19.98,2013.0,20.13,0.14999999999999858,True
11163921.IV.SNTG..HN,11163921,2025,20.25,2049.0,20.490000000000002,0.240000000000002,True
11163921.IV.SRES..HH,11163921,1957,19.57,2039.0,20.39,0.8200000000000003,True
11163921.IV.SSFR..HH,11163921,1569,15.69,1612.0,16.12,0.4300000000000015,True
11163921.IV.SSFR..HN,11163921,1518,15.18,1597.0,15.97,0.7900000000000009,True
11163921.IV.T0110..HH,11163921,1721,17.21,1769.0,17.69,0.4800000000000004,True
11163921.IV.T1201..HN,11163921,2142,21.42,2136.0,21.36,0.060000000000002274,True
11163921.IV.T1202..EH,11163921,1987,19.87,1967.0,19.67,0.1999999999999993,True
11163921.IV.T1204..EH,11163921,1917,19.17,1908.0,19.080000000000002,0.08999999999999986,True
11163921.IV.T1212..EH,11163921,2156,21.56,2121.0,21.21,0.34999999999999787,True
11163921.IV.T1212..HN,11163921,2639,26.39,2614.0,26.14,0.25,True
11163921.IV.T1213..EH,11163921,2471,24.71,2443.0,24.43,0.28000000000000114,True
11163921.IV.T1213..HN,11163921,1857,18.57,1847.0,18.47,0.10000000000000142,True
11163921.IV.T1215..EH,11163921,2036,20.36,2013.0,20.13,0.23000000000000043,True
11163921.IV.T1215..HN,11163921,2790,27.900000000000002,2785.0,27.85,0.05000000000000071,True
11163921.IV.T1216..EH,11163921,1839,18.39,1827.0,18.27,0.120000000000001,True
11163921.IV.T1216..HN,11163921,2967,29.67,2959.0,29.59,0.08000000000000185,True
11163921.IV.T1217..EH,11163921,2170,21.7,2144.0,21.44,0.259999999999998,True
11163921.IV.T1217..HN,11163921,5250,52.5,999.0,9.99,42.51,True
11163921.IV.T1218..EH,11163921,1516,15.16,1480.0,14.8,0.35999999999999943,True
11163921.IV.T1218..HN,11163921,2814,28.14,2790.0,27.900000000000002,0.23999999999999844,True
11163921.IV.T1219..EH,11163921,2807,28.07,2813.0,28.13,0.05999999999999872,True
11163921.IV.T1219..HN,11163921,3679,36.79,1309.0,13.09,23.7,True
11163921.IV.T1241..EH,11163921,1558,15.58,1540.0,15.4,0.17999999999999972,True
11163921.IV.T1241..HN,11163921,1597,15.97,1598.0,15.98,0.009999999999999787,True
11163921.IV.T1243..HH,11163921,1694,16.94,1686.0,16.86,0.08000000000000185,True
11163921.IV.T1243..HN,11163921,1536,15.36,1535.0,15.35,0.009999999999999787,True
11163921.IV.T1244..EH,11163921,1932,19.32,1894.0,18.94,0.379999999999999,True
11163921.IV.T1244..HN,11163921,1977,19.77,1954.0,19.54,0.23000000000000043,True
11163921.IV.T1245..HH,11163921,1721,17.21,1687.0,16.87,0.33999999999999986,True
11163921.IV.T1245..HN,11163921,1782,17.82,1766.0,17.66,0.16000000000000014,True
11163921.IV.T1247..HH,11163921,1809,18.09,1832.0,18.32,0.23000000000000043,True
11163921.IV.T1256..HH,11163921,1866,18.66,1850.0,18.5,0.16000000000000014,True
11163921.IV.T1256..HN,11163921,1746,17.46,1744.0,17.44,0.019999999999999574,True
11163921.IV.T1299..EH,11163921,1755,17.55,1757.0,17.57,0.019999999999999574,True
11163921.IV.T1299..HN,11163921,1635,16.35,1642.0,16.42,0.07000000000000028,True
11163921.IV.TERO..HH,11163921,1568,15.68,1573.0,15.73,0.05000000000000071,True
11163921.IV.VCEL..EH,11163921,1930,19.3,1953.0,19.53,0.23000000000000043,True
1116741.MN.AQU..HH,1116741,1989,19.89,1989.0,19.89,0.0,True
1116741.MN.AQU..HL,1116741,2215,22.150000000000002,2227.0,22.27,0.11999999999999744,True
1116741.IV.CAMP..HH,1116741,1710,17.1,1700.0,17.0,0.10000000000000142,True
1116741.IV.FAGN..HH,1116741,2129,21.29,2133.0,21.330000000000002,0.0400000000000027,True
1116741.IV.FIAM..HH,1116741,1812,18.12,1807.0,18.07,0.05000000000000071,True
1116741.IV.FIAM..HN,1116741,2194,21.94,2201.0,22.01,0.07000000000000028,True
1116741.IV.INTR..HH,1116741,1803,18.03,1808.0,18.080000000000002,0.05000000000000071,True
1116741.IV.PTQR..HH,1116741,1898,18.98,1100.0,11.0,7.98,True
1116741.IV.T0104..HH,1116741,1693,16.93,1678.0,16.78,0.14999999999999858,True
1116741.IV.T0104..HN,1116741,1821,18.21,1814.0,18.14,0.07000000000000028,True
1116741.IV.VVLD..HH,1116741,1823,18.23,1827.0,18.27,0.03999999999999915,True
11167971.IV.ARRO..EH,11167971,1842,18.42,1844.0,18.44,0.019999999999999574,True
11167971.IV.CAMP..HH,11167971,1921,19.21,1021.0,10.21,9.0,True
11167971.IV.CESI..HH,11167971,1986,19.86,999.0,9.99,9.87,True
11167971.IV.GIGS..HH,11167971,1893,18.93,1202.0,12.02,6.91,True
11167971.IV.LNSS..HH,11167971,1993,19.93,1061.0,10.61,9.32,True
11167971.IV.MMO1..EH,11167971,1778,17.78,1596.0,15.96,1.8200000000000003,True
11167971.IV.MMO1..HN,11167971,1786,17.86,1782.0,17.82,0.03999999999999915,True
11167971.IV.RM33..EH,11167971,1780,17.8,1027.0,10.27,7.530000000000001,True
11167971.IV.RM33..HN,11167971,1784,17.84,1801.0,18.01,0.1700000000000017,True
11167971.IV.SMA1..EH,11167971,1887,18.87,999.0,9.99,8.88,True
11167971.IV.T1211..EH,11167971,2549,25.490000000000002,1836.0,18.36,7.130000000000003,True
11167971.IV.T1211..HN,11167971,2699,26.990000000000002,2739.0,27.39,0.3999999999999986,True
11167971.IV.T1215..EH,11167971,3190,31.900000000000002,1271.0,12.71,19.19,True
11167971.IV.T1215..HN,11167971,3606,36.06,3357.0,33.57,2.490000000000002,True
11167971.IV.T1216..EH,11167971,3335,33.35,1576.0,15.76,17.590000000000003,True
11167971.IV.T1216..HN,11167971,5422,54.22,3766.0,37.660000000000004,16.559999999999995,True
11167971.IV.T1218..EH,11167971,3268,32.68,1136.0,11.36,21.32,True
11167971.IV.T1218..HN,11167971,2764,27.64,1835.0,18.35,9.29,True
11167971.IV.T1243..HH,11167971,1918,19.18,1930.0,19.3,0.120000000000001,True
11167971.IV.T1243..HN,11167971,1987,19.87,2006.0,20.06,0.18999999999999773,True
11167971.IV.T1245..HH,11167971,1964,19.64,1913.0,19.13,0.5100000000000016,True
11167971.IV.T1245..HN,11167971,1918,19.18,1917.0,19.17,0.00999999999999801,True
11167971.IV.T1247..HH,11167971,1637,16.37,1093.0,10.93,5.440000000000001,True
11167971.IV.T1256..HH,11167971,1778,17.78,1801.0,18.01,0.23000000000000043,True
11167971.IV.T1256..HN,11167971,1789,17.89,1838.0,18.38,0.48999999999999844,True
11167971.IV.TERO..HH,11167971,1745,17.45,1756.0,17.56,0.10999999999999943,True
11167971.IV.VCEL..EH,11167971,1817,18.17,1823.0,18.23,0.05999999999999872,True
11172651.IV.AOI..HH,11172651,1855,18.55,1833.0,18.330000000000002,0.21999999999999886,True
11172651.IV.ARVD..HH,11172651,1766,17.66,1703.0,17.03,0.629999999999999,True
11172651.IV.ATCC..EH,11172651,2183,21.830000000000002,2189.0,21.89,0.05999999999999872,True
11172651.IV.ATCC..HN,11172651,2105,21.05,2151.0,21.51,0.46000000000000085,True
11172651.IV.ATPI..EH,11172651,1700,17.0,1700.0,17.0,0.0,True
11172651.IV.BADI..EH,11172651,1978,19.78,2015.0,20.150000000000002,0.370000000000001,True
11172651.IV.CAMP..HH,11172651,1907,19.07,1895.0,18.95,0.120000000000001,True
11172651.IV.CESI..HH,11172651,1764,17.64,1750.0,17.5,0.14000000000000057,True
11172651.IV.CESX..HH,11172651,1771,17.71,1787.0,17.87,0.16000000000000014,True
11172651.IV.CING..HH,11172651,1832,18.32,1840.0,18.400000000000002,0.08000000000000185,True
11172651.IV.CSP1..EH,11172651,1953,19.53,1940.0,19.400000000000002,0.129999999999999,True
11172651.IV.EL6..EH,11172651,1744,17.44,1738.0,17.38,0.060000000000002274,True
11172651.IV.FAGN..HH,11172651,1950,19.5,1993.0,19.93,0.4299999999999997,True
11172651.IV.FDMO..HH,11172651,1635,16.35,1550.0,15.5,0.8500000000000014,True
11172651.IV.FEMA..HN,11172651,1996,19.96,1995.0,19.95,0.010000000000001563,True
11172651.IV.FIAM..HH,11172651,1994,19.94,1544.0,15.44,4.500000000000002,True
11172651.IV.FIAM..HN,11172651,2028,20.28,1904.0,19.04,1.240000000000002,True
11172651.IV.FIU1..HN,11172651,1903,19.03,2507.0,25.07,6.039999999999999,True
11172651.IV.FOSV..EH,11172651,1967,19.67,1621.0,16.21,3.460000000000001,True
11172651.IV.FOSV..HN,11172651,1945,19.45,1967.0,19.67,0.22000000000000242,True
11172651.IV.FRON..EH,11172651,1948,19.48,1946.0,19.46,0.019999999999999574,True
11172651.IV.FSSB..HH,11172651,1814,18.14,1816.0,18.16,0.019999999999999574,True
11172651.IV.GIGS..HH,11172651,2052,20.52,2061.0,20.61,0.08999999999999986,True
11172651.IV.GUMA..HH,11172651,1555,15.55,1552.0,15.52,0.030000000000001137,True
11172651.IV.GUMA..HN,11172651,1549,15.49,1555.0,15.55,0.0600000000000005,True
11172651.IV.INTR..HH,11172651,1946,19.46,1957.0,19.57,0.10999999999999943,True
11172651.IV.INTR..HN,11172651,1836,18.36,,,,False
11172651.IV.LNSS..HH,11172651,2066,20.66,2029.0,20.29,0.370000000000001,True
11172651.IV.MC2..EH,11172651,1720,17.2,1670.0,16.7,0.5,True
11172651.IV.MDAR..HN,11172651,1652,16.52,1657.0,16.57,0.05000000000000071,True
11172651.IV.MGAB..HN,11172651,1678,16.78,1824.0,18.240000000000002,1.4600000000000009,True
11172651.IV.MMO1..EH,11172651,1934,19.34,1941.0,19.41,0.07000000000000028,True
11172651.IV.MMO1..HN,11172651,1720,17.2,1734.0,17.34,0.14000000000000057,True
11172651.IV.MNTP..HN,11172651,1537,15.370000000000001,1542.0,15.42,0.049999999999998934,True
11172651.IV.MPAG..EH,11172651,1868,18.68,1872.0,18.72,0.03999999999999915,True
11172651.IV.MPAG..HN,11172651,1764,17.64,11976.0,119.76,102.12,True
11172651.IV.MURB..HH,11172651,1595,15.950000000000001,1630.0,16.3,0.34999999999999964,True
11172651.IV.MURB..HN,11172651,1589,15.89,2001.0,20.01,4.120000000000001,True
11172651.IV.OFFI..HH,11172651,1725,17.25,1720.0,17.2,0.05000000000000071,True
11172651.IV.PIEI..HH,11172651,1914,19.14,1913.0,19.13,0.010000000000001563,True
11172651.IV.PIEI..HN,11172651,1623,16.23,1725.0,17.25,1.0199999999999996,True
11172651.IV.PIO1..HN,11172651,1709,17.09,1738.0,17.38,0.28999999999999915,True
11172651.IV.PP3..EH,11172651,1673,16.73,1706.0,17.06,0.3299999999999983,True
11172651.IV.PP3..HN,11172651,1661,16.61,1701.0,17.01,0.40000000000000213,True
11172651.IV.RM33..EH,11172651,2090,20.900000000000002,2084.0,20.84,0.060000000000002274,True
11172651.IV.RM33..HN,11172651,1789,17.89,1811.0,18.11,0.21999999999999886,True
11172651.IV.SEF1..HN,11172651,1950,19.5,1954.0,19.54,0.03999999999999915,True
11172651.IV.SMA1..EH,11172651,1800,18.0,1793.0,17.93,0.07000000000000028,True
11172651.IV.SNTG..HH,11172651,1686,16.86,1685.0,16.85,0.00999999999999801,True
11172651.IV.SNTG..HN,11172651,1746,17.46,1763.0,17.63,0.16999999999999815,True
11172651.IV.SSM1..HN,11172651,1718,17.18,1730.0,17.3,0.120000000000001,True
11172651.IV.T0110..HH,11172651,1819,18.19,999.0,9.99,8.200000000000001,True
11172651.IV.T1201..HN,11172651,1861,18.61,1849.0,18.490000000000002,0.11999999999999744,True
11172651.IV.T1202..EH,11172651,1621,16.21,1607.0,16.07,0.14000000000000057,True
11172651.IV.T1204..EH,11172651,1814,18.14,1796.0,17.96,0.17999999999999972,True
11172651.IV.T1211..EH,11172651,2813,28.13,2819.0,28.19,0.060000000000002274,True
11172651.IV.T1211..HN,11172651,4499,44.99,4569.0,45.69,0.6999999999999957,True
11172651.IV.T1212..EH,11172651,2578,25.78,999.0,9.99,15.790000000000001,True
11172651.IV.T1212..HN,11172651,1937,19.37,1909.0,19.09,0.28000000000000114,True
11172651.IV.T1213..EH,11172651,3068,30.68,3058.0,30.580000000000002,0.09999999999999787,True
11172651.IV.T1213..HN,11172651,2576,25.76,2576.0,25.76,0.0,True
11172651.IV.T1215..EH,11172651,2281,22.81,2256.0,22.56,0.25,True
11172651.IV.T1215..HN,11172651,1946,19.46,1947.0,19.47,0.00999999999999801,True
11172651.IV.T1216..EH,11172651,2423,24.23,2406.0,24.060000000000002,0.16999999999999815,True
11172651.IV.T1216..HN,11172651,1661,16.61,1660.0,16.6,0.00999999999999801,True
11172651.IV.T1217..EH,11172651,2497,24.97,999.0,9.99,14.979999999999999,True
11172651.IV.T1217..HN,11172651,2193,21.93,2220.0,22.2,0.2699999999999996,True
11172651.IV.T1218..EH,11172651,1948,19.48,1903.0,19.03,0.4499999999999993,True
11172651.IV.T1218..HN,11172651,2213,22.13,2203.0,22.03,0.09999999999999787,True
11172651.IV.T1219..EH,11172651,3322,33.22,1885.0,18.85,14.369999999999997,True
11172651.IV.T1219..HN,11172651,2907,29.07,2321.0,23.21,5.859999999999999,True
11172651.IV.T1221..EH,11172651,3210,32.1,1317.0,13.17,18.93,True
11172651.IV.T1221..HN,11172651,1736,17.36,1119.0,11.19,6.17,True
11172651.IV.T1241..EH,11172651,1880,18.8,1853.0,18.53,0.2699999999999996,True
11172651.IV.T1241..HN,11172651,1919,19.19,1924.0,19.240000000000002,0.05000000000000071,True
11172651.IV.T1243..HH,11172651,1818,18.18,1814.0,18.14,0.03999999999999915,True
11172651.IV.T1243..HN,11172651,1597,15.97,1605.0,16.05,0.08000000000000007,True
11172651.IV.T1244..EH,11172651,1894,18.94,1849.0,18.490000000000002,0.4499999999999993,True
11172651.IV.T1244..HN,11172651,1628,16.28,1625.0,16.25,0.030000000000001137,True
11172651.IV.T1245..HH,11172651,1817,18.17,1775.0,17.75,0.4200000000000017,True
11172651.IV.T1245..HN,11172651,1795,17.95,1783.0,17.830000000000002,0.11999999999999744,True
11172651.IV.T1246..HH,11172651,1780,17.8,1759.0,17.59,0.21000000000000085,True
11172651.IV.T1247..HH,11172651,1723,17.23,1724.0,17.240000000000002,0.010000000000001563,True
11172651.IV.T1256..HH,11172651,2051,20.51,2014.0,20.14,0.370000000000001,True
11172651.IV.T1299..EH,11172651,1996,19.96,1972.0,19.72,0.240000000000002,True
11172651.IV.T1299..HN,11172651,2057,20.57,2063.0,20.63,0.05999999999999872,True
11172651.IV.VCEL..EH,11172651,1964,19.64,1421.0,14.21,5.43,True
11172751.IV.ARRO..EH,11172751,1959,19.59,1974.0,19.740000000000002,0.15000000000000213,True
11172751.IV.ARVD..HH,11172751,1987,19.87,1559.0,15.59,4.280000000000001,True
11172751.IV.ATCC..EH,11172751,1592,15.92,1602.0,16.02,0.09999999999999964,True
11172751.IV.ATVO..HH,11172751,1727,17.27,1760.0,17.6,0.33000000000000185,True
11172751.IV.ATVO..HN,11172751,1741,17.41,,,,False
11172751.IV.CAFI..HH,11172751,1995,19.95,2013.0,20.13,0.17999999999999972,True
11172751.IV.CAFI..HN,11172751,1832,18.32,1992.0,19.92,1.6000000000000014,True
11172751.IV.CAMP..HH,11172751,1558,15.58,1562.0,15.620000000000001,0.040000000000000924,True
11172751.IV.CESI..HH,11172751,2077,20.77,2054.0,20.54,0.23000000000000043,True
11172751.IV.CESX..HH,11172751,1916,19.16,1986.0,19.86,0.6999999999999993,True
11172751.IV.CING..HH,11172751,1617,16.17,1627.0,16.27,0.09999999999999787,True
11172751.IV.CSP1..EH,11172751,1557,15.57,1532.0,15.32,0.25,True
11172751.IV.EL6..EH,11172751,1703,17.03,1713.0,17.13,0.09999999999999787,True
11172751.IV.FAGN..HH,11172751,1821,18.21,1870.0,18.7,0.48999999999999844,True
11172751.IV.FDMO..HH,11172751,1764,17.64,1746.0,17.46,0.17999999999999972,True
11172751.IV.FEMA..HN,11172751,1589,15.89,1590.0,15.9,0.009999999999999787,True
11172751.IV.FIAM..HH,11172751,1889,18.89,1914.0,19.14,0.25,True
11172751.IV.FIAM..HN,11172751,1912,19.12,1940.0,19.400000000000002,0.28000000000000114,True
11172751.IV.FSSB..HH,11172751,1689,16.89,1738.0,17.38,0.48999999999999844,True
11172751.IV.GUMA..HH,11172751,2124,21.240000000000002,2125.0,21.25,0.00999999999999801,True
11172751.IV.GUMA..HN,11172751,2014,20.14,2018.0,20.18,0.03999999999999915,True
11172751.IV.LNSS..HH,11172751,1764,17.64,1769.0,17.69,0.05000000000000071,True
11172751.IV.MC2..EH,11172751,1996,19.96,1596.0,15.96,4.0,True
11172751.IV.MGAB..HN,11172751,1798,17.98,1939.0,19.39,1.4100000000000001,True
11172751.IV.MPAG..EH,11172751,1984,19.84,2017.0,20.17,0.33000000000000185,True
11172751.IV.MPAG..HN,11172751,2052,20.52,,,,False
11172751.IV.MURB..HH,11172751,1625,16.25,1644.0,16.44,0.19000000000000128,True
11172751.IV.MURB..HN,11172751,1596,15.96,2728.0,27.28,11.32,True
11172751.IV.OFFI..HH,11172751,1584,15.84,1583.0,15.83,0.009999999999999787,True
11172751.IV.RM33..EH,11172751,2179,21.79,2177.0,21.77,0.019999999999999574,True
11172751.IV.RM33..HN,11172751,1993,19.93,2056.0,20.56,0.629999999999999,True
11172751.IV.SMA1..EH,11172751,1732,17.32,1736.0,17.36,0.03999999999999915,True
11172751.IV.SNTG..HH,11172751,1739,17.39,1743.0,17.43,0.03999999999999915,True
11172751.IV.SNTG..HN,11172751,1730,17.3,1753.0,17.53,0.23000000000000043,True
11172751.IV.T0110..HH,11172751,1930,19.3,1942.0,19.42,0.120000000000001,True
11172751.IV.T1202..EH,11172751,1916,19.16,1919.0,19.19,0.030000000000001137,True
11172751.IV.T1211..EH,11172751,1878,18.78,1904.0,19.04,0.259999999999998,True
11172751.IV.T1211..HN,11172751,2259,22.59,2317.0,23.17,0.5800000000000018,True
11172751.IV.T1212..EH,11172751,4469,44.69,3247.0,32.47,12.219999999999999,True
11172751.IV.T1212..HN,11172751,1903,19.03,1906.0,19.06,0.029999999999997584,True
11172751.IV.T1213..EH,11172751,2686,26.86,2690.0,26.900000000000002,0.0400000000000027,True
11172751.IV.T1213..HN,11172751,3490,34.9,3495.0,34.95,0.05000000000000426,True
11172751.IV.T1215..EH,11172751,2051,20.51,2042.0,20.42,0.08999999999999986,True
11172751.IV.T1215..HN,11172751,4072,40.72,4079.0,40.79,0.07000000000000028,True
11172751.IV.T1216..EH,11172751,2300,23.0,2298.0,22.98,0.019999999999999574,True
11172751.IV.T1216..HN,11172751,2410,24.1,2412.0,24.12,0.019999999999999574,True
11172751.IV.T1217..EH,11172751,2060,20.6,1755.0,17.55,3.0500000000000007,True
11172751.IV.T1217..HN,11172751,3410,34.1,3222.0,32.22,1.8800000000000026,True
11172751.IV.T1218..EH,11172751,2210,22.1,1289.0,12.89,9.21,True
11172751.IV.T1218..HN,11172751,1950,19.5,1958.0,19.580000000000002,0.08000000000000185,True
11172751.IV.T1219..EH,11172751,2042,20.42,2045.0,20.45,0.029999999999997584,True
11172751.IV.T1219..HN,11172751,2642,26.42,2646.0,26.46,0.03999999999999915,True
11172751.IV.T1241..HN,11172751,1873,18.73,1872.0,18.72,0.010000000000001563,True
11172751.IV.T1243..HH,11172751,2048,20.48,1296.0,12.96,7.52,True
11172751.IV.T1243..HN,11172751,1935,19.35,1937.0,19.37,0.019999999999999574,True
11172751.IV.T1244..EH,11172751,1914,19.14,1883.0,18.830000000000002,0.3099999999999987,True
11172751.IV.T1244..HN,11172751,1727,17.27,1719.0,17.19,0.0799999999999983,True
11172751.IV.T1245..HH,11172751,1549,15.49,1506.0,15.06,0.4299999999999997,True
11172751.IV.T1245..HN,11172751,1547,15.47,1537.0,15.370000000000001,0.09999999999999964,True
11172751.IV.T1247..HH,11172751,1959,19.59,1988.0,19.88,0.28999999999999915,True
11172751.IV.T1256..HH,11172751,1705,17.05,1669.0,16.69,0.35999999999999943,True
11172751.IV.T1256..HN,11172751,1748,17.48,1749.0,17.490000000000002,0.010000000000001563,True
11172751.IV.VCEL..EH,11172751,1935,19.35,1943.0,19.43,0.0799999999999983,True
11174471.IV.AOI..HH,11174471,1700,17.0,1700.0,17.0,0.0,True
11174471.MN.AQU..HH,11174471,1828,18.28,1808.0,18.080000000000002,0.1999999999999993,True
11174471.MN.AQU..HL,11174471,2067,20.67,2024.0,20.240000000000002,0.4299999999999997,True
11174471.IV.ARRO..EH,11174471,1782,17.82,1777.0,17.77,0.05000000000000071,True
11174471.IV.ARVD..HH,11174471,1582,15.82,1584.0,15.84,0.019999999999999574,True
11174471.IV.ATFO..HH,11174471,1937,19.37,1934.0,19.34,0.030000000000001137,True
11174471.IV.ATFO..HN,11174471,1798,17.98,1806.0,18.06,0.0799999999999983,True
11174471.IV.ATLO..EH,11174471,2007,20.07,2003.0,20.03,0.03999999999999915,True
11174471.IV.ATLO..HN,11174471,2025,20.25,2045.0,20.45,0.1999999999999993,True
11174471.IV.ATSC..EH,11174471,1750,17.5,1739.0,17.39,0.10999999999999943,True
11174471.IV.ATVO..HH,11174471,1599,15.99,1580.0,15.8,0.1899999999999995,True
11174471.IV.ATVO..HN,11174471,1684,16.84,1700.0,17.0,0.16000000000000014,True
11174471.IV.CAMP..HH,11174471,1750,17.5,1693.0,16.93,0.5700000000000003,True
11174471.IV.CESX..HH,11174471,1668,16.68,1672.0,16.72,0.03999999999999915,True
11174471.IV.CING..HH,11174471,1834,18.34,1814.0,18.14,0.1999999999999993,True
11174471.IV.COR1..HN,11174471,1673,16.73,1744.0,17.44,0.7100000000000009,True
11174471.IV.CSP1..EH,11174471,1637,16.37,1562.0,15.620000000000001,0.75,True
11174471.IV.EL6..EH,11174471,1980,19.8,1939.0,19.39,0.41000000000000014,True
11174471.IV.FAGN..HH,11174471,1980,19.8,1985.0,19.85,0.05000000000000071,True
11174471.IV.FDMO..HH,11174471,1832,18.32,1760.0,17.6,0.7199999999999989,True
11174471.IV.FEMA..HN,11174471,1673,16.73,1649.0,16.490000000000002,0.23999999999999844,True
11174471.IV.FIAM..HH,11174471,1807,18.07,1694.0,16.94,1.129999999999999,True
11174471.IV.FIAM..HN,11174471,1845,18.45,1735.0,17.35,1.0999999999999979,True
11174471.IV.FIU1..HN,11174471,1817,18.17,1824.0,18.240000000000002,0.07000000000000028,True
11174471.IV.FOSV..EH,11174471,1742,17.42,1483.0,14.83,2.5900000000000016,True
11174471.IV.FRON..EH,11174471,1556,15.56,1523.0,15.23,0.33000000000000007,True
11174471.IV.GIGS..HH,11174471,1862,18.62,1854.0,18.54,0.08000000000000185,True
11174471.IV.GUMA..HH,11174471,1937,19.37,1896.0,18.96,0.41000000000000014,True
11174471.IV.GUMA..HN,11174471,1921,19.21,1906.0,19.06,0.15000000000000213,True
11174471.IV.LNSS..HH,11174471,1597,15.97,1539.0,15.39,0.5800000000000001,True
11174471.IV.MC2..EH,11174471,1616,16.16,1577.0,15.77,0.39000000000000057,True
11174471.IV.MDAR..HN,11174471,1837,18.37,1832.0,18.32,0.05000000000000071,True
11174471.IV.MMO1..EH,11174471,1871,18.71,999.0,9.99,8.72,True
11174471.IV.MMO1..HN,11174471,1923,19.23,1918.0,19.18,0.05000000000000071,True
11174471.IV.MMUR..HN,11174471,1692,16.92,1695.0,16.95,0.029999999999997584,True
11174471.IV.MOMA..HH,11174471,2060,20.6,999.0,9.99,10.610000000000001,True
11174471.IV.MOMA..HN,11174471,2012,20.12,2037.0,20.37,0.25,True
11174471.IV.MURB..HH,11174471,2000,20.0,1997.0,19.97,0.030000000000001137,True
11174471.IV.MURB..HN,11174471,1998,19.98,2030.0,20.3,0.3200000000000003,True
11174471.IV.OFFI..HH,11174471,1878,18.78,1881.0,18.81,0.029999999999997584,True
11174471.IV.PIO1..HN,11174471,1723,17.23,1728.0,17.28,0.05000000000000071,True
11174471.IV.PP3..EH,11174471,1632,16.32,1309.0,13.09,3.2300000000000004,True
11174471.IV.PP3..HN,11174471,1682,16.82,1358.0,13.58,3.24,True
11174471.IV.RM33..EH,11174471,2163,21.63,1032.0,10.32,11.309999999999999,True
11174471.IV.RM33..HN,11174471,2021,20.21,2026.0,20.26,0.05000000000000071,True
11174471.IV.SEF1..HN,11174471,1741,17.41,1745.0,17.45,0.03999999999999915,True
11174471.IV.SMA1..EH,11174471,1989,19.89,1935.0,19.35,0.5399999999999991,True
11174471.IV.SNTG..HH,11174471,1885,18.85,1835.0,18.35,0.5,True
11174471.IV.SNTG..HN,11174471,1932,19.32,1937.0,19.37,0.05000000000000071,True
11174471.IV.SSFR..HH,11174471,1632,16.32,1619.0,16.19,0.129999999999999,True
11174471.IV.SSFR..HN,11174471,1645,16.45,1648.0,16.48,0.030000000000001137,True
11174471.IV.SSM1..HN,11174471,1907,19.07,1586.0,15.860000000000001,3.209999999999999,True
11174471.IV.T0110..HH,11174471,1955,19.55,1923.0,19.23,0.3200000000000003,True
11174471.IV.T1201..HN,11174471,2113,21.13,2076.0,20.76,0.36999999999999744,True
11174471.IV.T1202..EH,11174471,2127,21.27,2081.0,20.81,0.46000000000000085,True
11174471.IV.T1204..EH,11174471,2132,21.32,2070.0,20.7,0.620000000000001,True
11174471.IV.T1211..EH,11174471,2639,26.39,2617.0,26.17,0.21999999999999886,True
11174471.IV.T1211..HN,11174471,3144,31.44,3146.0,31.46,0.019999999999999574,True
11174471.IV.T1212..EH,11174471,2056,20.56,1981.0,19.81,0.75,True
11174471.IV.T1212..HN,11174471,2860,28.6,2826.0,28.26,0.33999999999999986,True
11174471.IV.T1213..EH,11174471,1952,19.52,1935.0,19.35,0.16999999999999815,True
11174471.IV.T1213..HN,11174471,3207,32.07,3208.0,32.08,0.00999999999999801,True
11174471.IV.T1215..EH,11174471,4077,40.77,2228.0,22.28,18.490000000000002,True
11174471.IV.T1215..HN,11174471,3796,37.96,3787.0,37.87,0.09000000000000341,True
11174471.IV.T1216..EH,11174471,4093,40.93,4046.0,40.46,0.46999999999999886,True
11174471.IV.T1216..HN,11174471,2467,24.67,2447.0,24.47,0.20000000000000284,True
11174471.IV.T1217..EH,11174471,2587,25.87,2192.0,21.92,3.9499999999999993,True
11174471.IV.T1217..HN,11174471,2581,25.810000000000002,2572.0,25.72,0.09000000000000341,True
11174471.IV.T1218..EH,11174471,2037,20.37,1969.0,19.69,0.6799999999999997,True
11174471.IV.T1218..HN,11174471,2027,20.27,1997.0,19.97,0.3000000000000007,True
11174471.IV.T1219..EH,11174471,3509,35.09,1628.0,16.28,18.810000000000002,True
11174471.IV.T1219..HN,11174471,1984,19.84,1943.0,19.43,0.41000000000000014,True
11174471.IV.T1221..EH,11174471,1739,17.39,1690.0,16.9,0.490000000000002,True
11174471.IV.T1221..HN,11174471,2770,27.7,2773.0,27.73,0.030000000000001137,True
11174471.IV.T1241..EH,11174471,1753,17.53,1707.0,17.07,0.46000000000000085,True
11174471.IV.T1243..HH,11174471,1923,19.23,1867.0,18.67,0.5599999999999987,True
11174471.IV.T1243..HN,11174471,1889,18.89,1876.0,18.76,0.129999999999999,True
11174471.IV.T1244..EH,11174471,1855,18.55,1782.0,17.82,0.7300000000000004,True
11174471.IV.T1244..HN,11174471,1835,18.35,1804.0,18.04,0.3100000000000023,True
11174471.IV.T1245..HH,11174471,1867,18.67,1773.0,17.73,0.9400000000000013,True
11174471.IV.T1246..HH,11174471,1716,17.16,1146.0,11.46,5.699999999999999,True
11174471.IV.T1247..HH,11174471,1948,19.48,1583.0,15.83,3.6500000000000004,True
11174471.IV.T1256..HH,11174471,2061,20.61,1991.0,19.91,0.6999999999999993,True
11174471.IV.T1256..HN,11174471,1932,19.32,1902.0,19.02,0.3000000000000007,True
11174471.IV.T1299..EH,11174471,1621,16.21,1564.0,15.64,0.5700000000000003,True
11174471.IV.T1299..HN,11174471,1752,17.52,1741.0,17.41,0.10999999999999943,True
11174471.IV.VCEL..EH,11174471,2056,20.56,2022.0,20.22,0.33999999999999986,True
11175401.IV.CSP1..EH,11175401,2079,20.79,2497.0,24.97,4.18,True
11175401.IV.LNSS..HH,11175401,1748,17.48,1759.0,17.59,0.10999999999999943,True
11175401.IV.RM33..EH,11175401,1714,17.14,1737.0,17.37,0.23000000000000043,True
11175401.IV.RM33..HN,11175401,1673,16.73,1985.0,19.85,3.120000000000001,True
11175401.IV.T1215..EH,11175401,2777,27.77,2940.0,29.400000000000002,1.6300000000000026,True
11175401.IV.T1215..HN,11175401,4547,45.47,6639.0,66.39,20.92,True
11175401.IV.T1216..EH,11175401,2742,27.42,2752.0,27.52,0.09999999999999787,True
11175401.IV.T1216..HN,11175401,2976,29.76,3008.0,30.080000000000002,0.3200000000000003,True
11175401.IV.T1218..EH,11175401,2405,24.05,1653.0,16.53,7.52,True
11175401.IV.T1218..HN,11175401,3793,37.93,3865.0,38.65,0.7199999999999989,True
11175401.IV.T1219..EH,11175401,3909,39.09,1299.0,12.99,26.1,True
11175401.IV.T1219..HN,11175401,3925,39.25,4327.0,43.27,4.020000000000003,True
11175401.IV.T1241..EH,11175401,1898,18.98,1904.0,19.04,0.05999999999999872,True
11175401.IV.T1241..HN,11175401,2061,20.61,2366.0,23.66,3.0500000000000007,True
11175401.IV.T1243..HH,11175401,1671,16.71,1679.0,16.79,0.0799999999999983,True
11175401.IV.T1243..HN,11175401,1709,17.09,1727.0,17.27,0.17999999999999972,True
11175401.IV.T1245..HH,11175401,1775,17.75,1788.0,17.88,0.129999999999999,True
11175401.IV.T1245..HN,11175401,1732,17.32,1766.0,17.66,0.33999999999999986,True
11175401.IV.TERO..HN,11175401,1845,18.45,,,,False
1117571.IV.CORL..HH,1117571,1678,16.78,1743.0,17.43,0.6499999999999986,True
1117571.IV.SOLUN..HH,1117571,1678,16.78,1768.0,17.68,0.8999999999999986,True
1117571.IV.USI..HH,1117571,1682,16.82,1692.0,16.92,0.10000000000000142,True
11175871.IV.ARRO..EH,11175871,1620,16.2,1629.0,16.29,0.08999999999999986,True
11175871.IV.ATCC..EH,11175871,1780,17.8,1686.0,16.86,0.9400000000000013,True
11175871.IV.ATCC..HN,11175871,1653,16.53,1662.0,16.62,0.08999999999999986,True
11175871.IV.CERT..HH,11175871,1771,17.71,1796.0,17.96,0.25,True
11175871.IV.CESI..HH,11175871,1791,17.91,1229.0,12.290000000000001,5.619999999999999,True
11175871.IV.CESX..HH,11175871,1519,15.19,1536.0,15.36,0.16999999999999993,True
11175871.IV.CSP1..EH,11175871,1556,15.56,1550.0,15.5,0.0600000000000005,True
11175871.IV.FDMO..HH,11175871,2202,22.02,2204.0,22.04,0.019999999999999574,True
11175871.IV.FEMA..HN,11175871,1842,18.42,1800.0,18.0,0.4200000000000017,True
11175871.IV.FOSV..EH,11175871,1726,17.26,1742.0,17.42,0.16000000000000014,True
11175871.IV.GUMA..HH,11175871,1786,17.86,1840.0,18.400000000000002,0.5400000000000027,True
11175871.IV.GUMA..HN,11175871,1700,17.0,1767.0,17.67,0.6700000000000017,True
11175871.IV.LNSS..HH,11175871,1784,17.84,1173.0,11.73,6.109999999999999,True
11175871.IV.MGAB..HH,11175871,1978,19.78,2001.0,20.01,0.23000000000000043,True
11175871.IV.MGAB..HN,11175871,1959,19.59,1984.0,19.84,0.25,True
11175871.IV.MOMA..HH,11175871,2037,20.37,2049.0,20.490000000000002,0.120000000000001,True
11175871.IV.MURB..HH,11175871,2050,20.5,2049.0,20.490000000000002,0.00999999999999801,True
11175871.IV.MURB..HN,11175871,2007,20.07,2084.0,20.84,0.7699999999999996,True
11175871.IV.PARC..HH,11175871,2000,20.0,2013.0,20.13,0.129999999999999,True
11175871.IV.SACS..HH,11175871,1798,17.98,1826.0,18.26,0.28000000000000114,True
11175871.IV.SACS..HN,11175871,2166,21.66,2395.0,23.95,2.289999999999999,True
11175871.IV.SNTG..HH,11175871,1909,19.09,1915.0,19.150000000000002,0.060000000000002274,True
11175871.IV.SNTG..HN,11175871,1767,17.67,1784.0,17.84,0.16999999999999815,True
11175871.IV.SSFR..HH,11175871,1867,18.67,1484.0,14.84,3.830000000000002,True
11175871.IV.SSFR..HN,11175871,1759,17.59,1817.0,18.17,0.5800000000000018,True
11175871.IV.T1211..EH,11175871,1846,18.46,1855.0,18.55,0.08999999999999986,True
11175871.IV.T1211..HN,11175871,3300,33.0,3351.0,33.51,0.509999999999998,True
11175871.IV.T1212..EH,11175871,2671,26.71,2673.0,26.73,0.019999999999999574,True
11175871.IV.T1212..HN,11175871,1751,17.51,1755.0,17.55,0.03999999999999915,True
11175871.IV.T1213..EH,11175871,2088,20.88,2097.0,20.97,0.08999999999999986,True
11175871.IV.T1213..HN,11175871,2236,22.36,2257.0,22.57,0.21000000000000085,True
11175871.IV.T1215..EH,11175871,2310,23.1,2264.0,22.64,0.46000000000000085,True
11175871.IV.T1215..HN,11175871,2055,20.55,2055.0,20.55,0.0,True
11175871.IV.T1216..EH,11175871,4045,40.45,3268.0,32.68,7.770000000000003,True
11175871.IV.T1216..HN,11175871,2081,20.81,2089.0,20.89,0.08000000000000185,True
11175871.IV.T1217..EH,11175871,2757,27.57,1429.0,14.290000000000001,13.28,True
11175871.IV.T1217..HN,11175871,4809,48.09,3871.0,38.71,9.380000000000003,True
11175871.IV.T1218..EH,11175871,4014,40.14,4004.0,40.04,0.10000000000000142,True
11175871.IV.T1218..HN,11175871,2737,27.37,2739.0,27.39,0.019999999999999574,True
11175871.IV.T1219..EH,11175871,2052,20.52,2033.0,20.330000000000002,0.18999999999999773,True
11175871.IV.T1219..HN,11175871,3218,32.18,3227.0,32.27,0.09000000000000341,True
11175871.IV.T1221..EH,11175871,1555,15.55,1523.0,15.23,0.3200000000000003,True
11175871.IV.T1221..HN,11175871,3104,31.04,1367.0,13.67,17.369999999999997,True
11175871.IV.T1243..HH,11175871,1712,17.12,1123.0,11.23,5.890000000000001,True
11175871.IV.T1243..HN,11175871,1755,17.55,1779.0,17.79,0.23999999999999844,True
11175871.IV.T1256..HH,11175871,1551,15.51,1556.0,15.56,0.05000000000000071,True
11175871.IV.T1256..HN,11175871,1568,15.68,1584.0,15.84,0.16000000000000014,True
11176091.IV.ACER..HH,11176091,1866,18.66,1893.0,18.93,0.2699999999999996,True
11176091.IV.ACER..HN,11176091,1971,19.71,2095.0,20.95,1.2399999999999984,True
11176091.TV.AG11..EH,11176091,1711,17.11,1728.0,17.28,0.1700000000000017,True
11176091.OX.AGOR..HH,11176091,1555,15.55,1223.0,12.23,3.3200000000000003,True
11176091.OX.AGOR..HN,11176091,1527,15.27,1629.0,16.29,1.0199999999999996,True
11176091.IV.AMUR..HH,11176091,1537,15.370000000000001,1531.0,15.31,0.0600000000000005,True
11176091.IV.AOI..HH,11176091,1621,16.21,1598.0,15.98,0.23000000000000043,True
11176091.IV.APEC..HH,11176091,1695,16.95,1155.0,11.55,5.399999999999999,True
11176091.IV.APEC..HN,11176091,1655,16.55,3306.0,33.06,16.51,True
11176091.IV.APPI..EH,11176091,1927,19.27,1917.0,19.17,0.09999999999999787,True
11176091.IV.APRC..EH,11176091,1920,19.2,1897.0,18.97,0.23000000000000043,True
11176091.IV.APRC..HN,11176091,2084,20.84,2098.0,20.98,0.14000000000000057,True
11176091.IV.ARRO..EH,11176091,1810,18.1,1820.0,18.2,0.09999999999999787,True
11176091.IV.ARVD..HH,11176091,1953,19.53,1972.0,19.72,0.18999999999999773,True
11176091.IV.ATCC..EH,11176091,1985,19.85,1994.0,19.94,0.08999999999999986,True
11176091.IV.ATCC..HN,11176091,2069,20.69,2087.0,20.87,0.17999999999999972,True
11176091.IV.ATFO..HH,11176091,1591,15.91,1608.0,16.080000000000002,0.1700000000000017,True
11176091.IV.ATFO..HN,11176091,1588,15.88,1664.0,16.64,0.7599999999999998,True
11176091.IV.ATLO..EH,11176091,2153,21.53,2158.0,21.580000000000002,0.05000000000000071,True
11176091.IV.ATLO..HN,11176091,2023,20.23,2208.0,22.080000000000002,1.8500000000000014,True
11176091.IV.ATPC..HH,11176091,1759,17.59,1772.0,17.72,0.129999999999999,True
11176091.IV.ATPC..HN,11176091,1771,17.71,2115.0,21.150000000000002,3.4400000000000013,True
11176091.IV.ATPI..EH,11176091,2039,20.39,2048.0,20.48,0.08999999999999986,True
11176091.IV.ATSC..EH,11176091,2067,20.67,2075.0,20.75,0.0799999999999983,True
11176091.IV.ATVO..HH,11176091,1953,19.53,1957.0,19.57,0.03999999999999915,True
11176091.IV.ATVO..HN,11176091,2080,20.8,,,,False
11176091.IV.BRIS..HH,11176091,2041,20.41,2067.0,20.67,0.26000000000000156,True
11176091.IV.BRIS..HN,11176091,2027,20.27,,,,False
11176091.IV.BSSO..HH,11176091,1892,18.92,1911.0,19.11,0.18999999999999773,True
11176091.IV.BSSO..HN,11176091,1855,18.55,1925.0,19.25,0.6999999999999993,True
11176091.IV.CADA..HN,11176091,1751,17.51,1788.0,17.88,0.36999999999999744,True
11176091.IV.CAFE..HH,11176091,1728,17.28,1727.0,17.27,0.010000000000001563,True
11176091.IV.CAFE..HN,11176091,1785,17.85,1936.0,19.36,1.509999999999998,True
11176091.IV.CAFI..HH,11176091,1745,17.45,1736.0,17.36,0.08999999999999986,True
11176091.IV.CAFI..HN,11176091,1721,17.21,1731.0,17.31,0.09999999999999787,True
11176091.IV.CAFR..HH,11176091,1718,17.18,1135.0,11.35,5.83,True
11176091.IV.CAMP..HH,11176091,2113,21.13,2096.0,20.96,0.16999999999999815,True
11176091.IV.CAPA..HH,11176091,1960,19.6,1968.0,19.68,0.0799999999999983,True
11176091.IV.CERA..HH,11176091,1967,19.67,1989.0,19.89,0.21999999999999886,True
11176091.IV.CERA..HN,11176091,1846,18.46,1942.0,19.42,0.9600000000000009,True
11176091.IV.CERT..HH,11176091,1661,16.61,1658.0,16.580000000000002,0.029999999999997584,True
11176091.IV.CESI..HH,11176091,1664,16.64,1675.0,16.75,0.10999999999999943,True
11176091.IV.CESX..HH,11176091,1953,19.53,1968.0,19.68,0.14999999999999858,True
11176091.IV.CIGN..HH,11176091,1680,16.8,1028.0,10.28,6.520000000000001,True
11176091.IV.CIMA..HN,11176091,1818,18.18,1849.0,18.490000000000002,0.3100000000000023,True
11176091.OX.CIMO..HH,11176091,1877,18.77,1862.0,18.62,0.14999999999999858,True
11176091.OX.CIMO..HN,11176091,1646,16.46,1657.0,16.57,0.10999999999999943,True
11176091.IV.CING..HH,11176091,1548,15.48,1554.0,15.540000000000001,0.0600000000000005,True
11176091.OX.CLUD..HH,11176091,2134,21.34,2133.0,21.330000000000002,0.00999999999999801,True
11176091.OX.CLUD..HN,11176091,1934,19.34,2013.0,20.13,0.7899999999999991,True
11176091.IV.CMPR..HH,11176091,1619,16.19,1621.0,16.21,0.019999999999999574,True
11176091.IV.COR1..EH,11176091,2059,20.59,2063.0,20.63,0.03999999999999915,True
11176091.IV.CPGN..EH,11176091,1948,19.48,1985.0,19.85,0.370000000000001,True
11176091.IV.CPGN..HN,11176091,1893,18.93,1944.0,19.44,0.5100000000000016,True
11176091.IV.CRE..HH,11176091,1652,16.52,1648.0,16.48,0.03999999999999915,True
11176091.IV.CSP1..EH,11176091,1641,16.41,1651.0,16.51,0.10000000000000142,True
11176091.ST.DOSS..HH,11176091,2069,20.69,2047.0,20.47,0.22000000000000242,True
11176091.ST.DOSS..HN,11176091,2278,22.78,2283.0,22.830000000000002,0.05000000000000071,True
11176091.IV.EL6..EH,11176091,1714,17.14,1709.0,17.09,0.05000000000000071,True
11176091.GU.EQUI..HH,11176091,2027,20.27,2069.0,20.69,0.4200000000000017,True
11176091.IV.FAGN..HH,11176091,1962,19.62,1942.0,19.42,0.1999999999999993,True
11176091.IV.FDMO..HH,11176091,1639,16.39,1283.0,12.83,3.5600000000000005,True
11176091.IV.FEMA..HN,11176091,1873,18.73,1910.0,19.1,0.370000000000001,True
11176091.IV.FIAM..HH,11176091,1684,16.84,1708.0,17.080000000000002,0.240000000000002,True
11176091.IV.FIAM..HN,11176091,1725,17.25,1746.0,17.46,0.21000000000000085,True
11176091.IV.FOSV..HN,11176091,1780,17.8,1829.0,18.29,0.48999999999999844,True
11176091.IV.FRON..EH,11176091,1716,17.16,999.0,9.99,7.17,True
11176091.IV.FSSB..HH,11176091,1782,17.82,1771.0,17.71,0.10999999999999943,True
11176091.IV.FVI..HH,11176091,1614,16.14,1626.0,16.26,0.120000000000001,True
11176091.IV.GAG1..HN,11176091,1576,15.76,1591.0,15.91,0.15000000000000036,True
11176091.ST.GAGG..HH,11176091,2161,21.61,2158.0,21.580000000000002,0.029999999999997584,True
11176091.ST.GAGG..HN,11176091,2061,20.61,2085.0,20.85,0.240000000000002,True
11176091.IV.GATE..HH,11176091,1836,18.36,1148.0,11.48,6.879999999999999,True
11176091.IV.GATE..HN,11176091,1912,19.12,1983.0,19.830000000000002,0.7100000000000009,True
11176091.IV.GIGS..HH,11176091,1696,16.96,1689.0,16.89,0.07000000000000028,True
11176091.IV.GIUL..HH,11176091,1798,17.98,1432.0,14.32,3.66,True
11176091.IV.GUAR..HH,11176091,1985,19.85,1988.0,19.88,0.029999999999997584,True
11176091.IV.GUMA..HH,11176091,1978,19.78,2013.0,20.13,0.34999999999999787,True
11176091.IV.GUMA..HN,11176091,1978,19.78,2004.0,20.04,0.259999999999998,True
11176091.IV.INTR..HH,11176091,1892,18.92,1260.0,12.6,6.320000000000002,True
11176091.IV.INTR..HN,11176091,1766,17.66,1812.0,18.12,0.46000000000000085,True
11176091.SI.KOSI..HH,11176091,2080,20.8,2066.0,20.66,0.14000000000000057,True
11176091.IX.LIO3.02.HH,11176091,1839,18.39,1869.0,18.69,0.3000000000000007,True
11176091.IV.LMD..HH,11176091,1741,17.41,1742.0,17.42,0.010000000000001563,True
11176091.IV.LNSS..HH,11176091,1812,18.12,1773.0,17.73,0.39000000000000057,True
11176091.IV.LRP..HH,11176091,1837,18.37,1833.0,18.330000000000002,0.03999999999999915,True
11176091.SI.LUSI..HH,11176091,2104,21.04,2103.0,21.03,0.00999999999999801,True
11176091.IV.MABI..HH,11176091,1605,16.05,1644.0,16.44,0.39000000000000057,True
11176091.IV.MCEL..HH,11176091,1770,17.7,1786.0,17.86,0.16000000000000014,True
11176091.IV.MCEL..HN,11176091,1925,19.25,1987.0,19.87,0.620000000000001,True
11176091.IV.MCRV..HH,11176091,1662,16.62,1692.0,16.92,0.3000000000000007,True
11176091.IV.MDAR..HN,11176091,1714,17.14,1818.0,18.18,1.0399999999999991,True
11176091.IV.MELA..HH,11176091,1671,16.71,1657.0,16.57,0.14000000000000057,True
11176091.IV.MELA..HN,11176091,1643,16.43,1661.0,16.61,0.17999999999999972,True
11176091.IV.MGAB..HH,11176091,1912,19.12,1920.0,19.2,0.0799999999999983,True
11176091.IV.MGAB..HN,11176091,1878,18.78,1892.0,18.92,0.14000000000000057,True
11176091.IV.MIDA..HH,11176091,1662,16.62,1337.0,13.370000000000001,3.25,True
11176091.IV.MIDA..HN,11176091,1664,16.64,1040.0,10.4,6.24,True
11176091.IV.MIGL..HH,11176091,2007,20.07,2019.0,20.19,0.120000000000001,True
11176091.IV.MMUR..HN,11176091,1528,15.280000000000001,1549.0,15.49,0.20999999999999908,True
11176091.IV.MOCO..HH,11176091,1837,18.37,1840.0,18.400000000000002,0.030000000000001137,True
11176091.IV.MOCO..HN,11176091,1862,18.62,1878.0,18.78,0.16000000000000014,True
11176091.IV.MOMA..HH,11176091,1584,15.84,3675.0,36.75,20.91,True
11176091.IV.MOMA..HN,11176091,1556,15.56,1749.0,17.490000000000002,1.9300000000000015,True
11176091.IV.MPAG..EH,11176091,2131,21.31,2125.0,21.25,0.05999999999999872,True
11176091.IV.MPAG..HN,11176091,1821,18.21,11989.0,119.89,101.68,True
11176091.OX.MPRI..HH,11176091,1798,17.98,1801.0,18.01,0.030000000000001137,True
11176091.OX.MPRI..HN,11176091,1767,17.67,1803.0,18.03,0.35999999999999943,True
11176091.IV.MRB1..HH,11176091,1941,19.41,1444.0,14.44,4.970000000000001,True
11176091.IV.MRB1..HN,11176091,1932,19.32,2032.0,20.32,1.0,True
11176091.IV.MRLC..HH,11176091,1755,17.55,1777.0,17.77,0.21999999999999886,True
11176091.IV.MRLC..HN,11176091,1753,17.53,1873.0,18.73,1.1999999999999993,True
11176091.IV.MRVN..HH,11176091,1893,18.93,1909.0,19.09,0.16000000000000014,True
11176091.IV.MSAG..HH,11176091,2014,20.14,2013.0,20.13,0.010000000000001563,True
11176091.IV.MSAG..HN,11176091,2203,22.03,2213.0,22.13,0.09999999999999787,True
11176091.IV.MTCE..HH,11176091,1698,16.98,1720.0,17.2,0.21999999999999886,True
11176091.IV.MURB..HH,11176091,2000,20.0,2009.0,20.09,0.08999999999999986,True
11176091.IV.MURB..HN,11176091,1928,19.28,1734.0,17.34,1.9400000000000013,True
11176091.IV.NOCI..HH,11176091,1627,16.27,1635.0,16.35,0.08000000000000185,True
11176091.IV.OFFI..HH,11176091,2065,20.650000000000002,2000.0,20.0,0.6500000000000021,True
11176091.IV.PALZ..HH,11176091,1978,19.78,1997.0,19.97,0.18999999999999773,True
11176091.IV.PAOL..HH,11176091,2120,21.2,2143.0,21.43,0.23000000000000043,True
11176091.IV.PAOL..HN,11176091,1964,19.64,,,,False
11176091.IV.PARC..HH,11176091,1805,18.05,1802.0,18.02,0.030000000000001137,True
11176091.IV.PCRO..HN,11176091,1666,16.66,1172.0,11.72,4.9399999999999995,True
11176091.IV.PESA..HH,11176091,1735,17.35,1740.0,17.400000000000002,0.05000000000000071,True
11176091.IV.PIEI..HH,11176091,1830,18.3,1825.0,18.25,0.05000000000000071,True
11176091.IV.PIEI..HN,11176091,1807,18.07,1809.0,18.09,0.019999999999999574,True
11176091.IV.PIGN..HH,11176091,2126,21.26,3615.0,36.15,14.889999999999997,True
11176091.IV.PIGN..HN,11176091,1969,19.69,3474.0,34.74,15.05,True
11176091.IV.PP3..EH,11176091,1986,19.86,1998.0,19.98,0.120000000000001,True
11176091.IV.PP3..HN,11176091,1986,19.86,1557.0,15.57,4.289999999999999,True
11176091.IV.PSB1..HH,11176091,1623,16.23,1618.0,16.18,0.05000000000000071,True
11176091.IV.PSB1..HN,11176091,1618,16.18,1658.0,16.580000000000002,0.40000000000000213,True
11176091.IV.PTCC..HH,11176091,1827,18.27,1852.0,18.52,0.25,True
11176091.IV.PTQR..HH,11176091,1937,19.37,1963.0,19.63,0.259999999999998,True
11176091.IV.PTRP..HH,11176091,1698,16.98,1701.0,17.01,0.030000000000001137,True
11176091.IV.RCAV..EH,11176091,1803,18.03,1814.0,18.14,0.10999999999999943,True
11176091.IX.RDM3.02.HH,11176091,1891,18.91,1903.0,19.03,0.120000000000001,True
11176091.SI.RISI..HH,11176091,2156,21.56,2161.0,21.61,0.05000000000000071,True
11176091.IV.RM33..EH,11176091,2073,20.73,2059.0,20.59,0.14000000000000057,True
11176091.IV.RM33..HN,11176091,1907,19.07,1952.0,19.52,0.4499999999999993,True
11176091.IV.RNI2..HH,11176091,1770,17.7,1784.0,17.84,0.14000000000000057,True
11176091.IV.RNI2..HN,11176091,1845,18.45,1870.0,18.7,0.25,True
11176091.SI.ROSI..HH,11176091,1796,17.96,1825.0,18.25,0.28999999999999915,True
11176091.IV.ROVR..HH,11176091,1676,16.76,1658.0,16.580000000000002,0.17999999999999972,True
11176091.IV.ROVR..HN,11176091,1732,17.32,1736.0,17.36,0.03999999999999915,True
11176091.IV.RSM2..HH,11176091,1645,16.45,1694.0,16.94,0.490000000000002,True
11176091.IV.RUFI..EH,11176091,1648,16.48,1705.0,17.05,0.5700000000000003,True
11176091.OX.SABO..HH,11176091,1768,17.68,1794.0,17.94,0.26000000000000156,True
11176091.OX.SABO..HN,11176091,1730,17.3,1596.0,15.96,1.3399999999999999,True
11176091.IV.SACR..HH,11176091,2030,20.3,2025.0,20.25,0.05000000000000071,True
11176091.IV.SACR..HN,11176091,2513,25.13,2519.0,25.19,0.060000000000002274,True
11176091.IV.SACS..HH,11176091,1661,16.61,1666.0,16.66,0.05000000000000071,True
11176091.IV.SACS..HN,11176091,1845,18.45,1890.0,18.900000000000002,0.45000000000000284,True
11176091.IV.SALB..HH,11176091,1796,17.96,1805.0,18.05,0.08999999999999986,True
11176091.IV.SALB..HN,11176091,1748,17.48,1796.0,17.96,0.4800000000000004,True
11176091.IV.SALO..HH,11176091,2018,20.18,2014.0,20.14,0.03999999999999915,True
11176091.IV.SALO..HN,11176091,2184,21.84,2187.0,21.87,0.030000000000001137,True
11176091.IV.SCTE..HH,11176091,1798,17.98,1834.0,18.34,0.35999999999999943,True
11176091.IV.SENI..EH,11176091,1870,18.7,1892.0,18.92,0.22000000000000242,True
11176091.IV.SENI..HN,11176091,1814,18.14,1866.0,18.66,0.5199999999999996,True
11176091.IV.SFI..EH,11176091,2023,20.23,2048.0,20.48,0.25,True
11176091.IV.SFI..HN,11176091,1898,18.98,2113.0,21.13,2.1499999999999986,True
11176091.IV.SGRT..HH,11176091,1846,18.46,1845.0,18.45,0.010000000000001563,True
11176091.IV.SGTA..HH,11176091,2109,21.09,2115.0,21.150000000000002,0.060000000000002274,True
11176091.IV.SGTA..HN,11176091,1967,19.67,,,,False
11176091.IV.SIRI..HH,11176091,1928,19.28,1967.0,19.67,0.39000000000000057,True
11176091.IV.SIRI..HN,11176091,2037,20.37,2147.0,21.47,1.0999999999999979,True
11176091.IV.SMA1..EH,11176091,1659,16.59,1657.0,16.57,0.019999999999999574,True
11176091.IV.SNAL..HH,11176091,2027,20.27,2036.0,20.36,0.08999999999999986,True
11176091.IV.SNAL..HN,11176091,2118,21.18,2165.0,21.650000000000002,0.4700000000000024,True
11176091.IV.SNTG..HH,11176091,1955,19.55,1955.0,19.55,0.0,True
11176091.IV.SNTG..HN,11176091,1923,19.23,1946.0,19.46,0.23000000000000043,True
11176091.IV.SSFR..HH,11176091,1730,17.3,1738.0,17.38,0.0799999999999983,True
11176091.IV.SSFR..HN,11176091,1634,16.34,1660.0,16.6,0.26000000000000156,True
11176091.IV.STAL..HH,11176091,2000,20.0,1997.0,19.97,0.030000000000001137,True
11176091.IV.STAL..HN,11176091,1873,18.73,1891.0,18.91,0.17999999999999972,True
11176091.IV.T0110..HH,11176091,2297,22.97,2298.0,22.98,0.010000000000001563,True
11176091.IV.T1201..HN,11176091,1855,18.55,1847.0,18.47,0.08000000000000185,True
11176091.IV.T1202..EH,11176091,1989,19.89,1202.0,12.02,7.870000000000001,True
11176091.IV.T1204..EH,11176091,1700,17.0,1709.0,17.09,0.08999999999999986,True
11176091.IV.T1211..EH,11176091,2392,23.92,2387.0,23.87,0.05000000000000071,True
11176091.IV.T1211..HN,11176091,3184,31.84,3230.0,32.3,0.4599999999999973,True
11176091.IV.T1212..EH,11176091,1671,16.71,1675.0,16.75,0.03999999999999915,True
11176091.IV.T1212..HN,11176091,4110,41.1,4112.0,41.12,0.01999999999999602,True
11176091.IV.T1213..EH,11176091,2310,23.1,2340.0,23.400000000000002,0.3000000000000007,True
11176091.IV.T1213..HN,11176091,3406,34.06,3450.0,34.5,0.4399999999999977,True
11176091.IV.T1215..EH,11176091,1850,18.5,1845.0,18.45,0.05000000000000071,True
11176091.IV.T1215..HN,11176091,1987,19.87,2084.0,20.84,0.9699999999999989,True
11176091.IV.T1216..EH,11176091,1878,18.78,1628.0,16.28,2.5,True
11176091.IV.T1216..HN,11176091,2583,25.830000000000002,2664.0,26.64,0.8099999999999987,True
11176091.IV.T1217..EH,11176091,2308,23.080000000000002,2298.0,22.98,0.10000000000000142,True
11176091.IV.T1217..HN,11176091,2609,26.09,2623.0,26.23,0.14000000000000057,True
11176091.IV.T1218..EH,11176091,1576,15.76,1552.0,15.52,0.2400000000000002,True
11176091.IV.T1218..HN,11176091,2045,20.45,2052.0,20.52,0.07000000000000028,True
11176091.IV.T1219..EH,11176091,4495,44.95,4175.0,41.75,3.200000000000003,True
11176091.IV.T1219..HN,11176091,4290,42.9,4311.0,43.11,0.21000000000000085,True
11176091.IV.T1221..EH,11176091,5540,55.4,1051.0,10.51,44.89,True
11176091.IV.T1221..HN,11176091,4004,40.04,4142.0,41.42,1.3800000000000026,True
11176091.IV.T1241..EH,11176091,1878,18.78,1860.0,18.6,0.17999999999999972,True
11176091.IV.T1243..HH,11176091,2049,20.490000000000002,2048.0,20.48,0.010000000000001563,True
11176091.IV.T1243..HN,11176091,2002,20.02,2024.0,20.240000000000002,0.22000000000000242,True
11176091.IV.T1244..EH,11176091,1855,18.55,1383.0,13.83,4.720000000000001,True
11176091.IV.T1244..HN,11176091,1620,16.2,1633.0,16.330000000000002,0.13000000000000256,True
11176091.IV.T1245..HH,11176091,1771,17.71,1774.0,17.740000000000002,0.030000000000001137,True
11176091.IV.T1245..HN,11176091,1780,17.8,1800.0,18.0,0.1999999999999993,True
11176091.IV.T1246..HH,11176091,1998,19.98,1964.0,19.64,0.33999999999999986,True
11176091.IV.T1247..HH,11176091,1705,17.05,1455.0,14.55,2.5,True
11176091.IV.T1256..HH,11176091,1976,19.76,1975.0,19.75,0.010000000000001563,True
11176091.IV.T1256..HN,11176091,1892,18.92,2013.0,20.13,1.2099999999999973,True
11176091.IV.T1299..EH,11176091,1771,17.71,1758.0,17.580000000000002,0.129999999999999,True
11176091.IV.T1299..HN,11176091,1700,17.0,1723.0,17.23,0.23000000000000043,True
11176091.IV.TEOL..HH,11176091,1998,19.98,1993.0,19.93,0.05000000000000071,True
11176091.IV.TERO..HN,11176091,1551,15.51,1543.0,15.43,0.08000000000000007,True
11176091.IV.TREM..HH,11176091,1714,17.14,1745.0,17.45,0.3099999999999987,True
11176091.IV.TRIV..HH,11176091,1977,19.77,1920.0,19.2,0.5700000000000003,True
11176091.IV.TRIV..HN,11176091,2028,20.28,,,,False
11176091.IV.VAGA..HH,11176091,1577,15.77,1590.0,15.9,0.13000000000000078,True
11176091.IV.VAGA..HN,11176091,1793,17.93,1828.0,18.28,0.3500000000000014,True
11176091.IV.VCEL..EH,11176091,1599,15.99,1583.0,15.83,0.16000000000000014,True
11176091.IV.VITU..HH,11176091,1891,18.91,1886.0,18.86,0.05000000000000071,True
11176091.IV.VITU..HN,11176091,1935,19.35,2038.0,20.38,1.0299999999999976,True
11176091.IV.VULT..HH,11176091,1527,15.27,1537.0,15.370000000000001,0.10000000000000142,True
11176091.IV.VULT..HN,11176091,1648,16.48,1678.0,16.78,0.3000000000000007,True
11176091.IV.VVDG..HH,11176091,2083,20.830000000000002,2104.0,21.04,0.2099999999999973,True
11176091.IV.VVLD..HH,11176091,2106,21.06,1067.0,10.67,10.389999999999999,True
11176091.OX.ZOU2..HH,11176091,1578,15.780000000000001,1583.0,15.83,0.049999999999998934,True
11176091.OX.ZOU2..HN,11176091,1723,17.23,1791.0,17.91,0.6799999999999997,True
11176711.IV.CAMP..HH,11176711,2019,20.19,2008.0,20.080000000000002,0.10999999999999943,True
11176711.IV.LNSS..HH,11176711,1884,18.84,1857.0,18.57,0.2699999999999996,True
11176711.IV.MMO1..EH,11176711,2131,21.31,2133.0,21.330000000000002,0.020000000000003126,True
11176711.IV.MMO1..HN,11176711,1941,19.41,2596.0,25.96,6.550000000000001,True
11176711.IV.RM33..EH,11176711,1975,19.75,1938.0,19.38,0.370000000000001,True
11176711.IV.RM33..HN,11176711,2112,21.12,2112.0,21.12,0.0,True
11176711.IV.SMA1..EH,11176711,1828,18.28,1791.0,17.91,0.370000000000001,True
11176711.IV.T1216..EH,11176711,3407,34.07,3426.0,34.26,0.18999999999999773,True
11176711.IV.T1216..HN,11176711,3407,34.07,3459.0,34.59,0.5200000000000031,True
11176711.IV.T1218..EH,11176711,3005,30.05,3005.0,30.05,0.0,True
11176711.IV.T1218..HN,11176711,3005,30.05,3005.0,30.05,0.0,True
11176711.IV.T1241..EH,11176711,1921,19.21,1923.0,19.23,0.019999999999999574,True
11176711.IV.T1241..HN,11176711,1862,18.62,1939.0,19.39,0.7699999999999996,True
11176711.IV.T1243..HH,11176711,1978,19.78,1970.0,19.7,0.08000000000000185,True
11176711.IV.T1243..HN,11176711,1936,19.36,1938.0,19.38,0.019999999999999574,True
11176851.IV.CESI..HH,11176851,1789,17.89,1782.0,17.82,0.07000000000000028,True
11176851.IV.CSP1..EH,11176851,1912,19.12,1890.0,18.900000000000002,0.21999999999999886,True
11176851.IV.FDMO..HH,11176851,1628,16.28,1464.0,14.64,1.6400000000000006,True
11176851.IV.FEMA..HN,11176851,1632,16.32,1631.0,16.31,0.010000000000001563,True
11176851.IV.GUMA..HH,11176851,1887,18.87,1889.0,18.89,0.019999999999999574,True
11176851.IV.GUMA..HN,11176851,1843,18.43,1844.0,18.44,0.010000000000001563,True
11176851.IV.MC2..EH,11176851,1621,16.21,1662.0,16.62,0.41000000000000014,True
11176851.IV.MDAR..HN,11176851,1662,16.62,1660.0,16.6,0.019999999999999574,True
11176851.IV.MMO1..EH,11176851,2060,20.6,1226.0,12.26,8.340000000000002,True
11176851.IV.MMO1..HN,11176851,1926,19.26,2312.0,23.12,3.8599999999999994,True
11176851.IV.NRCA..HH,11176851,1607,16.07,1524.0,15.24,0.8300000000000001,True
11176851.IV.NRCA..HN,11176851,1602,16.02,1602.0,16.02,0.0,True
11176851.IV.SEF1..HN,11176851,1989,19.89,2010.0,20.1,0.21000000000000085,True
11176851.IV.SNTG..HH,11176851,1787,17.87,1790.0,17.900000000000002,0.030000000000001137,True
11176851.IV.SNTG..HN,11176851,1830,18.3,1848.0,18.48,0.17999999999999972,True
11176851.IV.T1215..EH,11176851,2441,24.41,1035.0,10.35,14.06,True
11176851.IV.T1215..HN,11176851,4251,42.51,1720.0,17.2,25.31,True
11176851.IV.T1216..EH,11176851,2325,23.25,2317.0,23.17,0.0799999999999983,True
11176851.IV.T1216..HN,11176851,1928,19.28,1929.0,19.29,0.00999999999999801,True
11176851.IV.T1219..EH,11176851,1709,17.09,1704.0,17.04,0.05000000000000071,True
11176851.IV.T1219..HN,11176851,4018,40.18,2829.0,28.29,11.89,True
11176851.IV.T1241..EH,11176851,1773,17.73,1469.0,14.69,3.040000000000001,True
11176851.IV.T1245..HH,11176851,1821,18.21,1824.0,18.240000000000002,0.030000000000001137,True
11176851.IV.T1245..HN,11176851,1853,18.53,1860.0,18.6,0.07000000000000028,True
11176851.IV.T1256..HH,11176851,1893,18.93,1893.0,18.93,0.0,True
11176851.IV.T1256..HN,11176851,1867,18.67,1871.0,18.71,0.03999999999999915,True
11176991.IV.ARVD..HH,11176991,1709,17.09,1717.0,17.17,0.08000000000000185,True
11176991.IV.ATCC..EH,11176991,1728,17.28,1729.0,17.29,0.00999999999999801,True
11176991.IV.ATCC..HN,11176991,1830,18.3,1851.0,18.51,0.21000000000000085,True
11176991.IV.ATVO..HH,11176991,1914,19.14,1640.0,16.4,2.740000000000002,True
11176991.IV.ATVO..HN,11176991,1905,19.05,,,,False
11176991.IV.CAMP..HH,11176991,2001,20.01,2005.0,20.05,0.03999999999999915,True
11176991.IV.CESI..HH,11176991,2000,20.0,1992.0,19.92,0.0799999999999983,True
11176991.IV.CSP1..EH,11176991,1671,16.71,1678.0,16.78,0.07000000000000028,True
11176991.IV.FEMA..HN,11176991,2048,20.48,2048.0,20.48,0.0,True
11176991.IV.FRON..EH,11176991,1630,16.3,1637.0,16.37,0.07000000000000028,True
11176991.IV.FSSB..HH,11176991,1655,16.55,1680.0,16.8,0.25,True
11176991.IV.GUMA..HH,11176991,1593,15.93,1604.0,16.04,0.10999999999999943,True
11176991.IV.GUMA..HN,11176991,1553,15.530000000000001,1650.0,16.5,0.9699999999999989,True
11176991.IV.LNSS..HH,11176991,1998,19.98,1778.0,17.78,2.1999999999999993,True
11176991.IV.MC2..EH,11176991,1800,18.0,1808.0,18.080000000000002,0.08000000000000185,True
11176991.IV.MMO1..EH,11176991,1621,16.21,1625.0,16.25,0.03999999999999915,True
11176991.IV.MMO1..HN,11176991,1626,16.26,2040.0,20.400000000000002,4.140000000000001,True
11176991.IV.MPAG..EH,11176991,1682,16.82,1679.0,16.79,0.030000000000001137,True
11176991.IV.MPAG..HN,11176991,1682,16.82,11983.0,119.83,103.00999999999999,True
11176991.IV.NRCA..HH,11176991,1839,18.39,1064.0,10.64,7.75,True
11176991.IV.NRCA..HN,11176991,1691,16.91,1693.0,16.93,0.019999999999999574,True
11176991.IV.PIEI..HH,11176991,1939,19.39,1958.0,19.580000000000002,0.19000000000000128,True
11176991.IV.PIEI..HN,11176991,2043,20.43,,,,False
11176991.IV.RM33..EH,11176991,1895,18.95,1888.0,18.88,0.07000000000000028,True
11176991.IV.RM33..HN,11176991,1866,18.66,9029.0,90.29,71.63000000000001,True
11176991.IV.SMA1..EH,11176991,1919,19.19,1921.0,19.21,0.019999999999999574,True
11176991.IV.SNTG..HH,11176991,1926,19.26,1926.0,19.26,0.0,True
11176991.IV.SNTG..HN,11176991,1832,18.32,1852.0,18.52,0.1999999999999993,True
11176991.IV.SSFR..HH,11176991,1886,18.86,1887.0,18.87,0.010000000000001563,True
11176991.IV.SSFR..HN,11176991,1857,18.57,1913.0,19.13,0.5599999999999987,True
11176991.IV.T1211..EH,11176991,2897,28.97,2919.0,29.19,0.22000000000000242,True
11176991.IV.T1211..HN,11176991,3386,33.86,4341.0,43.410000000000004,9.550000000000004,True
11176991.IV.T1215..EH,11176991,3364,33.64,1913.0,19.13,14.510000000000002,True
11176991.IV.T1215..HN,11176991,5017,50.17,5042.0,50.42,0.25,True
11176991.IV.T1216..EH,11176991,4265,42.65,2425.0,24.25,18.4,True
11176991.IV.T1216..HN,11176991,2728,27.28,2730.0,27.3,0.019999999999999574,True
11176991.IV.T1219..EH,11176991,2957,29.57,2954.0,29.54,0.030000000000001137,True
11176991.IV.T1219..HN,11176991,2364,23.64,2362.0,23.62,0.019999999999999574,True
11176991.IV.T1241..EH,11176991,2075,20.75,2068.0,20.68,0.07000000000000028,True
11176991.IV.T1241..HN,11176991,2000,20.0,2081.0,20.81,0.8099999999999987,True
11176991.IV.T1243..HH,11176991,2168,21.68,2111.0,21.11,0.5700000000000003,True
11176991.IV.T1243..HN,11176991,1923,19.23,1951.0,19.51,0.28000000000000114,True
11176991.IV.T1245..HH,11176991,2028,20.28,2028.0,20.28,0.0,True
11176991.IV.T1245..HN,11176991,1916,19.16,1950.0,19.5,0.33999999999999986,True
11176991.IV.T1256..HH,11176991,1600,16.0,1103.0,11.03,4.970000000000001,True
11176991.IV.T1256..HN,11176991,1662,16.62,1676.0,16.76,0.14000000000000057,True
11177211.IV.CSP1..EH,11177211,1580,15.8,1573.0,15.73,0.07000000000000028,True
11177211.IV.FDMO..HH,11177211,1527,15.27,1513.0,15.13,0.1399999999999988,True
11177211.IV.NRCA..HH,11177211,1845,18.45,1874.0,18.740000000000002,0.2900000000000027,True
11177211.IV.NRCA..HN,11177211,1821,18.21,1936.0,19.36,1.1499999999999986,True
11177211.IV.T1219..EH,11177211,2320,23.2,1654.0,16.54,6.66,True
11177211.IV.T1219..HN,11177211,3328,33.28,3330.0,33.3,0.01999999999999602,True
11177211.IV.T1245..HH,11177211,1846,18.46,2285.0,22.85,4.390000000000001,True
11177211.IV.T1245..HN,11177211,1775,17.75,2586.0,25.86,8.11,True
11177211.IV.T1256..HH,11177211,1723,17.23,1731.0,17.31,0.0799999999999983,True
11177211.IV.T1256..HN,11177211,1669,16.69,1900.0,19.0,2.3099999999999987,True
11178041.IV.CESI..HH,11178041,1798,17.98,1809.0,18.09,0.10999999999999943,True
11178041.IV.CSP1..EH,11178041,1561,15.610000000000001,1751.0,17.51,1.9000000000000004,True
11178041.IV.FDMO..HH,11178041,1746,17.46,1833.0,18.330000000000002,0.870000000000001,True
11178041.IV.GIGS..HH,11178041,2007,20.07,2053.0,20.53,0.46000000000000085,True
11178041.IV.GUMA..HH,11178041,1686,16.86,1765.0,17.650000000000002,0.7900000000000027,True
11178041.IV.GUMA..HN,11178041,1639,16.39,1788.0,17.88,1.4899999999999984,True
11178041.IV.LNSS..HH,11178041,1803,18.03,999.0,9.99,8.040000000000001,True
11178041.IV.MMO1..EH,11178041,1648,16.48,1656.0,16.56,0.0799999999999983,True
11178041.IV.MMO1..HN,11178041,1668,16.68,1715.0,17.150000000000002,0.4700000000000024,True
11178041.IV.NRCA..HH,11178041,1943,19.43,1943.0,19.43,0.0,True
11178041.IV.NRCA..HN,11178041,1793,17.93,1792.0,17.92,0.00999999999999801,True
11178041.IV.RM33..EH,11178041,1989,19.89,1680.0,16.8,3.09,True
11178041.IV.RM33..HN,11178041,1739,17.39,1746.0,17.46,0.07000000000000028,True
11178041.IV.T1215..EH,11178041,2637,26.37,999.0,9.99,16.380000000000003,True
11178041.IV.T1215..HN,11178041,5051,50.51,3305.0,33.05,17.46,True
11178041.IV.T1216..EH,11178041,1803,18.03,1807.0,18.07,0.03999999999999915,True
11178041.IV.T1216..HN,11178041,3243,32.43,1383.0,13.83,18.6,True
11178041.IV.T1218..EH,11178041,3104,31.04,1477.0,14.77,16.27,True
11178041.IV.T1218..HN,11178041,2061,20.61,1007.0,10.07,10.54,True
11178041.IV.T1219..EH,11178041,1802,18.02,1887.0,18.87,0.8500000000000014,True
11178041.IV.T1219..HN,11178041,1705,17.05,1805.0,18.05,1.0,True
11178041.IV.T1241..EH,11178041,2048,20.48,1036.0,10.36,10.120000000000001,True
11178041.IV.T1243..HH,11178041,1762,17.62,1781.0,17.81,0.18999999999999773,True
11178041.IV.T1243..HN,11178041,1766,17.66,1785.0,17.85,0.19000000000000128,True
11178041.IV.T1245..HH,11178041,1776,17.76,1778.0,17.78,0.019999999999999574,True
11178041.IV.T1245..HN,11178041,1721,17.21,1727.0,17.27,0.05999999999999872,True
11178041.IV.T1247..HH,11178041,1617,16.17,1696.0,16.96,0.7899999999999991,True
11178041.IV.T1256..HH,11178041,2049,20.490000000000002,2053.0,20.53,0.03999999999999915,True
11178041.IV.T1256..HN,11178041,1945,19.45,1968.0,19.68,0.23000000000000043,True
11178501.IV.FDMO..HH,11178501,1666,16.66,999.0,9.99,6.67,True
11178501.IV.LNSS..HH,11178501,1667,16.67,1678.0,16.78,0.10999999999999943,True
11178501.IV.RM33..EH,11178501,1625,16.25,2076.0,20.76,4.510000000000002,True
11178501.IV.RM33..HN,11178501,1664,16.64,2227.0,22.27,5.629999999999999,True
11178501.IV.T1211..EH,11178501,1870,18.7,999.0,9.99,8.709999999999999,True
11178501.IV.T1211..HN,11178501,4535,45.35,3785.0,37.85,7.5,True
11178501.IV.T1218..EH,11178501,4115,41.15,2662.0,26.62,14.529999999999998,True
11178501.IV.T1218..HN,11178501,3250,32.5,1800.0,18.0,14.5,True
11178501.IV.T1219..EH,11178501,2664,26.64,1906.0,19.06,7.580000000000002,True
11178501.IV.T1219..HN,11178501,3511,35.11,2884.0,28.84,6.27,True
11178501.IV.T1243..HH,11178501,1842,18.42,1986.0,19.86,1.4399999999999977,True
11178501.IV.T1243..HN,11178501,1962,19.62,1040.0,10.4,9.22,True
11178501.IV.TERO..HH,11178501,2143,21.43,2829.0,28.29,6.859999999999999,True
1117851.IV.FNVD..HH,1117851,1657,16.57,1673.0,16.73,0.16000000000000014,True
1117851.IV.MAGA..HH,1117851,1689,16.89,1714.0,17.14,0.25,True
1117851.GU.MAIM..HH,1117851,1601,16.01,1602.0,16.02,0.00999999999999801,True
1117851.IV.ROVR..HH,1117851,1937,19.37,2063.0,20.63,1.259999999999998,True
1117851.IV.ZCCA..HH,1117851,1625,16.25,1632.0,16.32,0.07000000000000028,True
1117851.IV.ZCCA..HN,1117851,1617,16.17,1627.0,16.27,0.09999999999999787,True
11178621.IV.CAMP..HH,11178621,1878,18.78,1883.0,18.830000000000002,0.05000000000000071,True
11178621.IV.GIGS..HH,11178621,1839,18.39,1873.0,18.73,0.33999999999999986,True
11178621.IV.LNSS..HH,11178621,1759,17.59,1759.0,17.59,0.0,True
11178621.IV.NRCA..HH,11178621,1569,15.69,1476.0,14.76,0.9299999999999997,True
11178621.IV.NRCA..HN,11178621,1560,15.6,1469.0,14.69,0.9100000000000001,True
11178621.IV.RM33..EH,11178621,1769,17.69,1776.0,17.76,0.07000000000000028,True
11178621.IV.RM33..HN,11178621,1705,17.05,1740.0,17.400000000000002,0.3500000000000014,True
11178621.IV.SMA1..EH,11178621,2085,20.85,1609.0,16.09,4.760000000000002,True
11178621.IV.T1216..EH,11178621,4784,47.84,999.0,9.99,37.85,True
11178621.IV.T1216..HN,11178621,4784,47.84,3030.0,30.3,17.540000000000003,True
11178621.IV.T1218..EH,11178621,4569,45.69,2253.0,22.53,23.159999999999997,True
11178621.IV.T1218..HN,11178621,4569,45.69,4572.0,45.72,0.030000000000001137,True
11178621.IV.T1241..EH,11178621,1827,18.27,1870.0,18.7,0.4299999999999997,True
11178621.IV.T1241..HN,11178621,1796,17.96,2265.0,22.650000000000002,4.690000000000001,True
11178621.IV.T1243..HH,11178621,1930,19.3,1931.0,19.31,0.00999999999999801,True
11178621.IV.T1243..HN,11178621,2037,20.37,2041.0,20.41,0.03999999999999915,True
11179351.IV.CAMP..HH,11179351,1530,15.3,1540.0,15.4,0.09999999999999964,True
11179351.IV.CSP1..EH,11179351,1860,18.6,2752.0,27.52,8.919999999999998,True
11179351.IV.LNSS..HH,11179351,1966,19.66,1966.0,19.66,0.0,True
11179351.IV.NRCA..HH,11179351,2163,21.63,1722.0,17.22,4.41,True
11179351.IV.NRCA..HN,11179351,1982,19.82,1608.0,16.080000000000002,3.7399999999999984,True
11179351.IV.RM33..EH,11179351,2002,20.02,1007.0,10.07,9.95,True
11179351.IV.RM33..HN,11179351,1977,19.77,1981.0,19.81,0.03999999999999915,True
11179351.IV.SMA1..EH,11179351,1909,19.09,1899.0,18.990000000000002,0.09999999999999787,True
11179351.IV.T1211..EH,11179351,5059,50.59,5079.0,50.79,0.19999999999999574,True
11179351.IV.T1211..HN,11179351,3910,39.1,3994.0,39.94,0.8399999999999963,True
11179351.IV.T1215..EH,11179351,3493,34.93,3525.0,35.25,0.3200000000000003,True
11179351.IV.T1215..HN,11179351,2381,23.81,2490.0,24.900000000000002,1.0900000000000034,True
11179351.IV.T1218..EH,11179351,2829,28.29,1624.0,16.240000000000002,12.049999999999997,True
11179351.IV.T1218..HN,11179351,2257,22.57,2289.0,22.89,0.3200000000000003,True
11179351.IV.T1241..EH,11179351,2021,20.21,1707.0,17.07,3.1400000000000006,True
11179351.IV.T1241..HN,11179351,2023,20.23,2749.0,27.490000000000002,7.260000000000002,True
11179351.IV.T1243..HH,11179351,1760,17.6,1761.0,17.61,0.00999999999999801,True
11179351.IV.T1243..HN,11179351,1889,18.89,1894.0,18.94,0.05000000000000071,True
11181061.IV.CESI..HH,11181061,2050,20.5,1213.0,12.13,8.37,True
11181061.IV.CSP1..EH,11181061,1818,18.18,1819.0,18.19,0.010000000000001563,True
11181061.IV.FDMO..HH,11181061,1776,17.76,1390.0,13.9,3.860000000000001,True
11181061.IV.MMO1..EH,11181061,1682,16.82,999.0,9.99,6.83,True
11181061.IV.T1215..EH,11181061,4242,42.42,4256.0,42.56,0.14000000000000057,True
11181061.IV.T1215..HN,11181061,2039,20.39,2420.0,24.2,3.8099999999999987,True
11181061.IV.T1219..EH,11181061,2221,22.21,1773.0,17.73,4.48,True
11181061.IV.T1219..HN,11181061,2917,29.17,3327.0,33.27,4.100000000000001,True
11181061.IV.T1245..HH,11181061,2044,20.44,1451.0,14.51,5.9300000000000015,True
11181061.IV.T1245..HN,11181061,2019,20.19,1458.0,14.58,5.610000000000001,True
11181061.IV.T1256..HH,11181061,1912,19.12,1979.0,19.79,0.6699999999999982,True
11181061.IV.T1256..HN,11181061,1926,19.26,2291.0,22.91,3.6499999999999986,True
11181281.IV.AIO..HH,11181281,1776,17.76,1782.0,17.82,0.05999999999999872,True
11181281.IV.CSLB..HH,11181281,2332,23.32,2404.0,24.04,0.7199999999999989,True
11181281.IV.EMSG..HH,11181281,2005,20.05,2020.0,20.2,0.14999999999999858,True
11181281.IV.GIB..HH,11181281,1550,15.5,1637.0,16.37,0.870000000000001,True
11181281.IV.IFIL..HH,11181281,1751,17.51,1769.0,17.69,0.17999999999999972,True
11181281.IV.JOPP..HH,11181281,1812,18.12,1880.0,18.8,0.6799999999999997,True
11181281.IV.JOPP..HN,11181281,1776,17.76,4683.0,46.83,29.069999999999997,True
11181281.IV.MILZ..HH,11181281,1703,17.03,1701.0,17.01,0.019999999999999574,True
11181281.IV.MSFR..HH,11181281,2037,20.37,1627.0,16.27,4.100000000000001,True
11181281.IV.MSRU..HH,11181281,2083,20.830000000000002,2109.0,21.09,0.259999999999998,True
11181281.IV.NOV..HH,11181281,1996,19.96,2005.0,20.05,0.08999999999999986,True
11181281.IV.PLLN..EH,11181281,1545,15.450000000000001,1579.0,15.790000000000001,0.33999999999999986,True
11181351.IV.ARRO..EH,11181351,1714,17.14,1712.0,17.12,0.019999999999999574,True
11181351.IV.CESI..HH,11181351,1946,19.46,1364.0,13.64,5.82,True
11181351.IV.CSP1..EH,11181351,2202,22.02,2206.0,22.06,0.03999999999999915,True
11181351.IV.FDMO..HH,11181351,1914,19.14,1918.0,19.18,0.03999999999999915,True
11181351.IV.GUMA..HH,11181351,1678,16.78,1683.0,16.830000000000002,0.05000000000000071,True
11181351.IV.GUMA..HN,11181351,1736,17.36,1741.0,17.41,0.05000000000000071,True
11181351.IV.LNSS..HH,11181351,1571,15.71,1549.0,15.49,0.22000000000000064,True
11181351.IV.MMO1..EH,11181351,1977,19.77,1978.0,19.78,0.010000000000001563,True
11181351.IV.MMO1..HN,11181351,1861,18.61,1871.0,18.71,0.10000000000000142,True
11181351.IV.NRCA..HH,11181351,1791,17.91,1354.0,13.540000000000001,4.369999999999999,True
11181351.IV.NRCA..HN,11181351,1780,17.8,1371.0,13.71,4.09,True
11181351.IV.RM33..EH,11181351,1726,17.26,1708.0,17.080000000000002,0.17999999999999972,True
11181351.IV.RM33..HN,11181351,1549,15.49,1558.0,15.58,0.08999999999999986,True
11181351.IV.SNTG..HH,11181351,2051,20.51,1122.0,11.22,9.290000000000001,True
11181351.IV.SNTG..HN,11181351,2084,20.84,2106.0,21.06,0.21999999999999886,True
11181351.IV.T1215..EH,11181351,3234,32.34,3195.0,31.95,0.3900000000000041,True
11181351.IV.T1215..HN,11181351,2224,22.240000000000002,2216.0,22.16,0.08000000000000185,True
11181351.IV.T1216..EH,11181351,2888,28.88,2363.0,23.63,5.25,True
11181351.IV.T1216..HN,11181351,2236,22.36,2234.0,22.34,0.019999999999999574,True
11181351.IV.T1218..EH,11181351,3475,34.75,3478.0,34.78,0.030000000000001137,True
11181351.IV.T1218..HN,11181351,2995,29.95,2996.0,29.96,0.010000000000001563,True
11181351.IV.T1219..EH,11181351,3647,36.47,999.0,9.99,26.479999999999997,True
11181351.IV.T1219..HN,11181351,1684,16.84,1686.0,16.86,0.019999999999999574,True
11181351.IV.T1241..HN,11181351,1750,17.5,1764.0,17.64,0.14000000000000057,True
11181351.IV.T1243..HH,11181351,1836,18.36,1840.0,18.400000000000002,0.0400000000000027,True
11181351.IV.T1243..HN,11181351,1848,18.48,1856.0,18.56,0.0799999999999983,True
11181351.IV.T1245..HH,11181351,1800,18.0,1145.0,11.450000000000001,6.549999999999999,True
11181351.IV.T1245..HN,11181351,1862,18.62,1866.0,18.66,0.03999999999999915,True
11181351.IV.T1256..HH,11181351,1892,18.92,1898.0,18.98,0.05999999999999872,True
11181831.IV.CAMP..HH,11181831,1986,19.86,1976.0,19.76,0.09999999999999787,True
11181831.IV.CESI..HH,11181831,2041,20.41,2069.0,20.69,0.28000000000000114,True
11181831.IV.CING..HH,11181831,2134,21.34,2139.0,21.39,0.05000000000000071,True
11181831.IV.CSP1..EH,11181831,1876,18.76,1879.0,18.79,0.029999999999997584,True
11181831.IV.EL6..EH,11181831,1666,16.66,1672.0,16.72,0.05999999999999872,True
11181831.IV.FDMO..HH,11181831,1626,16.26,1603.0,16.03,0.23000000000000043,True
11181831.IV.GIGS..HH,11181831,1948,19.48,1945.0,19.45,0.030000000000001137,True
11181831.IV.GUMA..HH,11181831,1820,18.2,1843.0,18.43,0.23000000000000043,True
11181831.IV.GUMA..HN,11181831,1762,17.62,1877.0,18.77,1.1499999999999986,True
11181831.IV.LNSS..HH,11181831,1928,19.28,999.0,9.99,9.290000000000001,True
11181831.IV.MMO1..EH,11181831,1932,19.32,1933.0,19.330000000000002,0.010000000000001563,True
11181831.IV.MMO1..HN,11181831,1941,19.41,,,,False
11181831.IV.RM33..EH,11181831,2140,21.400000000000002,2127.0,21.27,0.13000000000000256,True
11181831.IV.RM33..HN,11181831,2057,20.57,2074.0,20.740000000000002,0.1700000000000017,True
11181831.IV.SMA1..EH,11181831,1878,18.78,1866.0,18.66,0.120000000000001,True
11181831.IV.T0110..HH,11181831,1927,19.27,1960.0,19.6,0.33000000000000185,True
11181831.IV.T1215..EH,11181831,2676,26.76,2188.0,21.88,4.880000000000003,True
11181831.IV.T1215..HN,11181831,3279,32.79,3315.0,33.15,0.35999999999999943,True
11181831.IV.T1218..EH,11181831,1691,16.91,1682.0,16.82,0.08999999999999986,True
11181831.IV.T1218..HN,11181831,2898,28.98,2900.0,29.0,0.019999999999999574,True
11181831.IV.T1219..EH,11181831,5104,51.04,1897.0,18.97,32.07,True
11181831.IV.T1219..HN,11181831,3765,37.65,2189.0,21.89,15.759999999999998,True
11181831.IV.T1241..EH,11181831,1575,15.75,1564.0,15.64,0.10999999999999943,True
11181831.IV.T1241..HN,11181831,1707,17.07,1709.0,17.09,0.019999999999999574,True
11181831.IV.T1243..HH,11181831,1927,19.27,1905.0,19.05,0.21999999999999886,True
11181831.IV.T1243..HN,11181831,1939,19.39,1938.0,19.38,0.010000000000001563,True
11181831.IV.T1247..HH,11181831,1616,16.16,1619.0,16.19,0.030000000000001137,True
11181831.IV.T1256..HH,11181831,2056,20.56,1746.0,17.46,3.099999999999998,True
11181831.IV.T1256..HN,11181831,1934,19.34,2273.0,22.73,3.3900000000000006,True
11181831.IV.TERO..HH,11181831,1921,19.21,1919.0,19.19,0.019999999999999574,True
11181831.IV.TERO..HN,11181831,2298,22.98,2299.0,22.990000000000002,0.010000000000001563,True
11181831.IV.VCEL..EH,11181831,1836,18.36,1867.0,18.67,0.3100000000000023,True
11182521.IV.LNSS..HH,11182521,1941,19.41,1983.0,19.830000000000002,0.4200000000000017,True
11182521.IV.T1215..EH,11182521,2643,26.43,2821.0,28.21,1.7800000000000011,True
11182521.IV.T1215..HN,11182521,2836,28.36,999.0,9.99,18.369999999999997,True
11182521.IV.T1216..EH,11182521,2192,21.92,2570.0,25.7,3.7799999999999976,True
11182521.IV.T1216..HN,11182521,3832,38.32,1434.0,14.34,23.98,True
11182521.IV.T1218..EH,11182521,1712,17.12,1716.0,17.16,0.03999999999999915,True
11182521.IV.T1218..HN,11182521,3531,35.31,1897.0,18.97,16.340000000000003,True
11182521.IV.T1241..EH,11182521,2036,20.36,2037.0,20.37,0.010000000000001563,True
11182521.IV.T1241..HN,11182521,1973,19.73,1992.0,19.92,0.19000000000000128,True
11182521.IV.T1243..HH,11182521,1803,18.03,1806.0,18.06,0.029999999999997584,True
11182521.IV.T1243..HN,11182521,1755,17.55,1757.0,17.57,0.019999999999999574,True
11182521.IV.TERO..HH,11182521,2025,20.25,2100.0,21.0,0.75,True
11182521.IV.TERO..HN,11182521,2137,21.37,2170.0,21.7,0.3299999999999983,True
11182731.IV.CAMP..HH,11182731,2037,20.37,2038.0,20.38,0.00999999999999801,True
11182731.IV.CESI..HH,11182731,1521,15.21,1525.0,15.25,0.03999999999999915,True
11182731.IV.CSP1..EH,11182731,1977,19.77,1987.0,19.87,0.10000000000000142,True
11182731.IV.EL6..EH,11182731,2007,20.07,2008.0,20.080000000000002,0.010000000000001563,True
11182731.IV.FDMO..HH,11182731,2023,20.23,2024.0,20.240000000000002,0.010000000000001563,True
11182731.IV.GIGS..HH,11182731,1778,17.78,1802.0,18.02,0.23999999999999844,True
11182731.IV.GUMA..HH,11182731,1535,15.35,1536.0,15.36,0.009999999999999787,True
11182731.IV.GUMA..HN,11182731,1560,15.6,1592.0,15.92,0.3200000000000003,True
11182731.IV.LNSS..HH,11182731,1607,16.07,1584.0,15.84,0.23000000000000043,True
11182731.IV.MC2..EH,11182731,2028,20.28,1176.0,11.76,8.520000000000001,True
11182731.IV.MMO1..EH,11182731,1928,19.28,1921.0,19.21,0.07000000000000028,True
11182731.IV.MMO1..HN,11182731,1682,16.82,2046.0,20.46,3.6400000000000006,True
11182731.IV.NRCA..HH,11182731,1586,15.860000000000001,1568.0,15.68,0.1800000000000015,True
11182731.IV.NRCA..HN,11182731,1609,16.09,1595.0,15.950000000000001,0.1399999999999988,True
11182731.IV.RM33..EH,11182731,1941,19.41,1763.0,17.63,1.7800000000000011,True
11182731.IV.RM33..HN,11182731,1932,19.32,1937.0,19.37,0.05000000000000071,True
11182731.IV.SNTG..HH,11182731,1705,17.05,1716.0,17.16,0.10999999999999943,True
11182731.IV.SNTG..HN,11182731,1577,15.77,1622.0,16.22,0.4499999999999993,True
11182731.IV.T0110..HH,11182731,1723,17.23,1744.0,17.44,0.21000000000000085,True
11182731.IV.T1211..EH,11182731,3049,30.490000000000002,3063.0,30.63,0.13999999999999702,True
11182731.IV.T1211..HN,11182731,2608,26.080000000000002,2647.0,26.47,0.389999999999997,True
11182731.IV.T1215..EH,11182731,3729,37.29,3735.0,37.35,0.060000000000002274,True
11182731.IV.T1215..HN,11182731,2079,20.79,2090.0,20.900000000000002,0.11000000000000298,True
11182731.IV.T1216..EH,11182731,2019,20.19,2019.0,20.19,0.0,True
11182731.IV.T1216..HN,11182731,4751,47.51,4750.0,47.5,0.00999999999999801,True
11182731.IV.T1218..EH,11182731,3049,30.490000000000002,2239.0,22.39,8.100000000000001,True
11182731.IV.T1218..HN,11182731,2269,22.69,2268.0,22.68,0.010000000000001563,True
11182731.IV.T1219..EH,11182731,1807,18.07,1445.0,14.450000000000001,3.619999999999999,True
11182731.IV.T1219..HN,11182731,2105,21.05,2107.0,21.07,0.019999999999999574,True
11182731.IV.T1243..HH,11182731,2003,20.03,2006.0,20.06,0.029999999999997584,True
11182731.IV.T1243..HN,11182731,2016,20.16,2022.0,20.22,0.05999999999999872,True
11182731.IV.T1245..HH,11182731,2007,20.07,1512.0,15.120000000000001,4.949999999999999,True
11182731.IV.T1245..HN,11182731,2139,21.39,2134.0,21.34,0.05000000000000071,True
11182731.IV.T1247..HH,11182731,1707,17.07,1715.0,17.150000000000002,0.08000000000000185,True
11182731.IV.T1256..HH,11182731,1911,19.11,1008.0,10.08,9.03,True
11182731.IV.T1256..HN,11182731,1864,18.64,1873.0,18.73,0.08999999999999986,True
11182731.IV.TERO..HH,11182731,2003,20.03,2004.0,20.04,0.00999999999999801,True
11182731.IV.TERO..HN,11182731,2057,20.57,2057.0,20.57,0.0,True
11182731.IV.VCEL..EH,11182731,1855,18.55,1854.0,18.54,0.010000000000001563,True
1118311.IV.MAGA..HH,1118311,1703,17.03,1756.0,17.56,0.5299999999999976,True
1118311.IV.NOVE..EH,1118311,2104,21.04,2154.0,21.54,0.5,True
1118311.IV.RAVA..EH,1118311,1742,17.42,1806.0,18.06,0.639999999999997,True
1118311.IV.T0800..HH,1118311,1648,16.48,1665.0,16.65,0.16999999999999815,True
1118311.IV.T0800..HN,1118311,1642,16.42,1656.0,16.56,0.13999999999999702,True
1118311.IV.T0802..HN,1118311,1776,17.76,3819.0,38.19,20.429999999999996,True
1118311.IV.T0819..EH,1118311,1773,17.73,2055.0,20.55,2.8200000000000003,True
1118311.IV.T0819..HN,1118311,1920,19.2,2015.0,20.150000000000002,0.9500000000000028,True
11183781.IV.CAMP..HH,11183781,1709,17.09,1716.0,17.16,0.07000000000000028,True
11183781.IV.CESI..HH,11183781,1780,17.8,1046.0,10.46,7.34,True
11183781.IV.CSP1..EH,11183781,1794,17.94,1546.0,15.46,2.4800000000000004,True
11183781.IV.FEMA..HN,11183781,1998,19.98,1561.0,15.610000000000001,4.369999999999999,True
11183781.IV.GAG1..HN,11183781,1737,17.37,2463.0,24.63,7.259999999999998,True
11183781.IV.GIGS..HH,11183781,1684,16.84,1696.0,16.96,0.120000000000001,True
11183781.IV.GUMA..HH,11183781,1701,17.01,1703.0,17.03,0.019999999999999574,True
11183781.IV.GUMA..HN,11183781,1695,16.95,2130.0,21.3,4.350000000000001,True
11183781.IV.LNSS..HH,11183781,1864,18.64,999.0,9.99,8.65,True
11183781.IV.MC2..EH,11183781,1712,17.12,1705.0,17.05,0.07000000000000028,True
11183781.IV.MDAR..HN,11183781,1664,16.64,1749.0,17.490000000000002,0.8500000000000014,True
11183781.IV.MMO1..EH,11183781,1696,16.96,1417.0,14.17,2.790000000000001,True
11183781.IV.MMO1..HN,11183781,1696,16.96,1714.0,17.14,0.17999999999999972,True
11183781.IV.NRCA..HH,11183781,1607,16.07,999.0,9.99,6.08,True
11183781.IV.NRCA..HN,11183781,1659,16.59,999.0,9.99,6.6,True
11183781.IV.PIEI..HH,11183781,1846,18.46,1909.0,19.09,0.629999999999999,True
11183781.IV.PIEI..HN,11183781,1720,17.2,,,,False
11183781.IV.RM33..EH,11183781,1921,19.21,1950.0,19.5,0.28999999999999915,True
11183781.IV.RM33..HN,11183781,1837,18.37,1928.0,19.28,0.9100000000000001,True
11183781.IV.SEF1..HN,11183781,1820,18.2,1911.0,19.11,0.9100000000000001,True
11183781.IV.SMA1..EH,11183781,1778,17.78,1400.0,14.0,3.780000000000001,True
11183781.IV.SNTG..HH,11183781,1712,17.12,1716.0,17.16,0.03999999999999915,True
11183781.IV.SNTG..HN,11183781,1851,18.51,1991.0,19.91,1.3999999999999986,True
11183781.IV.T1201..HN,11183781,1932,19.32,1966.0,19.66,0.33999999999999986,True
11183781.IV.T1202..EH,11183781,1677,16.77,1063.0,10.63,6.139999999999999,True
11183781.IV.T1204..EH,11183781,1993,19.93,2006.0,20.06,0.129999999999999,True
11183781.IV.T1211..EH,11183781,1895,18.95,1903.0,19.03,0.08000000000000185,True
11183781.IV.T1211..HN,11183781,2439,24.39,2545.0,25.45,1.0599999999999987,True
11183781.IV.T1213..EH,11183781,2209,22.09,2211.0,22.11,0.019999999999999574,True
11183781.IV.T1213..HN,11183781,2946,29.46,2951.0,29.51,0.05000000000000071,True
11183781.IV.T1215..EH,11183781,2353,23.53,999.0,9.99,13.540000000000001,True
11183781.IV.T1215..HN,11183781,5167,51.67,3921.0,39.21,12.46,True
11183781.IV.T1216..EH,11183781,1927,19.27,999.0,9.99,9.28,True
11183781.IV.T1216..HN,11183781,2780,27.8,1553.0,15.530000000000001,12.27,True
11183781.IV.T1217..EH,11183781,2186,21.86,1006.0,10.06,11.799999999999999,True
11183781.IV.T1217..HN,11183781,2915,29.150000000000002,1747.0,17.47,11.680000000000003,True
11183781.IV.T1218..EH,11183781,1950,19.5,1948.0,19.48,0.019999999999999574,True
11183781.IV.T1218..HN,11183781,2188,21.88,2202.0,22.02,0.14000000000000057,True
11183781.IV.T1219..EH,11183781,3502,35.02,2772.0,27.72,7.300000000000004,True
11183781.IV.T1219..HN,11183781,2317,23.17,2321.0,23.21,0.03999999999999915,True
11183781.IV.T1220..EH,11183781,3232,32.32,2896.0,28.96,3.3599999999999994,True
11183781.IV.T1220..HN,11183781,1966,19.66,1267.0,12.67,6.99,True
11183781.IV.T1221..EH,11183781,2062,20.62,999.0,9.99,10.63,True
11183781.IV.T1221..HN,11183781,3134,31.34,3143.0,31.43,0.08999999999999986,True
11183781.IV.T1241..EH,11183781,1795,17.95,1773.0,17.73,0.21999999999999886,True
11183781.IV.T1241..HN,11183781,1830,18.3,1834.0,18.34,0.03999999999999915,True
11183781.IV.T1243..HH,11183781,1793,17.93,1251.0,12.51,5.42,True
11183781.IV.T1243..HN,11183781,1725,17.25,1740.0,17.400000000000002,0.15000000000000213,True
11183781.IV.T1244..EH,11183781,1730,17.3,1733.0,17.330000000000002,0.030000000000001137,True
11183781.IV.T1244..HN,11183781,1759,17.59,1764.0,17.64,0.05000000000000071,True
11183781.IV.T1245..HH,11183781,2125,21.25,1133.0,11.33,9.92,True
11183781.IV.T1245..HN,11183781,1789,17.89,1793.0,17.93,0.03999999999999915,True
11183781.IV.T1246..HH,11183781,1927,19.27,1921.0,19.21,0.05999999999999872,True
11183781.IV.T1247..HH,11183781,1540,15.4,2332.0,23.32,7.92,True
11183781.IV.T1256..HH,11183781,2007,20.07,1997.0,19.97,0.10000000000000142,True
11183781.IV.T1256..HN,11183781,1939,19.39,1942.0,19.42,0.030000000000001137,True
11183781.IV.T1299..EH,11183781,1975,19.75,1989.0,19.89,0.14000000000000057,True
11183781.IV.T1299..HN,11183781,1998,19.98,1486.0,14.86,5.120000000000001,True
11184041.IV.CAMP..HH,11184041,2019,20.19,1618.0,16.18,4.010000000000002,True
11184041.IV.CESI..HH,11184041,1871,18.71,1887.0,18.87,0.16000000000000014,True
11184041.IV.CSP1..EH,11184041,1555,15.55,1562.0,15.620000000000001,0.07000000000000028,True
11184041.IV.FAGN..HH,11184041,1957,19.57,1965.0,19.650000000000002,0.08000000000000185,True
11184041.IV.FDMO..HH,11184041,1723,17.23,1739.0,17.39,0.16000000000000014,True
11184041.IV.FIAM..HH,11184041,1887,18.87,1925.0,19.25,0.379999999999999,True
11184041.IV.FIAM..HN,11184041,2206,22.06,1900.0,19.0,3.0599999999999987,True
11184041.IV.GIGS..HH,11184041,1953,19.53,1955.0,19.55,0.019999999999999574,True
11184041.IV.GUMA..HH,11184041,2037,20.37,1336.0,13.36,7.010000000000002,True
11184041.IV.GUMA..HN,11184041,1975,19.75,2039.0,20.39,0.6400000000000006,True
11184041.IV.LNSS..HH,11184041,1655,16.55,1627.0,16.27,0.28000000000000114,True
11184041.IV.MC2..EH,11184041,1792,17.92,1820.0,18.2,0.2799999999999976,True
11184041.IV.MMO1..EH,11184041,1557,15.57,1558.0,15.58,0.009999999999999787,True
11184041.IV.MMO1..HN,11184041,1537,15.370000000000001,2165.0,21.650000000000002,6.280000000000001,True
11184041.IV.NRCA..HH,11184041,2141,21.41,2142.0,21.42,0.010000000000001563,True
11184041.IV.NRCA..HN,11184041,1989,19.89,1991.0,19.91,0.019999999999999574,True
11184041.IV.RM33..EH,11184041,1642,16.42,1358.0,13.58,2.8400000000000016,True
11184041.IV.RM33..HN,11184041,1527,15.27,1528.0,15.280000000000001,0.010000000000001563,True
11184041.IV.SMA1..EH,11184041,1675,16.75,1649.0,16.490000000000002,0.259999999999998,True
11184041.IV.T0110..HH,11184041,1562,15.620000000000001,1560.0,15.6,0.02000000000000135,True
11184041.IV.T1218..EH,11184041,1605,16.05,1599.0,15.99,0.0600000000000005,True
11184041.IV.T1218..HN,11184041,1839,18.39,1840.0,18.400000000000002,0.010000000000001563,True
11184041.IV.T1219..EH,11184041,4622,46.22,1802.0,18.02,28.2,True
11184041.IV.T1219..HN,11184041,1780,17.8,1821.0,18.21,0.41000000000000014,True
11184041.IV.T1247..HH,11184041,1693,16.93,1695.0,16.95,0.019999999999999574,True
11184041.IV.T1256..HH,11184041,1895,18.95,1899.0,18.990000000000002,0.0400000000000027,True
11184041.IV.T1256..HN,11184041,1753,17.53,1817.0,18.17,0.6400000000000006,True
11184041.IV.TERO..HH,11184041,1945,19.45,1387.0,13.870000000000001,5.579999999999998,True
11184041.IV.TERO..HN,11184041,1941,19.41,1394.0,13.94,5.470000000000001,True
11184871.IV.CSP1..EH,11184871,1971,19.71,1997.0,19.97,0.259999999999998,True
11184871.IV.FDMO..HH,11184871,1880,18.8,1876.0,18.76,0.03999999999999915,True
11184871.IV.SNTG..HH,11184871,1736,17.36,1835.0,18.35,0.990000000000002,True
11184871.IV.SNTG..HN,11184871,1741,17.41,2252.0,22.52,5.109999999999999,True
11184871.IV.T1216..EH,11184871,2562,25.62,2893.0,28.93,3.3099999999999987,True
11184871.IV.T1216..HN,11184871,2987,29.87,3328.0,33.28,3.41,True
11184871.IV.T1219..EH,11184871,4003,40.03,999.0,9.99,30.04,True
11184871.IV.T1219..HN,11184871,2495,24.95,2497.0,24.97,0.019999999999999574,True
11184871.IV.T1256..HH,11184871,1701,17.01,1702.0,17.02,0.00999999999999801,True
11185151.IV.ARVD..HH,11185151,1746,17.46,1818.0,18.18,0.7199999999999989,True
11185151.IV.CAMP..HH,11185151,1921,19.21,1913.0,19.13,0.08000000000000185,True
11185151.IV.CESI..HH,11185151,1751,17.51,1759.0,17.59,0.0799999999999983,True
11185151.IV.CESX..HH,11185151,1598,15.98,1626.0,16.26,0.28000000000000114,True
11185151.IV.CSP1..EH,11185151,1798,17.98,1002.0,10.02,7.960000000000001,True
11185151.IV.EL6..EH,11185151,1761,17.61,1798.0,17.98,0.370000000000001,True
11185151.IV.FAGN..HH,11185151,1682,16.82,1719.0,17.19,0.370000000000001,True
11185151.IV.FDMO..HH,11185151,1766,17.66,1778.0,17.78,0.120000000000001,True
11185151.IV.FIAM..HH,11185151,1612,16.12,1658.0,16.580000000000002,0.46000000000000085,True
11185151.IV.FIAM..HN,11185151,1566,15.66,1627.0,16.27,0.6099999999999994,True
11185151.IV.GIGS..HH,11185151,1755,17.55,1766.0,17.66,0.10999999999999943,True
11185151.IV.GUMA..HH,11185151,1794,17.94,1796.0,17.96,0.019999999999999574,True
11185151.IV.GUMA..HN,11185151,1773,17.73,6763.0,67.63,49.89999999999999,True
11185151.IV.INTR..HH,11185151,1566,15.66,1567.0,15.67,0.009999999999999787,True
11185151.IV.INTR..HN,11185151,1646,16.46,,,,False
11185151.IV.LNSS..HH,11185151,2021,20.21,1996.0,19.96,0.25,True
11185151.IV.MC2..EH,11185151,1809,18.09,1814.0,18.14,0.05000000000000071,True
11185151.IV.MMO1..EH,11185151,1864,18.64,1866.0,18.66,0.019999999999999574,True
11185151.IV.MMO1..HN,11185151,1835,18.35,2390.0,23.900000000000002,5.550000000000001,True
11185151.IV.OFFI..HH,11185151,1827,18.27,1829.0,18.29,0.019999999999999574,True
11185151.IV.RM33..EH,11185151,1812,18.12,1783.0,17.830000000000002,0.28999999999999915,True
11185151.IV.RM33..HN,11185151,1789,17.89,1777.0,17.77,0.120000000000001,True
11185151.IV.SMA1..EH,11185151,1912,19.12,1888.0,18.88,0.240000000000002,True
11185151.IV.SNTG..HH,11185151,1903,19.03,1928.0,19.28,0.25,True
11185151.IV.SNTG..HN,11185151,1951,19.51,3191.0,31.91,12.399999999999999,True
11185151.IV.T0110..HH,11185151,2094,20.94,2102.0,21.02,0.0799999999999983,True
11185151.IV.T1215..EH,11185151,2287,22.87,1061.0,10.61,12.260000000000002,True
11185151.IV.T1215..HN,11185151,4484,44.84,3267.0,32.67,12.170000000000002,True
11185151.IV.T1216..EH,11185151,3356,33.56,1803.0,18.03,15.530000000000001,True
11185151.IV.T1216..HN,11185151,3682,36.82,2148.0,21.48,15.34,True
11185151.IV.T1218..EH,11185151,1687,16.87,1624.0,16.240000000000002,0.629999999999999,True
11185151.IV.T1218..HN,11185151,2415,24.150000000000002,999.0,9.99,14.160000000000002,True
11185151.IV.T1219..EH,11185151,4056,40.56,3332.0,33.32,7.240000000000002,True
11185151.IV.T1219..HN,11185151,2177,21.77,1964.0,19.64,2.129999999999999,True
11185151.IV.T1241..EH,11185151,1994,19.94,999.0,9.99,9.950000000000001,True
11185151.IV.T1241..HN,11185151,1971,19.71,1973.0,19.73,0.019999999999999574,True
11185151.IV.T1243..HH,11185151,1821,18.21,1813.0,18.13,0.08000000000000185,True
11185151.IV.T1243..HN,11185151,1750,17.5,1751.0,17.51,0.010000000000001563,True
11185151.IV.T1245..HH,11185151,1660,16.6,1671.0,16.71,0.10999999999999943,True
11185151.IV.T1245..HN,11185151,1620,16.2,1662.0,16.62,0.4200000000000017,True
11185151.IV.T1247..HH,11185151,1657,16.57,1661.0,16.61,0.03999999999999915,True
11185151.IV.T1256..HH,11185151,1892,18.92,1026.0,10.26,8.660000000000002,True
11185151.IV.TERO..HH,11185151,1961,19.61,1954.0,19.54,0.07000000000000028,True
11185151.IV.TERO..HN,11185151,2079,20.79,2079.0,20.79,0.0,True
11185151.IV.VCEL..EH,11185151,2035,20.35,1130.0,11.3,9.05,True
11185911.IV.CAMP..HH,11185911,1734,17.34,1731.0,17.31,0.030000000000001137,True
11185911.IV.CESI..HH,11185911,2012,20.12,2009.0,20.09,0.030000000000001137,True
11185911.IV.FDMO..HH,11185911,1541,15.41,1543.0,15.43,0.019999999999999574,True
11185911.IV.GIGS..HH,11185911,1753,17.53,1763.0,17.63,0.09999999999999787,True
11185911.IV.GUMA..HH,11185911,1677,16.77,1694.0,16.94,0.1700000000000017,True
11185911.IV.GUMA..HN,11185911,1728,17.28,1092.0,10.92,6.360000000000001,True
11185911.IV.LNSS..HH,11185911,1935,19.35,1890.0,18.900000000000002,0.4499999999999993,True
11185911.IV.MMO1..EH,11185911,2030,20.3,2040.0,20.400000000000002,0.10000000000000142,True
11185911.IV.MMO1..HN,11185911,1889,18.89,2406.0,24.060000000000002,5.170000000000002,True
11185911.IV.NRCA..HH,11185911,1984,19.84,1046.0,10.46,9.379999999999999,True
11185911.IV.NRCA..HN,11185911,2060,20.6,2057.0,20.57,0.030000000000001137,True
11185911.IV.RM33..EH,11185911,2147,21.47,1180.0,11.8,9.669999999999998,True
11185911.IV.RM33..HN,11185911,2048,20.48,2049.0,20.490000000000002,0.010000000000001563,True
11185911.IV.SMA1..EH,11185911,1976,19.76,1897.0,18.97,0.7900000000000027,True
11185911.IV.T1215..EH,11185911,2753,27.53,1723.0,17.23,10.3,True
11185911.IV.T1215..HN,11185911,2997,29.97,2999.0,29.990000000000002,0.020000000000003126,True
11185911.IV.T1216..EH,11185911,2882,28.82,2888.0,28.88,0.05999999999999872,True
11185911.IV.T1216..HN,11185911,2897,28.97,2904.0,29.04,0.07000000000000028,True
11185911.IV.T1218..EH,11185911,2241,22.41,1496.0,14.96,7.449999999999999,True
11185911.IV.T1218..HN,11185911,2005,20.05,1456.0,14.56,5.49,True
11185911.IV.T1219..EH,11185911,2600,26.0,2606.0,26.060000000000002,0.060000000000002274,True
11185911.IV.T1219..HN,11185911,2155,21.55,2219.0,22.19,0.6400000000000006,True
11185911.IV.T1241..EH,11185911,1682,16.82,1680.0,16.8,0.019999999999999574,True
11185911.IV.T1243..HH,11185911,1593,15.93,1584.0,15.84,0.08999999999999986,True
11185911.IV.T1243..HN,11185911,1653,16.53,1652.0,16.52,0.010000000000001563,True
11185911.IV.T1245..HH,11185911,2005,20.05,2001.0,20.01,0.03999999999999915,True
11185911.IV.T1245..HN,11185911,1719,17.19,1726.0,17.26,0.07000000000000028,True
11185911.IV.T1256..HH,11185911,1814,18.14,1815.0,18.150000000000002,0.010000000000001563,True
11185911.IV.T1256..HN,11185911,1889,18.89,1992.0,19.92,1.0300000000000011,True
11185911.IV.TERO..HH,11185911,2144,21.44,2138.0,21.38,0.060000000000002274,True
11185911.IV.TERO..HN,11185911,1998,19.98,1999.0,19.990000000000002,0.010000000000001563,True
11186531.IV.CESI..HH,11186531,1696,16.96,1695.0,16.95,0.010000000000001563,True
11186531.IV.CSP1..EH,11186531,2079,20.79,2101.0,21.01,0.22000000000000242,True
11186531.IV.MC2..EH,11186531,2079,20.79,2172.0,21.72,0.9299999999999997,True
11186531.IV.MMO1..EH,11186531,2003,20.03,2004.0,20.04,0.00999999999999801,True
11186531.IV.MMO1..HN,11186531,2012,20.12,,,,False
11186531.IV.NRCA..HH,11186531,1675,16.75,1697.0,16.97,0.21999999999999886,True
11186531.IV.NRCA..HN,11186531,1644,16.44,1672.0,16.72,0.2799999999999976,True
11186531.IV.SNTG..HH,11186531,1780,17.8,1934.0,19.34,1.5399999999999991,True
11186531.IV.SNTG..HN,11186531,1780,17.8,,,,False
11186531.IV.T1215..EH,11186531,3935,39.35,2319.0,23.19,16.16,True
11186531.IV.T1215..HN,11186531,3468,34.68,2080.0,20.8,13.879999999999999,True
11186531.IV.T1216..EH,11186531,3306,33.06,1550.0,15.5,17.560000000000002,True
11186531.IV.T1216..HN,11186531,3718,37.18,2301.0,23.01,14.169999999999998,True
11186531.IV.T1219..EH,11186531,2381,23.81,2395.0,23.95,0.14000000000000057,True
11186531.IV.T1219..HN,11186531,3091,30.91,1537.0,15.370000000000001,15.54,True
11186531.IV.T1245..HH,11186531,1693,16.93,1695.0,16.95,0.019999999999999574,True
11186531.IV.T1245..HN,11186531,1614,16.14,1653.0,16.53,0.39000000000000057,True
11186531.IV.T1256..HH,11186531,2002,20.02,2020.0,20.2,0.17999999999999972,True
11186531.IV.T1256..HN,11186531,2104,21.04,2423.0,24.23,3.1900000000000013,True
11187101.IV.GIGS..HH,11187101,1832,18.32,2255.0,22.55,4.23,True
11187101.IV.LNSS..HH,11187101,1916,19.16,999.0,9.99,9.17,True
11187101.IV.RM33..EH,11187101,1959,19.59,999.0,9.99,9.6,True
11187101.IV.RM33..HN,11187101,2023,20.23,999.0,9.99,10.24,True
11187101.IV.SMA1..EH,11187101,2028,20.28,999.0,9.99,10.290000000000001,True
11187101.IV.T1218..EH,11187101,2460,24.6,1304.0,13.040000000000001,11.56,True
11187101.IV.T1218..HN,11187101,2608,26.080000000000002,1485.0,14.85,11.230000000000002,True
11187101.IV.T1243..HH,11187101,1787,17.87,999.0,9.99,7.880000000000001,True
11187101.IV.T1243..HN,11187101,1764,17.64,1000.0,10.0,7.640000000000001,True
11187101.IV.TERO..HH,11187101,1553,15.530000000000001,1649.0,16.490000000000002,0.9600000000000009,True
11188061.IV.CAMP..HH,11188061,1980,19.8,1959.0,19.59,0.21000000000000085,True
11188061.IV.CSP1..EH,11188061,1689,16.89,1707.0,17.07,0.17999999999999972,True
11188061.IV.FDMO..HH,11188061,1978,19.78,1989.0,19.89,0.10999999999999943,True
11188061.IV.FIAM..HH,11188061,1736,17.36,1751.0,17.51,0.15000000000000213,True
11188061.IV.FIAM..HN,11188061,1773,17.73,1846.0,18.46,0.7300000000000004,True
11188061.IV.GIGS..HH,11188061,1920,19.2,1924.0,19.240000000000002,0.0400000000000027,True
11188061.IV.GUMA..HH,11188061,1839,18.39,1846.0,18.46,0.07000000000000028,True
11188061.IV.GUMA..HN,11188061,1825,18.25,999.0,9.99,8.26,True
11188061.IV.LNSS..HH,11188061,1837,18.37,1823.0,18.23,0.14000000000000057,True
11188061.IV.NRCA..HH,11188061,1850,18.5,1871.0,18.71,0.21000000000000085,True
11188061.IV.NRCA..HN,11188061,1796,17.96,1822.0,18.22,0.259999999999998,True
11188061.IV.RM33..EH,11188061,1853,18.53,1024.0,10.24,8.290000000000001,True
11188061.IV.RM33..HN,11188061,1828,18.28,1007.0,10.07,8.21,True
11188061.IV.T0110..HH,11188061,1985,19.85,2012.0,20.12,0.2699999999999996,True
11188061.IV.T1201..HN,11188061,1696,16.96,1692.0,16.92,0.03999999999999915,True
11188061.IV.T1202..EH,11188061,1778,17.78,1781.0,17.81,0.029999999999997584,True
11188061.IV.T1204..EH,11188061,1857,18.57,1856.0,18.56,0.010000000000001563,True
11188061.IV.T1213..EH,11188061,2115,21.150000000000002,2309.0,23.09,1.9399999999999977,True
11188061.IV.T1213..HN,11188061,3359,33.59,1734.0,17.34,16.250000000000004,True
11188061.IV.T1215..EH,11188061,4357,43.57,2365.0,23.650000000000002,19.919999999999998,True
11188061.IV.T1215..HN,11188061,4306,43.06,4334.0,43.34,0.28000000000000114,True
11188061.IV.T1216..EH,11188061,3592,35.92,3656.0,36.56,0.6400000000000006,True
11188061.IV.T1216..HN,11188061,3440,34.4,3487.0,34.87,0.46999999999999886,True
11188061.IV.T1218..EH,11188061,2341,23.41,1021.0,10.21,13.2,True
11188061.IV.T1218..HN,11188061,4541,45.410000000000004,3221.0,32.21,13.200000000000003,True
11188061.IV.T1219..EH,11188061,1670,16.7,1782.0,17.82,1.120000000000001,True
11188061.IV.T1219..HN,11188061,1791,17.91,1827.0,18.27,0.35999999999999943,True
11188061.IV.T1241..EH,11188061,1737,17.37,1739.0,17.39,0.019999999999999574,True
11188061.IV.T1241..HN,11188061,1750,17.5,1784.0,17.84,0.33999999999999986,True
11188061.IV.T1243..HH,11188061,1685,16.85,1681.0,16.81,0.0400000000000027,True
11188061.IV.T1243..HN,11188061,1642,16.42,1648.0,16.48,0.05999999999999872,True
11188061.IV.T1245..HH,11188061,1671,16.71,1863.0,18.63,1.9199999999999982,True
11188061.IV.T1245..HN,11188061,1686,16.86,2213.0,22.13,5.27,True
11188061.IV.T1246..HH,11188061,1714,17.14,1693.0,16.93,0.21000000000000085,True
11188061.IV.T1247..HH,11188061,1962,19.62,1964.0,19.64,0.019999999999999574,True
11188061.IV.T1256..HH,11188061,1621,16.21,1640.0,16.4,0.18999999999999773,True
11188061.IV.T1256..HN,11188061,1652,16.52,2411.0,24.11,7.59,True
11188061.IV.T1299..EH,11188061,1980,19.8,1193.0,11.93,7.870000000000001,True
11188061.IV.T1299..HN,11188061,1898,18.98,1979.0,19.79,0.8099999999999987,True
11188061.IV.TERO..HH,11188061,1834,18.34,1828.0,18.28,0.05999999999999872,True
11188061.IV.TERO..HN,11188061,2056,20.56,2058.0,20.580000000000002,0.020000000000003126,True
11188061.IV.VCEL..EH,11188061,1680,16.8,1701.0,17.01,0.21000000000000085,True
11188801.IV.CAMP..HH,11188801,1962,19.62,1981.0,19.81,0.18999999999999773,True
11188801.IV.CSP1..EH,11188801,1996,19.96,2008.0,20.080000000000002,0.120000000000001,True
11188801.IV.FDMO..HH,11188801,1848,18.48,1130.0,11.3,7.18,True
11188801.IV.GIGS..HH,11188801,1998,19.98,2042.0,20.42,0.4400000000000013,True
11188801.IV.GUMA..HH,11188801,2002,20.02,2072.0,20.72,0.6999999999999993,True
11188801.IV.GUMA..HN,11188801,1875,18.75,999.0,9.99,8.76,True
11188801.IV.LNSS..HH,11188801,1577,15.77,1569.0,15.69,0.08000000000000007,True
11188801.IV.MMO1..EH,11188801,1627,16.27,1637.0,16.37,0.10000000000000142,True
11188801.IV.MMO1..HN,11188801,1599,15.99,,,,False
11188801.IV.NRCA..HH,11188801,1968,19.68,1969.0,19.69,0.010000000000001563,True
11188801.IV.NRCA..HN,11188801,1959,19.59,1962.0,19.62,0.030000000000001137,True
11188801.IV.RM33..EH,11188801,1760,17.6,1515.0,15.15,2.450000000000001,True
11188801.IV.RM33..HN,11188801,1782,17.82,1844.0,18.44,0.620000000000001,True
11188801.IV.SMA1..EH,11188801,1967,19.67,1782.0,17.82,1.8500000000000014,True
11188801.IV.T1215..EH,11188801,2328,23.28,2421.0,24.21,0.9299999999999997,True
11188801.IV.T1215..HN,11188801,4936,49.36,5034.0,50.34,0.980000000000004,True
11188801.IV.T1216..EH,11188801,2915,29.150000000000002,3089.0,30.89,1.7399999999999984,True
11188801.IV.T1216..HN,11188801,3274,32.74,1063.0,10.63,22.11,True
11188801.IV.T1218..EH,11188801,2025,20.25,2026.0,20.26,0.010000000000001563,True
11188801.IV.T1218..HN,11188801,2016,20.16,2012.0,20.12,0.03999999999999915,True
11188801.IV.T1219..EH,11188801,2437,24.37,1144.0,11.44,12.930000000000001,True
11188801.IV.T1219..HN,11188801,3157,31.57,1152.0,11.52,20.05,True
11188801.IV.T1241..EH,11188801,1784,17.84,1789.0,17.89,0.05000000000000071,True
11188801.IV.T1241..HN,11188801,1841,18.41,1894.0,18.94,0.5300000000000011,True
11188801.IV.T1243..HH,11188801,1687,16.87,1645.0,16.45,0.4200000000000017,True
11188801.IV.T1243..HN,11188801,1655,16.55,1615.0,16.15,0.40000000000000213,True
11188801.IV.T1245..HH,11188801,1798,17.98,1801.0,18.01,0.030000000000001137,True
11188801.IV.T1245..HN,11188801,1803,18.03,2130.0,21.3,3.2699999999999996,True
11188801.IV.T1247..HH,11188801,1773,17.73,1895.0,18.95,1.2199999999999989,True
11188801.IV.T1256..HH,11188801,1869,18.69,1894.0,18.94,0.25,True
11188801.IV.T1256..HN,11188801,1871,18.71,,,,False
11188801.IV.TERO..HH,11188801,1946,19.46,1919.0,19.19,0.2699999999999996,True
11188801.IV.TERO..HN,11188801,2138,21.38,2112.0,21.12,0.259999999999998,True
11189011.IV.CAMP..HH,11189011,1803,18.03,1056.0,10.56,7.470000000000001,True
11189011.IV.CSP1..EH,11189011,1920,19.2,1369.0,13.69,5.51,True
11189011.IV.FAGN..HH,11189011,1644,16.44,1831.0,18.31,1.8699999999999974,True
11189011.IV.FDMO..HH,11189011,1746,17.46,1841.0,18.41,0.9499999999999993,True
11189011.IV.FIAM..HH,11189011,1598,15.98,1687.0,16.87,0.8900000000000006,True
11189011.IV.FIAM..HN,11189011,1712,17.12,1781.0,17.81,0.6899999999999977,True
11189011.IV.GIGS..HH,11189011,1753,17.53,1763.0,17.63,0.09999999999999787,True
11189011.IV.GUMA..HH,11189011,1775,17.75,1776.0,17.76,0.010000000000001563,True
11189011.IV.GUMA..HN,11189011,1798,17.98,1898.0,18.98,1.0,True
11189011.IV.LNSS..HH,11189011,1680,16.8,1170.0,11.700000000000001,5.1,True
11189011.IV.MMO1..EH,11189011,1994,19.94,1283.0,12.83,7.110000000000001,True
11189011.IV.MMO1..HN,11189011,1984,19.84,2635.0,26.35,6.510000000000002,True
11189011.IV.NRCA..HH,11189011,1941,19.41,1333.0,13.33,6.08,True
11189011.IV.NRCA..HN,11189011,2000,20.0,1398.0,13.98,6.02,True
11189011.IV.OFFI..HH,11189011,1839,18.39,1851.0,18.51,0.120000000000001,True
11189011.IV.RM33..EH,11189011,1905,19.05,1048.0,10.48,8.57,True
11189011.IV.RM33..HN,11189011,1845,18.45,1026.0,10.26,8.19,True
11189011.IV.SMA1..EH,11189011,1826,18.26,1824.0,18.240000000000002,0.019999999999999574,True
11189011.IV.SNTG..HH,11189011,1590,15.9,1661.0,16.61,0.7099999999999991,True
11189011.IV.SNTG..HN,11189011,1621,16.21,,,,False
11189011.IV.T1215..EH,11189011,2270,22.7,1522.0,15.22,7.479999999999999,True
11189011.IV.T1215..HN,11189011,2662,26.62,2689.0,26.89,0.2699999999999996,True
11189011.IV.T1216..EH,11189011,2470,24.7,2548.0,25.48,0.7800000000000011,True
11189011.IV.T1216..HN,11189011,4747,47.47,4829.0,48.29,0.8200000000000003,True
11189011.IV.T1218..EH,11189011,3725,37.25,1014.0,10.14,27.11,True
11189011.IV.T1218..HN,11189011,1757,17.57,1758.0,17.580000000000002,0.010000000000001563,True
11189011.IV.T1219..EH,11189011,1887,18.87,2115.0,21.150000000000002,2.280000000000001,True
11189011.IV.T1219..HN,11189011,2876,28.76,1753.0,17.53,11.23,True
11189011.IV.T1241..EH,11189011,1666,16.66,1180.0,11.8,4.859999999999999,True
11189011.IV.T1243..HH,11189011,1810,18.1,1805.0,18.05,0.05000000000000071,True
11189011.IV.T1243..HN,11189011,1759,17.59,1762.0,17.62,0.030000000000001137,True
11189011.IV.T1245..HH,11189011,1648,16.48,999.0,9.99,6.49,True
11189011.IV.T1245..HN,11189011,1639,16.39,1243.0,12.43,3.960000000000001,True
11189011.IV.T1247..HH,11189011,1937,19.37,1946.0,19.46,0.08999999999999986,True
11189011.IV.T1256..HH,11189011,1964,19.64,1253.0,12.530000000000001,7.109999999999999,True
11189011.IV.TERO..HH,11189011,1682,16.82,1339.0,13.39,3.4299999999999997,True
11189011.IV.TERO..HN,11189011,2021,20.21,2023.0,20.23,0.019999999999999574,True
11189011.IV.VCEL..EH,11189011,1920,19.2,1918.0,19.18,0.019999999999999574,True
1118941.IV.ATBU..EH,1118941,1801,18.01,1804.0,18.04,0.029999999999997584,True
1118941.IV.CING..HH,1118941,2016,20.16,2002.0,20.02,0.14000000000000057,True
1118941.IV.EL6..EH,1118941,1828,18.28,1821.0,18.21,0.07000000000000028,True
1118941.IV.FDMO..HH,1118941,2011,20.11,2016.0,20.16,0.05000000000000071,True
1118941.IV.MPAG..EH,1118941,1789,17.89,1822.0,18.22,0.3299999999999983,True
1118941.IV.MPAG..HN,1118941,1800,18.0,,,,False
1118941.IV.PIEI..HH,1118941,1512,15.120000000000001,2531.0,25.310000000000002,10.190000000000001,True
1118941.IV.SNTG..HH,1118941,2169,21.69,2181.0,21.81,0.11999999999999744,True
1118941.IV.SNTG..HN,1118941,2057,20.57,,,,False
11189931.IV.CAMP..HH,11189931,1926,19.26,1929.0,19.29,0.029999999999997584,True
11189931.IV.CERT..HH,11189931,1926,19.26,1931.0,19.31,0.04999999999999716,True
11189931.IV.CSP1..EH,11189931,1693,16.93,1692.0,16.92,0.00999999999999801,True
11189931.IV.FIAM..HH,11189931,1919,19.19,1220.0,12.200000000000001,6.99,True
11189931.IV.FIAM..HN,11189931,1802,18.02,1805.0,18.05,0.030000000000001137,True
11189931.IV.GIGS..HH,11189931,2036,20.36,2050.0,20.5,0.14000000000000057,True
11189931.IV.GUMA..HH,11189931,2001,20.01,2010.0,20.1,0.08999999999999986,True
11189931.IV.GUMA..HN,11189931,1936,19.36,2000.0,20.0,0.6400000000000006,True
11189931.IV.LNSS..HH,11189931,1844,18.44,1845.0,18.45,0.00999999999999801,True
11189931.IV.MC2..EH,11189931,2007,20.07,2008.0,20.080000000000002,0.010000000000001563,True
11189931.IV.NRCA..HH,11189931,1632,16.32,1634.0,16.34,0.019999999999999574,True
11189931.IV.NRCA..HN,11189931,1653,16.53,1656.0,16.56,0.029999999999997584,True
11189931.IV.RM33..EH,11189931,1839,18.39,1826.0,18.26,0.129999999999999,True
11189931.IV.RM33..HN,11189931,1862,18.62,1857.0,18.57,0.05000000000000071,True
11189931.IV.SMA1..EH,11189931,1636,16.36,1142.0,11.42,4.9399999999999995,True
11189931.IV.T0110..HH,11189931,1936,19.36,2080.0,20.8,1.4400000000000013,True
11189931.IV.T1215..EH,11189931,4222,42.22,1799.0,17.990000000000002,24.229999999999997,True
11189931.IV.T1215..HN,11189931,5003,50.03,5021.0,50.21,0.17999999999999972,True
11189931.IV.T1218..EH,11189931,2039,20.39,2041.0,20.41,0.019999999999999574,True
11189931.IV.T1218..HN,11189931,4750,47.5,4752.0,47.52,0.020000000000003126,True
11189931.IV.T1243..HH,11189931,2123,21.23,2118.0,21.18,0.05000000000000071,True
11189931.IV.T1243..HN,11189931,2041,20.41,2039.0,20.39,0.019999999999999574,True
11189931.IV.T1245..HH,11189931,2146,21.46,2144.0,21.44,0.019999999999999574,True
11189931.IV.T1245..HN,11189931,2073,20.73,2127.0,21.27,0.5399999999999991,True
11189931.IV.T1247..HH,11189931,2026,20.26,1858.0,18.580000000000002,1.6799999999999997,True
11189931.IV.T1256..HH,11189931,1760,17.6,1764.0,17.64,0.03999999999999915,True
11189931.IV.T1256..HN,11189931,1717,17.17,2686.0,26.86,9.689999999999998,True
11189931.IV.TERO..HH,11189931,1796,17.96,1799.0,17.990000000000002,0.030000000000001137,True
11189931.IV.TERO..HN,11189931,1778,17.78,1788.0,17.88,0.09999999999999787,True
11190061.IV.ARVD..HH,11190061,2039,20.39,2047.0,20.47,0.0799999999999983,True
11190061.IV.ATCC..EH,11190061,1844,18.44,1846.0,18.46,0.019999999999999574,True
11190061.IV.ATCC..HN,11190061,1782,17.82,1786.0,17.86,0.03999999999999915,True
11190061.IV.CESI..HH,11190061,1757,17.57,1733.0,17.330000000000002,0.23999999999999844,True
11190061.IV.CESX..HH,11190061,2003,20.03,2014.0,20.14,0.10999999999999943,True
11190061.IV.CING..HH,11190061,1639,16.39,1645.0,16.45,0.05999999999999872,True
11190061.IV.CSP1..EH,11190061,1603,16.03,1564.0,15.64,0.39000000000000057,True
11190061.IV.FEMA..HN,11190061,1705,17.05,1707.0,17.07,0.019999999999999574,True
11190061.IV.FIU1..HN,11190061,1803,18.03,1941.0,19.41,1.379999999999999,True
11190061.IV.FRON..EH,11190061,1664,16.64,1053.0,10.53,6.110000000000001,True
11190061.IV.GUMA..HH,11190061,1870,18.7,1877.0,18.77,0.07000000000000028,True
11190061.IV.GUMA..HN,11190061,1823,18.23,1388.0,13.88,4.35,True
11190061.IV.LNSS..HH,11190061,1832,18.32,1832.0,18.32,0.0,True
11190061.IV.MC2..EH,11190061,1680,16.8,1686.0,16.86,0.05999999999999872,True
11190061.IV.MDAR..HN,11190061,1995,19.95,2000.0,20.0,0.05000000000000071,True
11190061.IV.MMO1..EH,11190061,1862,18.62,1871.0,18.71,0.08999999999999986,True
11190061.IV.MMO1..HN,11190061,1932,19.32,2467.0,24.67,5.350000000000001,True
11190061.IV.MMUR..HN,11190061,1884,18.84,1944.0,19.44,0.6000000000000014,True
11190061.IV.MTL1..HN,11190061,1673,16.73,1907.0,19.07,2.34,True
11190061.IV.NRCA..HH,11190061,1842,18.42,1846.0,18.46,0.03999999999999915,True
11190061.IV.NRCA..HN,11190061,1736,17.36,1745.0,17.45,0.08999999999999986,True
11190061.IV.PIO1..HN,11190061,1780,17.8,2009.0,20.09,2.289999999999999,True
11190061.IV.SEF1..HN,11190061,1902,19.02,1916.0,19.16,0.14000000000000057,True
11190061.IV.SMA1..EH,11190061,1567,15.67,1599.0,15.99,0.3200000000000003,True
11190061.IV.SNTG..HH,11190061,1987,19.87,1986.0,19.86,0.010000000000001563,True
11190061.IV.SNTG..HN,11190061,1986,19.86,2003.0,20.03,0.1700000000000017,True
11190061.IV.SSFR..HH,11190061,1714,17.14,1719.0,17.19,0.05000000000000071,True
11190061.IV.SSFR..HN,11190061,1659,16.59,1725.0,17.25,0.6600000000000001,True
11190061.IV.T1201..HN,11190061,2190,21.900000000000002,1983.0,19.830000000000002,2.0700000000000003,True
11190061.IV.T1202..EH,11190061,1846,18.46,1474.0,14.74,3.7200000000000006,True
11190061.IV.T1204..EH,11190061,1795,17.95,1803.0,18.03,0.08000000000000185,True
11190061.IV.T1212..EH,11190061,2638,26.38,2630.0,26.3,0.0799999999999983,True
11190061.IV.T1212..HN,11190061,3997,39.97,1682.0,16.82,23.15,True
11190061.IV.T1213..EH,11190061,2037,20.37,1794.0,17.94,2.4299999999999997,True
11190061.IV.T1213..HN,11190061,2918,29.18,1031.0,10.31,18.869999999999997,True
11190061.IV.T1215..EH,11190061,2116,21.16,2090.0,20.900000000000002,0.259999999999998,True
11190061.IV.T1215..HN,11190061,2139,21.39,2139.0,21.39,0.0,True
11190061.IV.T1216..EH,11190061,1910,19.1,1921.0,19.21,0.10999999999999943,True
11190061.IV.T1216..HN,11190061,2042,20.42,2065.0,20.650000000000002,0.23000000000000043,True
11190061.IV.T1217..EH,11190061,2882,28.82,2706.0,27.060000000000002,1.759999999999998,True
11190061.IV.T1217..HN,11190061,4465,44.65,4469.0,44.69,0.03999999999999915,True
11190061.IV.T1218..EH,11190061,1980,19.8,1990.0,19.900000000000002,0.10000000000000142,True
11190061.IV.T1218..HN,11190061,2601,26.01,2615.0,26.150000000000002,0.14000000000000057,True
11190061.IV.T1219..EH,11190061,2503,25.03,2500.0,25.0,0.030000000000001137,True
11190061.IV.T1219..HN,11190061,1985,19.85,1981.0,19.81,0.0400000000000027,True
11190061.IV.T1221..EH,11190061,4050,40.5,1160.0,11.6,28.9,True
11190061.IV.T1221..HN,11190061,1976,19.76,1980.0,19.8,0.03999999999999915,True
11190061.IV.T1241..EH,11190061,1828,18.28,1281.0,12.81,5.470000000000001,True
11190061.IV.T1243..HH,11190061,2149,21.490000000000002,2186.0,21.86,0.36999999999999744,True
11190061.IV.T1243..HN,11190061,1976,19.76,2063.0,20.63,0.8699999999999974,True
11190061.IV.T1244..EH,11190061,2048,20.48,1766.0,17.66,2.8200000000000003,True
11190061.IV.T1244..HN,11190061,2045,20.45,1617.0,16.17,4.279999999999998,True
11190061.IV.T1245..HH,11190061,1734,17.34,1745.0,17.45,0.10999999999999943,True
11190061.IV.T1245..HN,11190061,1657,16.57,1700.0,17.0,0.4299999999999997,True
11190061.IV.T1256..HH,11190061,1696,16.96,1677.0,16.77,0.19000000000000128,True
11190061.IV.T1256..HN,11190061,1664,16.64,1677.0,16.77,0.129999999999999,True
11190061.IV.T1299..EH,11190061,1809,18.09,1828.0,18.28,0.19000000000000128,True
11190061.IV.T1299..HN,11190061,1707,17.07,11993.0,119.93,102.86000000000001,True
11190061.IV.TERO..HH,11190061,2081,20.81,2128.0,21.28,0.4700000000000024,True
11190061.IV.TERO..HN,11190061,2003,20.03,2055.0,20.55,0.5199999999999996,True
11190131.IV.ATCC..EH,11190131,1837,18.37,1880.0,18.8,0.4299999999999997,True
11190131.IV.ATCC..HN,11190131,1820,18.2,,,,False
11190131.IV.CERT..HH,11190131,1907,19.07,1911.0,19.11,0.03999999999999915,True
11190131.IV.CESI..HH,11190131,1969,19.69,1970.0,19.7,0.00999999999999801,True
11190131.IV.CESX..HH,11190131,1996,19.96,2137.0,21.37,1.4100000000000001,True
11190131.IV.CSP1..EH,11190131,1921,19.21,1951.0,19.51,0.3000000000000007,True
11190131.IV.EL6..EH,11190131,1626,16.26,1656.0,16.56,0.29999999999999716,True
11190131.IV.FDMO..HH,11190131,1787,17.87,1799.0,17.990000000000002,0.120000000000001,True
11190131.IV.FIAM..HH,11190131,2052,20.52,1737.0,17.37,3.1499999999999986,True
11190131.IV.FIAM..HN,11190131,2136,21.36,1801.0,18.01,3.349999999999998,True
11190131.IV.LNSS..HH,11190131,1780,17.8,1312.0,13.120000000000001,4.68,True
11190131.IV.MC2..EH,11190131,1707,17.07,1721.0,17.21,0.14000000000000057,True
11190131.IV.NRCA..HH,11190131,2066,20.66,2087.0,20.87,0.21000000000000085,True
11190131.IV.NRCA..HN,11190131,1936,19.36,1961.0,19.61,0.25,True
11190131.IV.RM33..EH,11190131,1597,15.97,999.0,9.99,5.98,True
11190131.IV.RM33..HN,11190131,1596,15.96,1601.0,16.01,0.05000000000000071,True
11190131.IV.SMA1..EH,11190131,1810,18.1,1830.0,18.3,0.1999999999999993,True
11190131.IV.SNTG..HH,11190131,1918,19.18,1936.0,19.36,0.17999999999999972,True
11190131.IV.SNTG..HN,11190131,1735,17.35,3138.0,31.38,14.029999999999998,True
11190131.IV.SRES..HH,11190131,1845,18.45,1983.0,19.830000000000002,1.3800000000000026,True
11190131.IV.T1212..EH,11190131,2818,28.18,2314.0,23.14,5.039999999999999,True
11190131.IV.T1212..HN,11190131,3497,34.97,3530.0,35.300000000000004,0.3300000000000054,True
11190131.IV.T1213..EH,11190131,2575,25.75,1072.0,10.72,15.03,True
11190131.IV.T1213..HN,11190131,1955,19.55,2544.0,25.44,5.890000000000001,True
11190131.IV.T1215..EH,11190131,4136,41.36,4135.0,41.35,0.00999999999999801,True
11190131.IV.T1215..HN,11190131,5550,55.5,5556.0,55.56,0.060000000000002274,True
11190131.IV.T1216..EH,11190131,2281,22.81,2283.0,22.830000000000002,0.020000000000003126,True
11190131.IV.T1216..HN,11190131,2498,24.98,2504.0,25.04,0.05999999999999872,True
11190131.IV.T1217..EH,11190131,3069,30.69,3070.0,30.7,0.00999999999999801,True
11190131.IV.T1217..HN,11190131,2252,22.52,2272.0,22.72,0.1999999999999993,True
11190131.IV.T1218..EH,11190131,1864,18.64,1869.0,18.69,0.05000000000000071,True
11190131.IV.T1218..HN,11190131,3139,31.39,3160.0,31.6,0.21000000000000085,True
11190131.IV.T1219..EH,11190131,2083,20.830000000000002,2091.0,20.91,0.0799999999999983,True
11190131.IV.T1219..HN,11190131,3924,39.24,1004.0,10.040000000000001,29.200000000000003,True
11190131.IV.T1221..EH,11190131,2522,25.22,2513.0,25.13,0.08999999999999986,True
11190131.IV.T1221..HN,11190131,2179,21.79,2193.0,21.93,0.14000000000000057,True
11190131.IV.T1241..EH,11190131,1827,18.27,1873.0,18.73,0.46000000000000085,True
11190131.IV.T1241..HN,11190131,1823,18.23,2790.0,27.900000000000002,9.670000000000002,True
11190131.IV.T1243..HH,11190131,1634,16.34,1648.0,16.48,0.14000000000000057,True
11190131.IV.T1243..HN,11190131,1632,16.32,1691.0,16.91,0.5899999999999999,True
11190131.IV.T1245..HH,11190131,2112,21.12,2121.0,21.21,0.08999999999999986,True
11190131.IV.T1245..HN,11190131,1959,19.59,2781.0,27.810000000000002,8.220000000000002,True
11190131.IV.T1246..HH,11190131,1996,19.96,1285.0,12.85,7.110000000000001,True
11190131.IV.T1299..EH,11190131,2267,22.67,2279.0,22.79,0.11999999999999744,True
11190131.IV.T1299..HN,11190131,1998,19.98,11996.0,119.96000000000001,99.98,True
11190131.IV.TERO..HH,11190131,1955,19.55,1347.0,13.47,6.08,True
11190131.IV.TERO..HN,11190131,1928,19.28,1960.0,19.6,0.3200000000000003,True
11191481.IV.FDMO..HH,11191481,1932,19.32,1059.0,10.59,8.73,True
11191481.IV.GIGS..HH,11191481,1802,18.02,1811.0,18.11,0.08999999999999986,True
11191481.IV.LNSS..HH,11191481,1712,17.12,1325.0,13.25,3.870000000000001,True
11191481.IV.SMA1..EH,11191481,1898,18.98,1907.0,19.07,0.08999999999999986,True
11191481.IV.T1218..EH,11191481,2732,27.32,2735.0,27.35,0.030000000000001137,True
11191481.IV.T1218..HN,11191481,1848,18.48,1854.0,18.54,0.05999999999999872,True
11191481.IV.T1219..EH,11191481,3025,30.25,2200.0,22.0,8.25,True
11191481.IV.T1219..HN,11191481,3653,36.53,3723.0,37.230000000000004,0.7000000000000028,True
11191481.IV.T1243..HH,11191481,1898,18.98,1902.0,19.02,0.03999999999999915,True
11191481.IV.T1243..HN,11191481,1830,18.3,1837.0,18.37,0.07000000000000028,True
11191481.IV.T1247..HH,11191481,2053,20.53,2335.0,23.35,2.8200000000000003,True
11191481.IV.TERO..HH,11191481,2007,20.07,2015.0,20.150000000000002,0.08000000000000185,True
11191481.IV.TERO..HN,11191481,1998,19.98,2004.0,20.04,0.05999999999999872,True
11191741.IV.CESI..HH,11191741,1548,15.48,1549.0,15.49,0.009999999999999787,True
11191741.IV.CSP1..EH,11191741,1714,17.14,1717.0,17.17,0.030000000000001137,True
11191741.IV.FDMO..HH,11191741,1620,16.2,1622.0,16.22,0.019999999999999574,True
11191741.IV.MC2..EH,11191741,1836,18.36,2121.0,21.21,2.8500000000000014,True
11191741.IV.MMO1..EH,11191741,1967,19.67,2016.0,20.16,0.48999999999999844,True
11191741.IV.MMO1..HN,11191741,1980,19.8,,,,False
11191741.IV.T1215..EH,11191741,2548,25.48,2589.0,25.89,0.41000000000000014,True
11191741.IV.T1215..HN,11191741,2769,27.69,3152.0,31.52,3.8299999999999983,True
11191741.IV.T1216..EH,11191741,3171,31.71,999.0,9.99,21.72,True
11191741.IV.T1216..HN,11191741,1821,18.21,1991.0,19.91,1.6999999999999993,True
11191741.IV.T1219..EH,11191741,4636,46.36,1291.0,12.91,33.45,True
11191741.IV.T1219..HN,11191741,3436,34.36,1669.0,16.69,17.669999999999998,True
11191741.IV.T1245..HH,11191741,1766,17.66,1836.0,18.36,0.6999999999999993,True
11191741.IV.T1245..HN,11191741,1743,17.43,2097.0,20.97,3.539999999999999,True
11191741.IV.T1256..HH,11191741,1916,19.16,1964.0,19.64,0.4800000000000004,True
11191741.IV.T1256..HN,11191741,1964,19.64,5556.0,55.56,35.92,True
11192441.IV.CAMP..HH,11192441,1844,18.44,1851.0,18.51,0.07000000000000028,True
11192441.IV.CESI..HH,11192441,1750,17.5,1781.0,17.81,0.3099999999999987,True
11192441.IV.CSP1..EH,11192441,1550,15.5,1564.0,15.64,0.14000000000000057,True
11192441.IV.FDMO..HH,11192441,1819,18.19,1853.0,18.53,0.33999999999999986,True
11192441.IV.FIAM..HH,11192441,1837,18.37,1925.0,19.25,0.879999999999999,True
11192441.IV.FIAM..HN,11192441,1573,15.73,1710.0,17.1,1.370000000000001,True
11192441.IV.GIGS..HH,11192441,2000,20.0,2014.0,20.14,0.14000000000000057,True
11192441.IV.GUMA..HH,11192441,2003,20.03,2013.0,20.13,0.09999999999999787,True
11192441.IV.GUMA..HN,11192441,2036,20.36,999.0,9.99,10.37,True
11192441.IV.LNSS..HH,11192441,1919,19.19,1123.0,11.23,7.960000000000001,True
11192441.IV.MC2..EH,11192441,1560,15.6,1567.0,15.67,0.07000000000000028,True
11192441.IV.MMO1..EH,11192441,1814,18.14,1822.0,18.22,0.0799999999999983,True
11192441.IV.MMO1..HN,11192441,1750,17.5,,,,False
11192441.IV.NRCA..HH,11192441,1857,18.57,999.0,9.99,8.58,True
11192441.IV.NRCA..HN,11192441,1850,18.5,999.0,9.99,8.51,True
11192441.IV.RM33..EH,11192441,1993,19.93,2009.0,20.09,0.16000000000000014,True
11192441.IV.RM33..HN,11192441,2068,20.68,2087.0,20.87,0.19000000000000128,True
11192441.IV.SMA1..EH,11192441,1627,16.27,1281.0,12.81,3.459999999999999,True
11192441.IV.T1211..EH,11192441,2906,29.060000000000002,2241.0,22.41,6.650000000000002,True
11192441.IV.T1211..HN,11192441,2728,27.28,2779.0,27.79,0.509999999999998,True
11192441.IV.T1215..EH,11192441,2356,23.56,999.0,9.99,13.569999999999999,True
11192441.IV.T1215..HN,11192441,3107,31.07,2036.0,20.36,10.71,True
11192441.IV.T1218..EH,11192441,1792,17.92,999.0,9.99,7.9300000000000015,True
11192441.IV.T1218..HN,11192441,4149,41.49,1388.0,13.88,27.61,True
11192441.IV.T1219..EH,11192441,1564,15.64,1656.0,16.56,0.9199999999999982,True
11192441.IV.T1219..HN,11192441,1992,19.92,2013.0,20.13,0.2099999999999973,True
11192441.IV.T1241..EH,11192441,1768,17.68,999.0,9.99,7.6899999999999995,True
11192441.IV.T1241..HN,11192441,1785,17.85,1807.0,18.07,0.21999999999999886,True
11192441.IV.T1243..HH,11192441,1839,18.39,1043.0,10.43,7.960000000000001,True
11192441.IV.T1243..HN,11192441,1746,17.46,999.0,9.99,7.470000000000001,True
11192441.IV.T1245..HH,11192441,1712,17.12,1253.0,12.530000000000001,4.59,True
11192441.IV.T1245..HN,11192441,1532,15.32,1054.0,10.540000000000001,4.779999999999999,True
11192441.IV.T1256..HH,11192441,1992,19.92,2020.0,20.2,0.2799999999999976,True
11192441.IV.T1256..HN,11192441,2007,20.07,2097.0,20.97,0.8999999999999986,True
11192441.IV.TERO..HH,11192441,1712,17.12,999.0,9.99,7.130000000000001,True
11192441.IV.TERO..HN,11192441,1784,17.84,1803.0,18.03,0.19000000000000128,True
11192711.IV.ATFO..HH,11192711,2092,20.92,2155.0,21.55,0.629999999999999,True
11192711.IV.ATFO..HN,11192711,1934,19.34,,,,False
11192711.IV.ATVO..HH,11192711,1701,17.01,1760.0,17.6,0.5899999999999999,True
11192711.IV.ATVO..HN,11192711,1748,17.48,,,,False
11192711.IV.CESI..HH,11192711,1600,16.0,1600.0,16.0,0.0,True
11192711.IV.CING..HH,11192711,2288,22.88,2304.0,23.04,0.16000000000000014,True
11192711.IV.CSP1..EH,11192711,2020,20.2,2011.0,20.11,0.08999999999999986,True
11192711.IV.EL6..EH,11192711,2092,20.92,2096.0,20.96,0.03999999999999915,True
11192711.IV.FDMO..HH,11192711,1867,18.67,1140.0,11.4,7.270000000000001,True
11192711.IV.FEMA..HN,11192711,1696,16.96,1698.0,16.98,0.019999999999999574,True
11192711.IV.FRON..EH,11192711,1971,19.71,1985.0,19.85,0.14000000000000057,True
11192711.IV.GUMA..HH,11192711,1650,16.5,1652.0,16.52,0.019999999999999574,True
11192711.IV.GUMA..HN,11192711,1589,15.89,1602.0,16.02,0.129999999999999,True
11192711.IV.LNSS..HH,11192711,1902,19.02,1930.0,19.3,0.28000000000000114,True
11192711.IV.MC2..EH,11192711,1855,18.55,1857.0,18.57,0.019999999999999574,True
11192711.IV.MMO1..EH,11192711,2039,20.39,2043.0,20.43,0.03999999999999915,True
11192711.IV.MMO1..HN,11192711,1826,18.26,2240.0,22.400000000000002,4.140000000000001,True
11192711.IV.MPAG..EH,11192711,1926,19.26,1664.0,16.64,2.620000000000001,True
11192711.IV.MPAG..HN,11192711,1617,16.17,1720.0,17.2,1.0299999999999976,True
11192711.IV.NRCA..HH,11192711,1817,18.17,1822.0,18.22,0.04999999999999716,True
11192711.IV.NRCA..HN,11192711,1755,17.55,1763.0,17.63,0.0799999999999983,True
11192711.IV.PIEI..HH,11192711,2037,20.37,2069.0,20.69,0.3200000000000003,True
11192711.IV.PIEI..HN,11192711,1971,19.71,,,,False
11192711.IV.SNTG..HH,11192711,1991,19.91,2002.0,20.02,0.10999999999999943,True
11192711.IV.SNTG..HN,11192711,2046,20.46,2100.0,21.0,0.5399999999999991,True
11192711.IV.T1215..EH,11192711,3418,34.18,1127.0,11.27,22.91,True
11192711.IV.T1215..HN,11192711,1755,17.55,1826.0,18.26,0.7100000000000009,True
11192711.IV.T1216..EH,11192711,1776,17.76,1783.0,17.830000000000002,0.07000000000000028,True
11192711.IV.T1216..HN,11192711,2060,20.6,1205.0,12.05,8.55,True
11192711.IV.T1219..EH,11192711,2686,26.86,2123.0,21.23,5.629999999999999,True
11192711.IV.T1219..HN,11192711,6515,65.15,1439.0,14.39,50.760000000000005,True
11192711.IV.T1241..EH,11192711,2154,21.54,2156.0,21.56,0.019999999999999574,True
11192711.IV.T1241..HN,11192711,2037,20.37,2056.0,20.56,0.18999999999999773,True
11192711.IV.T1243..HH,11192711,2112,21.12,2124.0,21.240000000000002,0.120000000000001,True
11192711.IV.T1243..HN,11192711,2075,20.75,2116.0,21.16,0.41000000000000014,True
11192711.IV.T1245..HH,11192711,1932,19.32,1932.0,19.32,0.0,True
11192711.IV.T1245..HN,11192711,1846,18.46,1857.0,18.57,0.10999999999999943,True
11192711.IV.T1256..HH,11192711,1978,19.78,1943.0,19.43,0.3500000000000014,True
11192711.IV.T1256..HN,11192711,2027,20.27,2030.0,20.3,0.030000000000001137,True
11192711.IV.TERO..HH,11192711,1610,16.1,1637.0,16.37,0.2699999999999996,True
11196331.IV.CSP1..EH,11196331,1668,16.68,1741.0,17.41,0.7300000000000004,True
11196331.IV.MMO1..HN,11196331,1996,19.96,1453.0,14.530000000000001,5.43,True
11196331.IV.T1215..EH,11196331,2679,26.79,2721.0,27.21,0.4200000000000017,True
11196331.IV.T1215..HN,11196331,4701,47.01,,,,False
11196331.IV.T1216..EH,11196331,2072,20.72,1469.0,14.69,6.029999999999999,True
11196331.IV.T1216..HN,11196331,2275,22.75,2324.0,23.240000000000002,0.490000000000002,True
11196331.IV.T1219..EH,11196331,3639,36.39,999.0,9.99,26.4,True
11196331.IV.T1219..HN,11196331,2171,21.71,2336.0,23.36,1.6499999999999986,True
11196331.IV.T1241..EH,11196331,1621,16.21,1623.0,16.23,0.019999999999999574,True
11196331.IV.T1243..HH,11196331,1677,16.77,1693.0,16.93,0.16000000000000014,True
11196331.IV.T1243..HN,11196331,1626,16.26,2039.0,20.39,4.129999999999999,True
11196331.IV.T1245..HH,11196331,1930,19.3,1932.0,19.32,0.019999999999999574,True
11196331.IV.T1245..HN,11196331,1770,17.7,1793.0,17.93,0.23000000000000043,True
1119741.IV.FIU..EH,1119741,1727,17.27,1731.0,17.31,0.03999999999999915,True
1119741.IV.MAGA..HH,1119741,1985,19.85,2056.0,20.56,0.7099999999999973,True
1119741.IV.ROVR..HH,1119741,2018,20.18,2066.0,20.66,0.4800000000000004,True
1119741.IV.SERM..EH,1119741,1767,17.67,,,,False
1119741.IV.SERM..HN,1119741,1827,18.27,2000.0,20.0,1.7300000000000004,True
1119741.IV.T0802..HN,1119741,1557,15.57,1591.0,15.91,0.33999999999999986,True
1119741.IV.T0805..HN,1119741,2057,20.57,2107.0,21.07,0.5,True
1119741.IV.T0821..EH,1119741,1680,16.8,1417.0,14.17,2.630000000000001,True
1119741.IV.T0821..HN,1119741,1709,17.09,1712.0,17.12,0.030000000000001137,True
1119741.IV.T0822..EH,1119741,1673,16.73,1673.0,16.73,0.0,True
11199231.MN.AQU..HH,11199231,1609,16.09,1639.0,16.39,0.3000000000000007,True
11199231.MN.AQU..HL,11199231,1657,16.57,1698.0,16.98,0.41000000000000014,True
11199231.IV.ARRO..EH,11199231,2041,20.41,1144.0,11.44,8.97,True
11199231.IV.ARVD..HH,11199231,1839,18.39,1345.0,13.450000000000001,4.9399999999999995,True
11199231.IV.ATCC..EH,11199231,1744,17.44,1738.0,17.38,0.060000000000002274,True
11199231.IV.ATCC..HN,11199231,1836,18.36,1845.0,18.45,0.08999999999999986,True
11199231.IV.ATFO..HH,11199231,1599,15.99,1625.0,16.25,0.2599999999999998,True
11199231.IV.ATFO..HN,11199231,1528,15.280000000000001,1600.0,16.0,0.7199999999999989,True
11199231.IV.ATLO..HN,11199231,1771,17.71,,,,False
11199231.IV.ATSC..EH,11199231,1639,16.39,1646.0,16.46,0.07000000000000028,True
11199231.IV.CAMP..HH,11199231,1812,18.12,1786.0,17.86,0.26000000000000156,True
11199231.IV.CESI..HH,11199231,1764,17.64,1722.0,17.22,0.4200000000000017,True
11199231.IV.CESX..HH,11199231,1891,18.91,1898.0,18.98,0.07000000000000028,True
11199231.IV.CING..HH,11199231,1801,18.01,1804.0,18.04,0.029999999999997584,True
11199231.IV.CSP1..EH,11199231,1845,18.45,1803.0,18.03,0.41999999999999815,True
11199231.IV.EL6..EH,11199231,1825,18.25,1809.0,18.09,0.16000000000000014,True
11199231.IV.FAGN..HH,11199231,1957,19.57,1962.0,19.62,0.05000000000000071,True
11199231.IV.FDMO..HH,11199231,1565,15.65,1474.0,14.74,0.9100000000000001,True
11199231.IV.FEMA..HN,11199231,1930,19.3,1927.0,19.27,0.030000000000001137,True
11199231.IV.FIAM..HH,11199231,2067,20.67,2063.0,20.63,0.0400000000000027,True
11199231.IV.FIAM..HN,11199231,2016,20.16,2019.0,20.19,0.030000000000001137,True
11199231.IV.FIU1..HN,11199231,1691,16.91,1712.0,17.12,0.21000000000000085,True
11199231.IV.FOSV..EH,11199231,1707,17.07,1593.0,15.93,1.1400000000000006,True
11199231.IV.GAG1..HN,11199231,1843,18.43,1828.0,18.28,0.14999999999999858,True
11199231.IV.GIGS..HH,11199231,1791,17.91,1782.0,17.82,0.08999999999999986,True
11199231.IV.GUMA..HH,11199231,2135,21.35,2128.0,21.28,0.07000000000000028,True
11199231.IV.GUMA..HN,11199231,2048,20.48,2078.0,20.78,0.3000000000000007,True
11199231.IV.LNSS..HH,11199231,1798,17.98,1755.0,17.55,0.4299999999999997,True
11199231.IV.MC2..EH,11199231,1810,18.1,1782.0,17.82,0.28000000000000114,True
11199231.IV.MDAR..HN,11199231,1855,18.55,1867.0,18.67,0.120000000000001,True
11199231.IV.MGAB..HH,11199231,1828,18.28,1823.0,18.23,0.05000000000000071,True
11199231.IV.MGAB..HN,11199231,1752,17.52,1761.0,17.61,0.08999999999999986,True
11199231.IV.MMO1..EH,11199231,1703,17.03,1678.0,16.78,0.25,True
11199231.IV.MMO1..HN,11199231,1703,17.03,1717.0,17.17,0.14000000000000057,True
11199231.IV.MMUR..HN,11199231,1996,19.96,1992.0,19.92,0.03999999999999915,True
11199231.IV.MNTP..HN,11199231,2018,20.18,2130.0,21.3,1.120000000000001,True
11199231.IV.MOMA..HH,11199231,2001,20.01,1672.0,16.72,3.2900000000000027,True
11199231.IV.MOMA..HN,11199231,1973,19.73,2001.0,20.01,0.28000000000000114,True
11199231.IV.MTL1..HN,11199231,1682,16.82,1775.0,17.75,0.9299999999999997,True
11199231.IV.MURB..HH,11199231,1680,16.8,1706.0,17.06,0.259999999999998,True
11199231.IV.MURB..HN,11199231,1686,16.86,2891.0,28.91,12.05,True
11199231.IV.NRCA..HH,11199231,2154,21.54,1216.0,12.16,9.379999999999999,True
11199231.IV.NRCA..HN,11199231,1921,19.21,1153.0,11.53,7.6800000000000015,True
11199231.IV.OFFI..HH,11199231,1698,16.98,1702.0,17.02,0.03999999999999915,True
11199231.IV.PTQR..HH,11199231,1925,19.25,1944.0,19.44,0.19000000000000128,True
11199231.IV.RM33..EH,11199231,1784,17.84,1364.0,13.64,4.199999999999999,True
11199231.IV.RM33..HN,11199231,1803,18.03,1805.0,18.05,0.019999999999999574,True
11199231.IV.SEF1..HN,11199231,2018,20.18,2021.0,20.21,0.030000000000001137,True
11199231.IV.SNTG..HH,11199231,2069,20.69,2046.0,20.46,0.23000000000000043,True
11199231.IV.SNTG..HN,11199231,2036,20.36,2055.0,20.55,0.19000000000000128,True
11199231.IV.SRES..HH,11199231,1746,17.46,1819.0,18.19,0.7300000000000004,True
11199231.IV.SSFR..HH,11199231,1880,18.8,1891.0,18.91,0.10999999999999943,True
11199231.IV.SSFR..HN,11199231,1803,18.03,1836.0,18.36,0.3299999999999983,True
11199231.IV.SSM1..HN,11199231,1982,19.82,1986.0,19.86,0.03999999999999915,True
11199231.IV.T0110..HH,11199231,1698,16.98,1701.0,17.01,0.030000000000001137,True
11199231.IV.T1201..HN,11199231,2381,23.81,2342.0,23.42,0.389999999999997,True
11199231.IV.T1202..EH,11199231,1946,19.46,1194.0,11.94,7.520000000000001,True
11199231.IV.T1204..EH,11199231,1650,16.5,1642.0,16.42,0.0799999999999983,True
11199231.IV.T1212..EH,11199231,1893,18.93,1867.0,18.67,0.259999999999998,True
11199231.IV.T1212..HN,11199231,2293,22.93,2282.0,22.82,0.10999999999999943,True
11199231.IV.T1213..EH,11199231,2169,21.69,1098.0,10.98,10.71,True
11199231.IV.T1213..HN,11199231,2452,24.52,1275.0,12.75,11.77,True
11199231.IV.T1215..EH,11199231,2659,26.59,2614.0,26.14,0.4499999999999993,True
11199231.IV.T1215..HN,11199231,2329,23.29,2328.0,23.28,0.00999999999999801,True
11199231.IV.T1216..EH,11199231,2216,22.16,1810.0,18.1,4.059999999999999,True
11199231.IV.T1216..HN,11199231,2790,27.900000000000002,2777.0,27.77,0.13000000000000256,True
11199231.IV.T1217..EH,11199231,2616,26.16,999.0,9.99,16.17,True
11199231.IV.T1217..HN,11199231,1817,18.17,999.0,9.99,8.180000000000001,True
11199231.IV.T1218..EH,11199231,2199,21.990000000000002,2150.0,21.5,0.490000000000002,True
11199231.IV.T1218..HN,11199231,3529,35.29,3512.0,35.12,0.1700000000000017,True
11199231.IV.T1219..EH,11199231,3450,34.5,1696.0,16.96,17.54,True
11199231.IV.T1219..HN,11199231,1778,17.78,1702.0,17.02,0.7600000000000016,True
11199231.IV.T1221..EH,11199231,3899,38.99,3799.0,37.99,1.0,True
11199231.IV.T1221..HN,11199231,6077,60.77,3314.0,33.14,27.630000000000003,True
11199231.IV.T1243..HH,11199231,1878,18.78,1849.0,18.490000000000002,0.28999999999999915,True
11199231.IV.T1243..HN,11199231,1886,18.86,1882.0,18.82,0.03999999999999915,True
11199231.IV.T1244..EH,11199231,2045,20.45,1975.0,19.75,0.6999999999999993,True
11199231.IV.T1244..HN,11199231,1876,18.76,1843.0,18.43,0.33000000000000185,True
11199231.IV.T1245..HH,11199231,1901,19.01,1846.0,18.46,0.5500000000000007,True
11199231.IV.T1245..HN,11199231,1951,19.51,1937.0,19.37,0.14000000000000057,True
11199231.IV.T1246..HH,11199231,2051,20.51,2008.0,20.080000000000002,0.4299999999999997,True
11199231.IV.T1247..HH,11199231,1860,18.6,1853.0,18.53,0.07000000000000028,True
11199231.IV.T1256..HH,11199231,2063,20.63,2022.0,20.22,0.41000000000000014,True
11199231.IV.T1256..HN,11199231,1887,18.87,1889.0,18.89,0.019999999999999574,True
11199231.IV.T1299..EH,11199231,1707,17.07,1648.0,16.48,0.5899999999999999,True
11199231.IV.T1299..HN,11199231,1657,16.57,1643.0,16.43,0.14000000000000057,True
11199231.IV.TERO..HH,11199231,1895,18.95,1894.0,18.94,0.00999999999999801,True
11199231.IV.TERO..HN,11199231,1850,18.5,1849.0,18.490000000000002,0.00999999999999801,True
11199231.IV.VCEL..EH,11199231,2179,21.79,2177.0,21.77,0.019999999999999574,True
11200971.IV.ASSB..HH,11200971,1709,17.09,1743.0,17.43,0.33999999999999986,True
11200971.IV.CESI..HH,11200971,1678,16.78,1682.0,16.82,0.03999999999999915,True
11200971.IV.CSP1..EH,11200971,1646,16.46,1649.0,16.490000000000002,0.030000000000001137,True
11200971.IV.FDMO..HH,11200971,2010,20.1,1904.0,19.04,1.0600000000000023,True
11200971.IV.MMO1..EH,11200971,1532,15.32,1529.0,15.290000000000001,0.02999999999999936,True
11200971.IV.MMO1..HN,11200971,1545,15.450000000000001,,,,False
11200971.IV.NRCA..HH,11200971,2032,20.32,2025.0,20.25,0.07000000000000028,True
11200971.IV.NRCA..HN,11200971,2026,20.26,2020.0,20.2,0.060000000000002274,True
11200971.IV.T1215..EH,11200971,3411,34.11,3161.0,31.61,2.5,True
11200971.IV.T1215..HN,11200971,2950,29.5,2978.0,29.78,0.28000000000000114,True
11200971.IV.T1216..EH,11200971,3048,30.48,2706.0,27.060000000000002,3.419999999999998,True
11200971.IV.T1216..HN,11200971,2327,23.27,2334.0,23.34,0.07000000000000028,True
11200971.IV.T1218..EH,11200971,4511,45.11,4540.0,45.4,0.28999999999999915,True
11200971.IV.T1218..HN,11200971,3925,39.25,4039.0,40.39,1.1400000000000006,True
11200971.IV.T1219..EH,11200971,2328,23.28,2329.0,23.29,0.00999999999999801,True
11200971.IV.T1219..HN,11200971,4409,44.09,2289.0,22.89,21.200000000000003,True
11200971.IV.T1241..EH,11200971,1746,17.46,1751.0,17.51,0.05000000000000071,True
11200971.IV.T1241..HN,11200971,1873,18.73,1900.0,19.0,0.2699999999999996,True
11200971.IV.T1243..HH,11200971,1636,16.36,1646.0,16.46,0.10000000000000142,True
11200971.IV.T1243..HN,11200971,1698,16.98,1765.0,17.650000000000002,0.6700000000000017,True
11200971.IV.T1245..HH,11200971,1814,18.14,1813.0,18.13,0.010000000000001563,True
11200971.IV.T1256..HH,11200971,2102,21.02,2104.0,21.04,0.019999999999999574,True
11200971.IV.T1256..HN,11200971,1996,19.96,2291.0,22.91,2.9499999999999993,True
11202141.IV.ASSB..HH,11202141,1673,16.73,1675.0,16.75,0.019999999999999574,True
11202141.IV.CESI..HH,11202141,1991,19.91,1036.0,10.36,9.55,True
11202141.IV.CSP1..EH,11202141,1639,16.39,1247.0,12.47,3.92,True
11202141.IV.FDMO..HH,11202141,1734,17.34,1148.0,11.48,5.859999999999999,True
11202141.IV.FOSV..EH,11202141,1543,15.43,1576.0,15.76,0.33000000000000007,True
11202141.IV.FOSV..HN,11202141,1611,16.11,2252.0,22.52,6.41,True
11202141.IV.GUMA..HH,11202141,2003,20.03,2009.0,20.09,0.05999999999999872,True
11202141.IV.GUMA..HN,11202141,1773,17.73,1806.0,18.06,0.3299999999999983,True
11202141.IV.MMO1..EH,11202141,1964,19.64,1214.0,12.14,7.5,True
11202141.IV.MMO1..HN,11202141,1853,18.53,,,,False
11202141.IV.SNTG..HH,11202141,1967,19.67,1970.0,19.7,0.029999999999997584,True
11202141.IV.SNTG..HN,11202141,1819,18.19,1906.0,19.06,0.8699999999999974,True
11202141.IV.T1215..EH,11202141,3557,35.57,1627.0,16.27,19.3,True
11202141.IV.T1215..HN,11202141,5082,50.82,5150.0,51.5,0.6799999999999997,True
11202141.IV.T1216..EH,11202141,1967,19.67,1997.0,19.97,0.29999999999999716,True
11202141.IV.T1216..HN,11202141,2982,29.82,1851.0,18.51,11.309999999999999,True
11202141.IV.T1241..EH,11202141,1970,19.7,1976.0,19.76,0.060000000000002274,True
11202141.IV.T1245..HH,11202141,1612,16.12,1640.0,16.4,0.2799999999999976,True
11202141.IV.T1245..HN,11202141,1661,16.61,1761.0,17.61,1.0,True
11202141.IV.T1256..HH,11202141,1628,16.28,1634.0,16.34,0.05999999999999872,True
11202141.IV.T1256..HN,11202141,1580,15.8,1612.0,16.12,0.3200000000000003,True
11204331.IV.LNSS..HH,11204331,1887,18.87,1888.0,18.88,0.00999999999999801,True
11204331.IV.MMO1..EH,11204331,1592,15.92,1620.0,16.2,0.27999999999999936,True
11204331.IV.MMO1..HN,11204331,1512,15.120000000000001,,,,False
11204331.IV.NRCA..HH,11204331,1744,17.44,1913.0,19.13,1.6899999999999977,True
11204331.IV.NRCA..HN,11204331,1728,17.28,2266.0,22.66,5.379999999999999,True
11204331.IV.RM33..EH,11204331,1721,17.21,1716.0,17.16,0.05000000000000071,True
11204331.IV.RM33..HN,11204331,1700,17.0,1703.0,17.03,0.030000000000001137,True
11204331.IV.SMA1..EH,11204331,2071,20.71,2071.0,20.71,0.0,True
11204331.IV.T1218..EH,11204331,4529,45.29,4535.0,45.35,0.060000000000002274,True
11204331.IV.T1218..HN,11204331,3890,38.9,3975.0,39.75,0.8500000000000014,True
11204331.IV.T1243..HH,11204331,1628,16.28,1630.0,16.3,0.019999999999999574,True
11204331.IV.T1243..HN,11204331,1620,16.2,1632.0,16.32,0.120000000000001,True
11204331.IV.TERO..HH,11204331,1805,18.05,1809.0,18.09,0.03999999999999915,True
11204331.IV.TERO..HN,11204331,2241,22.41,2251.0,22.51,0.10000000000000142,True
11209761.MN.AQU..HH,11209761,1796,17.96,1148.0,11.48,6.48,True
11209761.MN.AQU..HL,11209761,1895,18.95,1691.0,16.91,2.039999999999999,True
11209761.IV.ARRO..EH,11209761,1725,17.25,1718.0,17.18,0.07000000000000028,True
11209761.IV.ARVD..HH,11209761,1807,18.07,1844.0,18.44,0.370000000000001,True
11209761.IV.ATCC..EH,11209761,1977,19.77,1983.0,19.830000000000002,0.060000000000002274,True
11209761.IV.ATCC..HN,11209761,1914,19.14,1943.0,19.43,0.28999999999999915,True
11209761.IV.ATFO..HH,11209761,1873,18.73,2253.0,22.53,3.8000000000000007,True
11209761.IV.ATFO..HN,11209761,1889,18.89,,,,False
11209761.IV.ATVO..HH,11209761,1766,17.66,1804.0,18.04,0.379999999999999,True
11209761.IV.ATVO..HN,11209761,1773,17.73,,,,False
11209761.IV.CAFI..HH,11209761,2079,20.79,2088.0,20.88,0.08999999999999986,True
11209761.IV.CAFI..HN,11209761,2349,23.490000000000002,3991.0,39.910000000000004,16.42,True
11209761.IV.CAMP..HH,11209761,1823,18.23,1496.0,14.96,3.2699999999999996,True
11209761.IV.CERT..HH,11209761,1540,15.4,1602.0,16.02,0.6199999999999992,True
11209761.IV.CESI..HH,11209761,1635,16.35,1638.0,16.38,0.029999999999997584,True
11209761.IV.CESX..HH,11209761,2021,20.21,2039.0,20.39,0.17999999999999972,True
11209761.IV.CING..HH,11209761,1880,18.8,1892.0,18.92,0.120000000000001,True
11209761.IV.CSP1..EH,11209761,2168,21.68,2172.0,21.72,0.03999999999999915,True
11209761.IV.EL6..EH,11209761,2077,20.77,2081.0,20.81,0.03999999999999915,True
11209761.IV.FAGN..HH,11209761,1694,16.94,1778.0,17.78,0.8399999999999999,True
11209761.IV.FDMO..HH,11209761,1964,19.64,1966.0,19.66,0.019999999999999574,True
11209761.IV.FEMA..HN,11209761,1919,19.19,1915.0,19.150000000000002,0.03999999999999915,True
11209761.IV.FIAM..HH,11209761,1867,18.67,1875.0,18.75,0.0799999999999983,True
11209761.IV.FIAM..HN,11209761,1667,16.67,1683.0,16.830000000000002,0.16000000000000014,True
11209761.IV.FOSV..EH,11209761,1762,17.62,1783.0,17.830000000000002,0.21000000000000085,True
11209761.IV.FOSV..HN,11209761,1801,18.01,,,,False
11209761.IV.FRON..EH,11209761,1769,17.69,1777.0,17.77,0.0799999999999983,True
11209761.IV.FSSB..HH,11209761,1925,19.25,1937.0,19.37,0.120000000000001,True
11209761.IV.GIGS..HH,11209761,1780,17.8,1784.0,17.84,0.03999999999999915,True
11209761.IV.GUMA..HH,11209761,1723,17.23,1721.0,17.21,0.019999999999999574,True
11209761.IV.GUMA..HN,11209761,1648,16.48,1657.0,16.57,0.08999999999999986,True
11209761.IV.LNSS..HH,11209761,1607,16.07,1415.0,14.15,1.92,True
11209761.IV.MDAR..HN,11209761,1561,15.610000000000001,1595.0,15.950000000000001,0.33999999999999986,True
11209761.IV.MGAB..HH,11209761,2023,20.23,2036.0,20.36,0.129999999999999,True
11209761.IV.MGAB..HN,11209761,1992,19.92,2120.0,21.2,1.2799999999999976,True
11209761.IV.MOMA..HH,11209761,1876,18.76,1878.0,18.78,0.019999999999999574,True
11209761.IV.MOMA..HN,11209761,1878,18.78,1890.0,18.900000000000002,0.120000000000001,True
11209761.IV.MPAG..EH,11209761,1877,18.77,1916.0,19.16,0.39000000000000057,True
11209761.IV.MPAG..HN,11209761,1877,18.77,4624.0,46.24,27.470000000000002,True
11209761.IV.MURB..HH,11209761,1926,19.26,1947.0,19.47,0.2099999999999973,True
11209761.IV.MURB..HN,11209761,1901,19.01,5020.0,50.2,31.19,True
11209761.IV.NRCA..HH,11209761,1901,19.01,1568.0,15.68,3.330000000000002,True
11209761.IV.NRCA..HN,11209761,1909,19.09,1576.0,15.76,3.33,True
11209761.IV.OFFI..HH,11209761,1741,17.41,1740.0,17.400000000000002,0.00999999999999801,True
11209761.IV.RM33..EH,11209761,1969,19.69,1603.0,16.03,3.66,True
11209761.IV.RM33..HN,11209761,1839,18.39,1874.0,18.740000000000002,0.3500000000000014,True
11209761.IV.SACS..HH,11209761,1848,18.48,1850.0,18.5,0.019999999999999574,True
11209761.IV.SACS..HN,11209761,1789,17.89,,,,False
11209761.IV.SEF1..HN,11209761,1878,18.78,1892.0,18.92,0.14000000000000057,True
11209761.IV.SNTG..HH,11209761,1636,16.36,1639.0,16.39,0.030000000000001137,True
11209761.IV.SNTG..HN,11209761,1632,16.32,1659.0,16.59,0.2699999999999996,True
11209761.IV.SRES..HH,11209761,1685,16.85,1693.0,16.93,0.0799999999999983,True
11209761.IV.SSFR..HH,11209761,1948,19.48,1953.0,19.53,0.05000000000000071,True
11209761.IV.SSFR..HN,11209761,1846,18.46,1930.0,19.3,0.8399999999999999,True
11209761.IV.T0110..HH,11209761,1762,17.62,1773.0,17.73,0.10999999999999943,True
11209761.IV.T1201..HN,11209761,1878,18.78,1224.0,12.24,6.540000000000001,True
11209761.IV.T1202..EH,11209761,2112,21.12,1481.0,14.81,6.3100000000000005,True
11209761.IV.T1204..EH,11209761,1862,18.62,1430.0,14.3,4.32,True
11209761.IV.T1212..EH,11209761,3121,31.21,2824.0,28.240000000000002,2.969999999999999,True
11209761.IV.T1212..HN,11209761,3632,36.32,3337.0,33.37,2.950000000000003,True
11209761.IV.T1213..EH,11209761,1578,15.780000000000001,1431.0,14.31,1.4700000000000006,True
11209761.IV.T1213..HN,11209761,3057,30.57,2919.0,29.19,1.379999999999999,True
11209761.IV.T1215..EH,11209761,3625,36.25,3456.0,34.56,1.6899999999999977,True
11209761.IV.T1215..HN,11209761,4148,41.480000000000004,4148.0,41.480000000000004,0.0,True
11209761.IV.T1216..EH,11209761,2416,24.16,2303.0,23.03,1.129999999999999,True
11209761.IV.T1216..HN,11209761,4410,44.1,1673.0,16.73,27.37,True
11209761.IV.T1217..EH,11209761,1944,19.44,1921.0,19.21,0.23000000000000043,True
11209761.IV.T1217..HN,11209761,1757,17.57,1754.0,17.54,0.030000000000001137,True
11209761.IV.T1218..EH,11209761,3770,37.7,3437.0,34.37,3.3300000000000054,True
11209761.IV.T1218..HN,11209761,2705,27.05,2427.0,24.27,2.780000000000001,True
11209761.IV.T1219..EH,11209761,1955,19.55,1956.0,19.56,0.00999999999999801,True
11209761.IV.T1219..HN,11209761,4239,42.39,4245.0,42.45,0.060000000000002274,True
11209761.IV.T1221..EH,11209761,2402,24.02,2354.0,23.54,0.4800000000000004,True
11209761.IV.T1221..HN,11209761,3006,30.060000000000002,1645.0,16.45,13.610000000000003,True
11209761.IV.T1241..EH,11209761,1905,19.05,1883.0,18.830000000000002,0.21999999999999886,True
11209761.IV.T1243..HH,11209761,1768,17.68,1757.0,17.57,0.10999999999999943,True
11209761.IV.T1243..HN,11209761,1742,17.42,1744.0,17.44,0.019999999999999574,True
11209761.IV.T1244..EH,11209761,1705,17.05,1681.0,16.81,0.240000000000002,True
11209761.IV.T1244..HN,11209761,1728,17.28,1727.0,17.27,0.010000000000001563,True
11209761.IV.T1245..HH,11209761,1746,17.46,1457.0,14.57,2.8900000000000006,True
11209761.IV.T1246..HH,11209761,2009,20.09,2004.0,20.04,0.05000000000000071,True
11209761.IV.T1247..HH,11209761,1953,19.53,1306.0,13.06,6.470000000000001,True
11209761.IV.T1256..HH,11209761,1773,17.73,1761.0,17.61,0.120000000000001,True
11209761.IV.T1256..HN,11209761,1760,17.6,1764.0,17.64,0.03999999999999915,True
11209761.IV.T1299..EH,11209761,1653,16.53,1640.0,16.4,0.13000000000000256,True
11209761.IV.T1299..HN,11209761,1648,16.48,1653.0,16.53,0.05000000000000071,True
11209761.IV.TERO..HH,11209761,1599,15.99,1598.0,15.98,0.009999999999999787,True
11209761.IV.TERO..HN,11209761,1682,16.82,1684.0,16.84,0.019999999999999574,True
11209761.IV.VCEL..EH,11209761,2157,21.57,2162.0,21.62,0.05000000000000071,True
11210661.IV.APEC..HH,11210661,1957,19.57,1960.0,19.6,0.030000000000001137,True
11210661.IV.APEC..HN,11210661,1777,17.77,,,,False
11210661.IV.ARRO..EH,11210661,1671,16.71,1678.0,16.78,0.07000000000000028,True
11210661.IV.ARVD..HH,11210661,1941,19.41,1899.0,18.990000000000002,0.41999999999999815,True
11210661.IV.ATCC..EH,11210661,2129,21.29,1920.0,19.2,2.09,True
11210661.IV.ATCC..HN,11210661,1969,19.69,1973.0,19.73,0.03999999999999915,True
11210661.IV.ATFO..HH,11210661,1880,18.8,1886.0,18.86,0.05999999999999872,True
11210661.IV.ATFO..HN,11210661,1993,19.93,2022.0,20.22,0.28999999999999915,True
11210661.IV.ATPI..EH,11210661,1873,18.73,1866.0,18.66,0.07000000000000028,True
11210661.IV.ATVO..HH,11210661,1728,17.28,1707.0,17.07,0.21000000000000085,True
11210661.IV.ATVO..HN,11210661,1761,17.61,1854.0,18.54,0.9299999999999997,True
11210661.IV.CAFI..HH,11210661,1852,18.52,1833.0,18.330000000000002,0.18999999999999773,True
11210661.IV.CAFI..HN,11210661,1830,18.3,1868.0,18.68,0.379999999999999,True
11210661.IV.CAMP..HH,11210661,2237,22.37,1080.0,10.8,11.57,True
11210661.IV.CESI..HH,11210661,1727,17.27,999.0,9.99,7.279999999999999,True
11210661.IV.CESX..HH,11210661,1966,19.66,1962.0,19.62,0.03999999999999915,True
11210661.IV.COR1..EH,11210661,1950,19.5,1978.0,19.78,0.28000000000000114,True
11210661.IV.CSP1..EH,11210661,1982,19.82,1088.0,10.88,8.94,True
11210661.IV.EL6..EH,11210661,1651,16.51,1358.0,13.58,2.9300000000000015,True
11210661.IV.FDMO..HH,11210661,2268,22.68,1347.0,13.47,9.209999999999999,True
11210661.IV.FEMA..HN,11210661,1828,18.28,999.0,9.99,8.290000000000001,True
11210661.IV.FIAM..HH,11210661,2034,20.34,2028.0,20.28,0.05999999999999872,True
11210661.IV.FIAM..HN,11210661,1880,18.8,1949.0,19.490000000000002,0.6900000000000013,True
11210661.IV.FOSV..EH,11210661,1995,19.95,1742.0,17.42,2.5299999999999976,True
11210661.IV.FOSV..HN,11210661,1966,19.66,1972.0,19.72,0.05999999999999872,True
11210661.IV.FRON..EH,11210661,1884,18.84,1867.0,18.67,0.16999999999999815,True
11210661.IV.FSSB..HH,11210661,1541,15.41,1544.0,15.44,0.02999999999999936,True
11210661.IV.GIGS..HH,11210661,1948,19.48,1957.0,19.57,0.08999999999999986,True
11210661.IV.GUMA..HH,11210661,1918,19.18,1511.0,15.11,4.07,True
11210661.IV.GUMA..HN,11210661,1893,18.93,1898.0,18.98,0.05000000000000071,True
11210661.IV.LNSS..HH,11210661,1895,18.95,1772.0,17.72,1.2300000000000004,True
11210661.IV.MC2..EH,11210661,1564,15.64,1041.0,10.41,5.23,True
11210661.IV.MDAR..HN,11210661,1817,18.17,1816.0,18.16,0.010000000000001563,True
11210661.IV.MMO1..EH,11210661,1757,17.57,999.0,9.99,7.58,True
11210661.IV.MMO1..HN,11210661,1621,16.21,1653.0,16.53,0.3200000000000003,True
11210661.IV.MOMA..HH,11210661,2098,20.98,1278.0,12.780000000000001,8.2,True
11210661.IV.MOMA..HN,11210661,1994,19.94,2052.0,20.52,0.5799999999999983,True
11210661.IV.MPAG..EH,11210661,1991,19.91,1992.0,19.92,0.010000000000001563,True
11210661.IV.MPAG..HN,11210661,1950,19.5,2367.0,23.67,4.170000000000002,True
11210661.IV.MTL1..HN,11210661,1641,16.41,1663.0,16.63,0.21999999999999886,True
11210661.IV.MURB..HH,11210661,2003,20.03,1999.0,19.990000000000002,0.03999999999999915,True
11210661.IV.MURB..HN,11210661,1994,19.94,2044.0,20.44,0.5,True
11210661.IV.NRCA..HH,11210661,1886,18.86,1389.0,13.89,4.969999999999999,True
11210661.IV.NRCA..HN,11210661,1886,18.86,1895.0,18.95,0.08999999999999986,True
11210661.IV.OFFI..HH,11210661,1887,18.87,1897.0,18.97,0.09999999999999787,True
11210661.IV.PARC..HH,11210661,2005,20.05,1993.0,19.93,0.120000000000001,True
11210661.IV.PIEI..HH,11210661,1687,16.87,1683.0,16.830000000000002,0.03999999999999915,True
11210661.IV.PIEI..HN,11210661,1666,16.66,1754.0,17.54,0.879999999999999,True
11210661.IV.PP3..EH,11210661,1896,18.96,1909.0,19.09,0.129999999999999,True
11210661.IV.PP3..HN,11210661,1982,19.82,2001.0,20.01,0.19000000000000128,True
11210661.IV.RM33..EH,11210661,1705,17.05,1082.0,10.82,6.23,True
11210661.IV.RM33..HN,11210661,1714,17.14,1810.0,18.1,0.9600000000000009,True
11210661.IV.SEF1..HN,11210661,1684,16.84,1687.0,16.87,0.030000000000001137,True
11210661.IV.SSFR..HH,11210661,1818,18.18,1802.0,18.02,0.16000000000000014,True
11210661.IV.SSFR..HN,11210661,1853,18.53,1858.0,18.580000000000002,0.05000000000000071,True
11210661.IV.T0110..HH,11210661,1719,17.19,1732.0,17.32,0.129999999999999,True
11210661.IV.T1211..EH,11210661,2913,29.13,2912.0,29.12,0.00999999999999801,True
11210661.IV.T1211..HN,11210661,4289,42.89,4347.0,43.47,0.5799999999999983,True
11210661.IV.T1215..EH,11210661,4288,42.88,2121.0,21.21,21.67,True
11210661.IV.T1215..HN,11210661,3799,37.99,3803.0,38.03,0.03999999999999915,True
11210661.IV.T1216..EH,11210661,4038,40.38,1745.0,17.45,22.930000000000003,True
11210661.IV.T1216..HN,11210661,2379,23.79,1827.0,18.27,5.52,True
11210661.IV.T1218..EH,11210661,1782,17.82,1778.0,17.78,0.03999999999999915,True
11210661.IV.T1218..HN,11210661,4139,41.39,4154.0,41.54,0.14999999999999858,True
11210661.IV.T1219..EH,11210661,2274,22.740000000000002,1386.0,13.86,8.880000000000003,True
11210661.IV.T1219..HN,11210661,2806,28.060000000000002,1908.0,19.080000000000002,8.98,True
11210661.IV.T1241..EH,11210661,1810,18.1,1792.0,17.92,0.17999999999999972,True
11210661.IV.T1241..HN,11210661,1798,17.98,1805.0,18.05,0.07000000000000028,True
11210661.IV.T1243..HH,11210661,1723,17.23,1719.0,17.19,0.03999999999999915,True
11210661.IV.T1243..HN,11210661,1559,15.59,1585.0,15.85,0.2599999999999998,True
11210661.IV.T1245..HH,11210661,1959,19.59,1475.0,14.75,4.84,True
11210661.IV.T1245..HN,11210661,1886,18.86,1890.0,18.900000000000002,0.0400000000000027,True
11210661.IV.T1247..HH,11210661,1884,18.84,1933.0,19.330000000000002,0.490000000000002,True
11210661.IV.T1256..HH,11210661,1952,19.52,1149.0,11.49,8.03,True
11210661.IV.T1256..HN,11210661,1976,19.76,1975.0,19.75,0.010000000000001563,True
11210661.IV.TERO..HH,11210661,1878,18.78,1875.0,18.75,0.030000000000001137,True
11210661.IV.VCEL..EH,11210661,1651,16.51,1645.0,16.45,0.060000000000002274,True
11210991.IV.ARRO..EH,11210991,1762,17.62,1798.0,17.98,0.35999999999999943,True
11210991.IV.ASSB..HH,11210991,1851,18.51,999.0,9.99,8.520000000000001,True
11210991.IV.ATCC..EH,11210991,1907,19.07,1322.0,13.22,5.85,True
11210991.IV.ATCC..HN,11210991,1909,19.09,1932.0,19.32,0.23000000000000043,True
11210991.IV.CAMP..HH,11210991,2019,20.19,2020.0,20.2,0.00999999999999801,True
11210991.IV.CESI..HH,11210991,1996,19.96,1130.0,11.3,8.66,True
11210991.IV.CESX..HH,11210991,1882,18.82,1923.0,19.23,0.41000000000000014,True
11210991.IV.CING..HH,11210991,1748,17.48,1751.0,17.51,0.030000000000001137,True
11210991.IV.CSP1..EH,11210991,1995,19.95,999.0,9.99,9.959999999999999,True
11210991.IV.EL6..EH,11210991,1678,16.78,1194.0,11.94,4.840000000000002,True
11210991.IV.FEMA..HN,11210991,2002,20.02,2000.0,20.0,0.019999999999999574,True
11210991.IV.FOSV..EH,11210991,2002,20.02,2027.0,20.27,0.25,True
11210991.IV.FOSV..HN,11210991,2049,20.490000000000002,2103.0,21.03,0.5399999999999991,True
11210991.IV.GUMA..HH,11210991,1907,19.07,1892.0,18.92,0.14999999999999858,True
11210991.IV.GUMA..HN,11210991,1950,19.5,1957.0,19.57,0.07000000000000028,True
11210991.IV.LNSS..HH,11210991,1771,17.71,1773.0,17.73,0.019999999999999574,True
11210991.IV.MMO1..HN,11210991,1696,16.96,1764.0,17.64,0.6799999999999997,True
11210991.IV.NRCA..HH,11210991,1821,18.21,1817.0,18.17,0.03999999999999915,True
11210991.IV.NRCA..HN,11210991,1785,17.85,1793.0,17.93,0.0799999999999983,True
11210991.IV.RM33..EH,11210991,1942,19.42,1955.0,19.55,0.129999999999999,True
11210991.IV.RM33..HN,11210991,1989,19.89,2953.0,29.53,9.64,True
11210991.IV.SEF1..HN,11210991,1623,16.23,1623.0,16.23,0.0,True
11210991.IV.SNTG..HH,11210991,1662,16.62,1664.0,16.64,0.019999999999999574,True
11210991.IV.SNTG..HN,11210991,1560,15.6,1585.0,15.85,0.25,True
11210991.IV.SSFR..HH,11210991,2094,20.94,2097.0,20.97,0.029999999999997584,True
11210991.IV.SSFR..HN,11210991,2000,20.0,2032.0,20.32,0.3200000000000003,True
11210991.IV.T1211..EH,11210991,2571,25.71,2575.0,25.75,0.03999999999999915,True
11210991.IV.T1211..HN,11210991,5086,50.86,5168.0,51.68,0.8200000000000003,True
11210991.IV.T1215..EH,11210991,4876,48.76,2936.0,29.36,19.4,True
11210991.IV.T1215..HN,11210991,2986,29.86,2998.0,29.98,0.120000000000001,True
11210991.IV.T1216..EH,11210991,2135,21.35,2133.0,21.330000000000002,0.019999999999999574,True
11210991.IV.T1216..HN,11210991,1889,18.89,1903.0,19.03,0.14000000000000057,True
11210991.IV.T1218..EH,11210991,3693,36.93,999.0,9.99,26.939999999999998,True
11210991.IV.T1218..HN,11210991,2305,23.05,2326.0,23.26,0.21000000000000085,True
11210991.IV.T1219..EH,11210991,4015,40.15,2995.0,29.95,10.2,True
11210991.IV.T1219..HN,11210991,3049,30.490000000000002,3048.0,30.48,0.010000000000001563,True
11210991.IV.T1241..EH,11210991,1753,17.53,1750.0,17.5,0.030000000000001137,True
11210991.IV.T1241..HN,11210991,1691,16.91,1733.0,17.330000000000002,0.4200000000000017,True
11210991.IV.T1243..HH,11210991,1907,19.07,1905.0,19.05,0.019999999999999574,True
11210991.IV.T1243..HN,11210991,1982,19.82,2014.0,20.14,0.3200000000000003,True
11210991.IV.T1245..HH,11210991,1895,18.95,1884.0,18.84,0.10999999999999943,True
11210991.IV.T1245..HN,11210991,1757,17.57,1768.0,17.68,0.10999999999999943,True
11210991.IV.T1256..HH,11210991,1655,16.55,1621.0,16.21,0.33999999999999986,True
11210991.IV.T1256..HN,11210991,1562,15.620000000000001,1565.0,15.65,0.02999999999999936,True
11211211.IV.CSP1..EH,11211211,2043,20.43,1709.0,17.09,3.34,True
11211211.IV.FDMO..HH,11211211,2093,20.93,1652.0,16.52,4.41,True
11211211.IV.GUMA..HH,11211211,2007,20.07,2010.0,20.1,0.030000000000001137,True
11211211.IV.GUMA..HN,11211211,1902,19.02,1908.0,19.080000000000002,0.060000000000002274,True
11211211.IV.MC2..EH,11211211,1584,15.84,1028.0,10.28,5.5600000000000005,True
11211211.IV.MMO1..EH,11211211,2021,20.21,1193.0,11.93,8.280000000000001,True
11211211.IV.MMO1..HN,11211211,1712,17.12,1743.0,17.43,0.3099999999999987,True
11211211.IV.NRCA..HH,11211211,1671,16.71,1290.0,12.9,3.8100000000000005,True
11211211.IV.NRCA..HN,11211211,1617,16.17,1266.0,12.66,3.5100000000000016,True
11211211.IV.T1216..EH,11211211,3872,38.72,3282.0,32.82,5.899999999999999,True
11211211.IV.T1216..HN,11211211,4466,44.660000000000004,4471.0,44.71,0.04999999999999716,True
11211211.IV.T1219..EH,11211211,1996,19.96,1521.0,15.21,4.75,True
11211211.IV.T1219..HN,11211211,2255,22.55,2637.0,26.37,3.8200000000000003,True
11211211.IV.T1241..EH,11211211,2255,22.55,2197.0,21.97,0.5800000000000018,True
11211211.IV.T1241..HN,11211211,1978,19.78,2009.0,20.09,0.3099999999999987,True
11211211.IV.T1243..HH,11211211,2025,20.25,1684.0,16.84,3.41,True
11211211.IV.T1243..HN,11211211,1987,19.87,2023.0,20.23,0.35999999999999943,True
11211211.IV.T1245..HH,11211211,2011,20.11,1664.0,16.64,3.469999999999999,True
11211211.IV.T1245..HN,11211211,2012,20.12,2015.0,20.150000000000002,0.030000000000001137,True
11211211.IV.T1256..HH,11211211,2046,20.46,1689.0,16.89,3.5700000000000003,True
11211211.IV.T1256..HN,11211211,1971,19.71,1975.0,19.75,0.03999999999999915,True
11211641.MN.AQU..HH,11211641,2037,20.37,2089.0,20.89,0.5199999999999996,True
11211641.MN.AQU..HL,11211641,1932,19.32,1131.0,11.31,8.01,True
11211641.IV.ARRO..EH,11211641,1785,17.85,1787.0,17.87,0.019999999999999574,True
11211641.IV.ARVD..HH,11211641,1753,17.53,1783.0,17.830000000000002,0.3000000000000007,True
11211641.IV.ATCC..EH,11211641,1651,16.51,1695.0,16.95,0.4399999999999977,True
11211641.IV.ATCC..HN,11211641,1612,16.12,1747.0,17.47,1.3499999999999979,True
11211641.IV.CAMP..HH,11211641,1968,19.68,1946.0,19.46,0.21999999999999886,True
11211641.IV.CERT..HH,11211641,2312,23.12,2438.0,24.38,1.259999999999998,True
11211641.IV.CESI..HH,11211641,1942,19.42,1963.0,19.63,0.2099999999999973,True
11211641.IV.CESX..HH,11211641,2301,23.01,2309.0,23.09,0.0799999999999983,True
11211641.IV.CING..HH,11211641,2078,20.78,2105.0,21.05,0.2699999999999996,True
11211641.IV.CSP1..EH,11211641,1864,18.64,1869.0,18.69,0.05000000000000071,True
11211641.IV.EL6..EH,11211641,1932,19.32,1968.0,19.68,0.35999999999999943,True
11211641.IV.FAGN..HH,11211641,1780,17.8,1895.0,18.95,1.1499999999999986,True
11211641.IV.FDMO..HH,11211641,1757,17.57,1163.0,11.63,5.9399999999999995,True
11211641.IV.FIAM..HH,11211641,1771,17.71,1779.0,17.79,0.0799999999999983,True
11211641.IV.FIAM..HN,11211641,1928,19.28,1946.0,19.46,0.17999999999999972,True
11211641.IV.GIGS..HH,11211641,1559,15.59,1565.0,15.65,0.0600000000000005,True
11211641.IV.GUMA..HH,11211641,1937,19.37,1942.0,19.42,0.05000000000000071,True
11211641.IV.GUMA..HN,11211641,1961,19.61,1966.0,19.66,0.05000000000000071,True
11211641.IV.LNSS..HH,11211641,1871,18.71,1845.0,18.45,0.26000000000000156,True
11211641.IV.MC2..EH,11211641,1596,15.96,1598.0,15.98,0.019999999999999574,True
11211641.IV.MGAB..HH,11211641,2092,20.92,2116.0,21.16,0.23999999999999844,True
11211641.IV.MGAB..HN,11211641,2187,21.87,2230.0,22.3,0.4299999999999997,True
11211641.IV.MMO1..EH,11211641,2014,20.14,2011.0,20.11,0.030000000000001137,True
11211641.IV.MMO1..HN,11211641,1907,19.07,1916.0,19.16,0.08999999999999986,True
11211641.IV.NRCA..HN,11211641,1998,19.98,2006.0,20.06,0.0799999999999983,True
11211641.IV.OFFI..HH,11211641,1959,19.59,1957.0,19.57,0.019999999999999574,True
11211641.IV.RM33..EH,11211641,1505,15.05,1463.0,14.63,0.41999999999999993,True
11211641.IV.RM33..HN,11211641,1534,15.34,1518.0,15.18,0.16000000000000014,True
11211641.IV.SMA1..EH,11211641,1978,19.78,1935.0,19.35,0.4299999999999997,True
11211641.IV.SRES..HH,11211641,1943,19.43,1968.0,19.68,0.25,True
11211641.IV.T0110..HH,11211641,1826,18.26,1867.0,18.67,0.41000000000000014,True
11211641.IV.T1211..EH,11211641,2035,20.35,2031.0,20.31,0.0400000000000027,True
11211641.IV.T1211..HN,11211641,2611,26.11,2612.0,26.12,0.010000000000001563,True
11211641.IV.T1215..EH,11211641,2254,22.54,2256.0,22.56,0.019999999999999574,True
11211641.IV.T1215..HN,11211641,2201,22.01,2208.0,22.080000000000002,0.07000000000000028,True
11211641.IV.T1216..EH,11211641,4283,42.83,1102.0,11.02,31.81,True
11211641.IV.T1216..HN,11211641,3529,35.29,3556.0,35.56,0.2700000000000031,True
11211641.IV.T1218..EH,11211641,2287,22.87,2289.0,22.89,0.019999999999999574,True
11211641.IV.T1218..HN,11211641,3882,38.82,3883.0,38.83,0.00999999999999801,True
11211641.IV.T1219..EH,11211641,2955,29.55,2972.0,29.72,0.16999999999999815,True
11211641.IV.T1219..HN,11211641,1859,18.59,1880.0,18.8,0.21000000000000085,True
11211641.IV.T1241..EH,11211641,1957,19.57,1951.0,19.51,0.05999999999999872,True
11211641.IV.T1241..HN,11211641,1893,18.93,1894.0,18.94,0.010000000000001563,True
11211641.IV.T1243..HH,11211641,1944,19.44,1923.0,19.23,0.21000000000000085,True
11211641.IV.T1243..HN,11211641,1857,18.57,1857.0,18.57,0.0,True
11211641.IV.T1245..HH,11211641,2259,22.59,2263.0,22.63,0.03999999999999915,True
11211641.IV.T1245..HN,11211641,2030,20.3,2035.0,20.35,0.05000000000000071,True
11211641.IV.T1247..HH,11211641,2071,20.71,2065.0,20.650000000000002,0.05999999999999872,True
11211641.IV.T1256..HH,11211641,1591,15.91,1599.0,15.99,0.08000000000000007,True
11211641.IV.T1256..HN,11211641,1623,16.23,1657.0,16.57,0.33999999999999986,True
11211641.IV.VCEL..EH,11211641,2085,20.85,2104.0,21.04,0.18999999999999773,True
11212081.IV.AOI..HH,11212081,1642,16.42,1642.0,16.42,0.0,True
11212081.IV.APEC..HH,11212081,1887,18.87,1896.0,18.96,0.08999999999999986,True
11212081.IV.APEC..HN,11212081,1975,19.75,,,,False
11212081.IV.ARRO..EH,11212081,2195,21.95,2200.0,22.0,0.05000000000000071,True
11212081.IV.ARVD..HH,11212081,2151,21.51,2148.0,21.48,0.030000000000001137,True
11212081.IV.ATCC..EH,11212081,1775,17.75,1721.0,17.21,0.5399999999999991,True
11212081.IV.ATCC..HN,11212081,1821,18.21,1814.0,18.14,0.07000000000000028,True
11212081.IV.ATFO..HH,11212081,1577,15.77,1578.0,15.780000000000001,0.010000000000001563,True
11212081.IV.ATFO..HN,11212081,1538,15.38,1546.0,15.46,0.08000000000000007,True
11212081.IV.ATPI..EH,11212081,2042,20.42,2022.0,20.22,0.20000000000000284,True
11212081.IV.ATVO..HH,11212081,1626,16.26,1591.0,15.91,0.3500000000000014,True
11212081.IV.ATVO..HN,11212081,1659,16.59,1680.0,16.8,0.21000000000000085,True
11212081.IV.BADI..EH,11212081,2032,20.32,2028.0,20.28,0.03999999999999915,True
11212081.IV.CAFI..HH,11212081,1894,18.94,1886.0,18.86,0.08000000000000185,True
11212081.IV.CAFI..HN,11212081,1803,18.03,1833.0,18.330000000000002,0.3000000000000007,True
11212081.IV.CAMP..HH,11212081,1864,18.64,1841.0,18.41,0.23000000000000043,True
11212081.IV.CERT..HH,11212081,1964,19.64,1858.0,18.580000000000002,1.0599999999999987,True
11212081.IV.CESI..HH,11212081,2055,20.55,1970.0,19.7,0.8500000000000014,True
11212081.IV.CESX..HH,11212081,1762,17.62,1753.0,17.53,0.08999999999999986,True
11212081.IV.CING..HH,11212081,1801,18.01,999.0,9.99,8.020000000000001,True
11212081.IV.COR1..EH,11212081,1657,16.57,1655.0,16.55,0.019999999999999574,True
11212081.IV.COR1..HN,11212081,1669,16.69,1800.0,18.0,1.3099999999999987,True
11212081.IV.CSP1..EH,11212081,1925,19.25,1856.0,18.56,0.6900000000000013,True
11212081.IV.FAGN..HH,11212081,1632,16.32,1649.0,16.490000000000002,0.1700000000000017,True
11212081.IV.FDMO..HH,11212081,1757,17.57,1667.0,16.67,0.8999999999999986,True
11212081.IV.FEMA..HN,11212081,2018,20.18,2003.0,20.03,0.14999999999999858,True
11212081.IV.FIAM..HH,11212081,1800,18.0,1799.0,17.990000000000002,0.00999999999999801,True
11212081.IV.FIAM..HN,11212081,2036,20.36,2063.0,20.63,0.2699999999999996,True
11212081.IV.FOSV..EH,11212081,1660,16.6,1636.0,16.36,0.240000000000002,True
11212081.IV.FOSV..HN,11212081,1682,16.82,1692.0,16.92,0.10000000000000142,True
11212081.IV.FRON..EH,11212081,2107,21.07,2089.0,20.89,0.17999999999999972,True
11212081.IV.FSSB..HH,11212081,1796,17.96,1794.0,17.94,0.019999999999999574,True
11212081.IV.GUMA..HH,11212081,1682,16.82,1642.0,16.42,0.3999999999999986,True
11212081.IV.GUMA..HN,11212081,1636,16.36,1625.0,16.25,0.10999999999999943,True
11212081.IV.INTR..HH,11212081,1641,16.41,1644.0,16.44,0.030000000000001137,True
11212081.IV.INTR..HN,11212081,1571,15.71,2073.0,20.73,5.02,True
11212081.IV.LNSS..HH,11212081,1795,17.95,1775.0,17.75,0.1999999999999993,True
11212081.IV.MC2..EH,11212081,2216,22.16,2194.0,21.94,0.21999999999999886,True
11212081.IV.MDAR..HN,11212081,1971,19.71,1972.0,19.72,0.00999999999999801,True
11212081.IV.MGAB..HH,11212081,1918,19.18,1882.0,18.82,0.35999999999999943,True
11212081.IV.MGAB..HN,11212081,1951,19.51,1979.0,19.79,0.2799999999999976,True
11212081.IV.MMO1..EH,11212081,2062,20.62,1070.0,10.700000000000001,9.92,True
11212081.IV.MMO1..HN,11212081,1834,18.34,1850.0,18.5,0.16000000000000014,True
11212081.IV.MMUR..HN,11212081,1727,17.27,1707.0,17.07,0.1999999999999993,True
11212081.IV.MNTP..HN,11212081,1741,17.41,1752.0,17.52,0.10999999999999943,True
11212081.IV.MOMA..HH,11212081,1996,19.96,2001.0,20.01,0.05000000000000071,True
11212081.IV.MOMA..HN,11212081,1982,19.82,2009.0,20.09,0.2699999999999996,True
11212081.IV.MPAG..EH,11212081,1871,18.71,1869.0,18.69,0.019999999999999574,True
11212081.IV.MPAG..HN,11212081,1562,15.620000000000001,1314.0,13.14,2.4800000000000004,True
11212081.IV.MURB..HH,11212081,1592,15.92,1583.0,15.83,0.08999999999999986,True
11212081.IV.MURB..HN,11212081,1589,15.89,1602.0,16.02,0.129999999999999,True
11212081.IV.NRCA..HH,11212081,1664,16.64,1645.0,16.45,0.19000000000000128,True
11212081.IV.NRCA..HN,11212081,1761,17.61,1766.0,17.66,0.05000000000000071,True
11212081.IV.OFFI..HH,11212081,1792,17.92,1790.0,17.900000000000002,0.019999999999999574,True
11212081.IV.PARC..HH,11212081,1842,18.42,1835.0,18.35,0.07000000000000028,True
11212081.IV.PIEI..HH,11212081,1757,17.57,1743.0,17.43,0.14000000000000057,True
11212081.IV.PIEI..HN,11212081,1870,18.7,1916.0,19.16,0.46000000000000085,True
11212081.IV.PP3..EH,11212081,1609,16.09,1613.0,16.13,0.03999999999999915,True
11212081.IV.PP3..HN,11212081,1588,15.88,1611.0,16.11,0.22999999999999865,True
11212081.IV.RM33..EH,11212081,1575,15.75,1487.0,14.870000000000001,0.879999999999999,True
11212081.IV.RM33..HN,11212081,1545,15.450000000000001,1577.0,15.77,0.3199999999999985,True
11212081.IV.RUFI..EH,11212081,1873,18.73,1885.0,18.85,0.120000000000001,True
11212081.IV.SACS..HH,11212081,1875,18.75,1838.0,18.38,0.370000000000001,True
11212081.IV.SACS..HN,11212081,1844,18.44,1985.0,19.85,1.4100000000000001,True
11212081.IV.SEF1..HN,11212081,2037,20.37,2035.0,20.35,0.019999999999999574,True
11212081.IV.SNTG..HH,11212081,1882,18.82,1878.0,18.78,0.03999999999999915,True
11212081.IV.SNTG..HN,11212081,1873,18.73,1876.0,18.76,0.030000000000001137,True
11212081.IV.SRES..HH,11212081,1798,17.98,1777.0,17.77,0.21000000000000085,True
11212081.IV.SSFR..HH,11212081,2012,20.12,2017.0,20.17,0.05000000000000071,True
11212081.IV.SSFR..HN,11212081,1973,19.73,1983.0,19.830000000000002,0.10000000000000142,True
11212081.IV.T0110..HH,11212081,1676,16.76,1680.0,16.8,0.03999999999999915,True
11212081.IV.T1215..EH,11212081,3186,31.86,2759.0,27.59,4.27,True
11212081.IV.T1215..HN,11212081,5202,52.02,5205.0,52.050000000000004,0.030000000000001137,True
11212081.IV.T1216..EH,11212081,3245,32.45,3217.0,32.17,0.28000000000000114,True
11212081.IV.T1216..HN,11212081,4580,45.800000000000004,4578.0,45.78,0.020000000000003126,True
11212081.IV.T1218..EH,11212081,2212,22.12,2186.0,21.86,0.26000000000000156,True
11212081.IV.T1218..HN,11212081,1835,18.35,1839.0,18.39,0.03999999999999915,True
11212081.IV.T1241..HN,11212081,1718,17.18,1721.0,17.21,0.030000000000001137,True
11212081.IV.T1243..HH,11212081,1730,17.3,1709.0,17.09,0.21000000000000085,True
11212081.IV.T1243..HN,11212081,1650,16.5,1664.0,16.64,0.14000000000000057,True
11212081.IV.T1245..HH,11212081,1610,16.1,1569.0,15.69,0.4100000000000019,True
11212081.IV.T1245..HN,11212081,1642,16.42,1643.0,16.43,0.00999999999999801,True
11212081.IV.T1247..HH,11212081,1668,16.68,1674.0,16.740000000000002,0.060000000000002274,True
11212081.IV.T1256..HH,11212081,1857,18.57,1797.0,17.97,0.6000000000000014,True
11212081.IV.T1256..HN,11212081,1891,18.91,1882.0,18.82,0.08999999999999986,True
11212081.IV.TOLF..HH,11212081,1960,19.6,2008.0,20.080000000000002,0.4800000000000004,True
11212081.IV.VCEL..EH,11212081,1889,18.89,1880.0,18.8,0.08999999999999986,True
11212981.IV.ARRO..EH,11212981,2012,20.12,2073.0,20.73,0.6099999999999994,True
11212981.IV.ASSB..HH,11212981,2196,21.96,999.0,9.99,11.97,True
11212981.IV.ATCC..EH,11212981,1693,16.93,1702.0,17.02,0.08999999999999986,True
11212981.IV.ATCC..HN,11212981,1771,17.71,1876.0,18.76,1.0500000000000007,True
11212981.IV.CAMP..HH,11212981,1887,18.87,1881.0,18.81,0.060000000000002274,True
11212981.IV.CESI..HH,11212981,1588,15.88,1603.0,16.03,0.15000000000000036,True
11212981.IV.CESX..HH,11212981,2017,20.17,2033.0,20.330000000000002,0.16000000000000014,True
11212981.IV.CING..HH,11212981,2270,22.7,1345.0,13.450000000000001,9.249999999999998,True
11212981.IV.CSP1..EH,11212981,2009,20.09,2019.0,20.19,0.10000000000000142,True
11212981.IV.EL6..EH,11212981,1659,16.59,1691.0,16.91,0.3200000000000003,True
11212981.IV.FAGN..HH,11212981,1839,18.39,1850.0,18.5,0.10999999999999943,True
11212981.IV.FDMO..HH,11212981,2181,21.81,2216.0,22.16,0.3500000000000014,True
11212981.IV.FIAM..HH,11212981,1607,16.07,1601.0,16.01,0.05999999999999872,True
11212981.IV.FIAM..HN,11212981,1547,15.47,1562.0,15.620000000000001,0.15000000000000036,True
11212981.IV.GIGS..HH,11212981,1851,18.51,1871.0,18.71,0.1999999999999993,True
11212981.IV.GUMA..HH,11212981,1982,19.82,1978.0,19.78,0.03999999999999915,True
11212981.IV.GUMA..HN,11212981,1941,19.41,1943.0,19.43,0.019999999999999574,True
11212981.IV.LNSS..HH,11212981,2053,20.53,2061.0,20.61,0.0799999999999983,True
11212981.IV.MC2..EH,11212981,1739,17.39,1116.0,11.16,6.23,True
11212981.IV.MMO1..EH,11212981,1789,17.89,1204.0,12.040000000000001,5.85,True
11212981.IV.MMO1..HN,11212981,1586,15.860000000000001,1600.0,16.0,0.1399999999999988,True
11212981.IV.NRCA..HH,11212981,1971,19.71,1970.0,19.7,0.010000000000001563,True
11212981.IV.NRCA..HN,11212981,2032,20.32,2030.0,20.3,0.019999999999999574,True
11212981.IV.OFFI..HH,11212981,2032,20.32,2028.0,20.28,0.03999999999999915,True
11212981.IV.RM33..EH,11212981,1771,17.71,1767.0,17.67,0.03999999999999915,True
11212981.IV.RM33..HN,11212981,1580,15.8,1632.0,16.32,0.5199999999999996,True
11212981.IV.SMA1..EH,11212981,1680,16.8,1685.0,16.85,0.05000000000000071,True
11212981.IV.SNTG..HH,11212981,1541,15.41,1558.0,15.58,0.16999999999999993,True
11212981.IV.SNTG..HN,11212981,1570,15.700000000000001,1656.0,16.56,0.8599999999999977,True
11212981.IV.T0110..HH,11212981,1892,18.92,1909.0,19.09,0.16999999999999815,True
11212981.IV.T1211..EH,11212981,2349,23.490000000000002,2364.0,23.64,0.14999999999999858,True
11212981.IV.T1211..HN,11212981,5487,54.870000000000005,5578.0,55.78,0.9099999999999966,True
11212981.IV.T1215..EH,11212981,1887,18.87,1222.0,12.22,6.65,True
11212981.IV.T1215..HN,11212981,2975,29.75,1139.0,11.39,18.36,True
11212981.IV.T1216..EH,11212981,2967,29.67,1382.0,13.82,15.850000000000001,True
11212981.IV.T1216..HN,11212981,3050,30.5,2178.0,21.78,8.719999999999999,True
11212981.IV.T1218..EH,11212981,2403,24.03,2402.0,24.02,0.010000000000001563,True
11212981.IV.T1218..HN,11212981,2563,25.63,2587.0,25.87,0.240000000000002,True
11212981.IV.T1241..EH,11212981,1930,19.3,1554.0,15.540000000000001,3.76,True
11212981.IV.T1241..HN,11212981,1966,19.66,2002.0,20.02,0.35999999999999943,True
11212981.IV.T1243..HH,11212981,1809,18.09,1802.0,18.02,0.07000000000000028,True
11212981.IV.T1243..HN,11212981,1737,17.37,1745.0,17.45,0.0799999999999983,True
11212981.IV.T1245..HH,11212981,1684,16.84,1666.0,16.66,0.17999999999999972,True
11212981.IV.T1247..HH,11212981,1903,19.03,1052.0,10.52,8.510000000000002,True
11212981.IV.T1256..HH,11212981,1621,16.21,1621.0,16.21,0.0,True
11212981.IV.T1256..HN,11212981,1698,16.98,1710.0,17.1,0.120000000000001,True
11213101.IV.ARVD..HH,11213101,1534,15.34,1553.0,15.530000000000001,0.19000000000000128,True
11213101.IV.ASSB..HH,11213101,1896,18.96,1228.0,12.280000000000001,6.68,True
11213101.IV.CING..HH,11213101,1545,15.450000000000001,1572.0,15.72,0.2699999999999996,True
11213101.IV.CSP1..EH,11213101,2123,21.23,2138.0,21.38,0.14999999999999858,True
11213101.IV.EL6..EH,11213101,1650,16.5,1660.0,16.6,0.10000000000000142,True
11213101.IV.FDMO..HH,11213101,2229,22.29,1862.0,18.62,3.669999999999998,True
11213101.IV.GUMA..HH,11213101,1862,18.62,1871.0,18.71,0.08999999999999986,True
11213101.IV.GUMA..HN,11213101,1880,18.8,1900.0,19.0,0.1999999999999993,True
11213101.IV.MC2..EH,11213101,1657,16.57,1150.0,11.5,5.07,True
11213101.IV.MMO1..EH,11213101,2130,21.3,1436.0,14.36,6.940000000000001,True
11213101.IV.MMO1..HN,11213101,1950,19.5,2018.0,20.18,0.6799999999999997,True
11213101.IV.SNTG..HH,11213101,1598,15.98,1598.0,15.98,0.0,True
11213101.IV.SNTG..HN,11213101,1623,16.23,,,,False
11213101.IV.SSFR..HH,11213101,1786,17.86,1801.0,18.01,0.15000000000000213,True
11213101.IV.SSFR..HN,11213101,1628,16.28,,,,False
11213101.IV.T1216..EH,11213101,5112,51.120000000000005,3548.0,35.480000000000004,15.64,True
11213101.IV.T1216..HN,11213101,1946,19.46,999.0,9.99,9.47,True
11213101.IV.T1245..HH,11213101,2053,20.53,1152.0,11.52,9.010000000000002,True
11213101.IV.T1245..HN,11213101,1867,18.67,1831.0,18.31,0.360000000000003,True
11213101.IV.T1256..HH,11213101,1632,16.32,1634.0,16.34,0.019999999999999574,True
11213101.IV.T1256..HN,11213101,1655,16.55,1705.0,17.05,0.5,True
11213221.IV.ASSB..HH,11213221,1796,17.96,1826.0,18.26,0.3000000000000007,True
11213221.IV.ATCC..EH,11213221,1989,19.89,1996.0,19.96,0.07000000000000028,True
11213221.IV.CESI..HH,11213221,1628,16.28,1627.0,16.27,0.010000000000001563,True
11213221.IV.CING..HH,11213221,1796,17.96,1801.0,18.01,0.05000000000000071,True
11213221.IV.CSP1..EH,11213221,1857,18.57,1861.0,18.61,0.03999999999999915,True
11213221.IV.EL6..EH,11213221,1802,18.02,1806.0,18.06,0.03999999999999915,True
11213221.IV.FDMO..HH,11213221,1755,17.55,1730.0,17.3,0.25,True
11213221.IV.FOSV..EH,11213221,1912,19.12,1914.0,19.14,0.019999999999999574,True
11213221.IV.FOSV..HN,11213221,1705,17.05,,,,False
11213221.IV.SNTG..HN,11213221,1598,15.98,1617.0,16.17,0.19000000000000128,True
11213221.IV.T1256..HH,11213221,2021,20.21,2024.0,20.240000000000002,0.030000000000001137,True
11213221.IV.T1256..HN,11213221,1989,19.89,2307.0,23.07,3.1799999999999997,True
1121331.IV.CIGN..HH,1121331,2037,20.37,2034.0,20.34,0.030000000000001137,True
1121331.IV.FRES..HH,1121331,1898,18.98,2017.0,20.17,1.1900000000000013,True
1121331.IV.INTR..HH,1121331,2088,20.88,2196.0,21.96,1.0800000000000018,True
1121331.IV.MELA..HH,1121331,1789,17.89,1807.0,18.07,0.17999999999999972,True
1121331.IV.MELA..HN,1121331,1891,18.91,1934.0,19.34,0.4299999999999997,True
1121331.IV.MOCO..HH,1121331,1780,17.8,1887.0,18.87,1.0700000000000003,True
1121331.IV.MOCO..HN,1121331,1901,19.01,2047.0,20.47,1.4599999999999973,True
1121331.IV.MRVN..HH,1121331,1794,17.94,1836.0,18.36,0.41999999999999815,True
1121331.IV.MSAG..HH,1121331,1559,15.59,1562.0,15.620000000000001,0.030000000000001137,True
1121331.IV.MSAG..HN,1121331,1675,16.75,1682.0,16.82,0.07000000000000028,True
1121331.IV.SGRT..HH,1121331,1791,17.91,1771.0,17.71,0.1999999999999993,True
11213801.MN.AQU..HH,11213801,1918,19.18,1927.0,19.27,0.08999999999999986,True
11213801.MN.AQU..HL,11213801,1811,18.11,1832.0,18.32,0.21000000000000085,True
11213801.IV.CAMP..HH,11213801,1946,19.46,1382.0,13.82,5.640000000000001,True
11213801.IV.CERT..HH,11213801,1732,17.32,1726.0,17.26,0.05999999999999872,True
11213801.IV.CESX..HH,11213801,1866,18.66,1872.0,18.72,0.05999999999999872,True
11213801.IV.CSP1..EH,11213801,2014,20.14,2063.0,20.63,0.48999999999999844,True
11213801.IV.FAGN..HH,11213801,2052,20.52,2047.0,20.47,0.05000000000000071,True
11213801.IV.FIAM..HH,11213801,1919,19.19,1898.0,18.98,0.21000000000000085,True
11213801.IV.FIAM..HN,11213801,1841,18.41,1848.0,18.48,0.07000000000000028,True
11213801.IV.GIGS..HH,11213801,1846,18.46,1572.0,15.72,2.74,True
11213801.IV.GIUL..HH,11213801,1935,19.35,1090.0,10.9,8.450000000000001,True
11213801.IV.INTR..HH,11213801,1902,19.02,1901.0,19.01,0.00999999999999801,True
11213801.IV.INTR..HN,11213801,1896,18.96,3103.0,31.03,12.07,True
11213801.IV.LNSS..HH,11213801,1855,18.55,1062.0,10.620000000000001,7.93,True
11213801.IV.MGAB..HH,11213801,1976,19.76,1991.0,19.91,0.14999999999999858,True
11213801.IV.MTCE..HH,11213801,2153,21.53,2154.0,21.54,0.00999999999999801,True
11213801.IV.OFFI..HH,11213801,1803,18.03,1810.0,18.1,0.07000000000000028,True
11213801.IV.RM33..EH,11213801,1585,15.85,1090.0,10.9,4.949999999999999,True
11213801.IV.RM33..HN,11213801,1597,15.97,1588.0,15.88,0.08999999999999986,True
11213801.IV.SACS..HH,11213801,2121,21.21,2165.0,21.650000000000002,0.4400000000000013,True
11213801.IV.SACS..HN,11213801,2073,20.73,,,,False
11213801.IV.SMA1..EH,11213801,1598,15.98,999.0,9.99,5.99,True
11213801.IV.SRES..HH,11213801,1678,16.78,1684.0,16.84,0.05999999999999872,True
11213801.IV.T0110..HH,11213801,1923,19.23,1932.0,19.32,0.08999999999999986,True
11213801.IV.T1201..HN,11213801,1857,18.57,1079.0,10.790000000000001,7.779999999999999,True
11213801.IV.T1202..EH,11213801,1646,16.46,1017.0,10.17,6.290000000000001,True
11213801.IV.T1204..EH,11213801,1802,18.02,999.0,9.99,8.03,True
11213801.IV.T1211..EH,11213801,3012,30.12,2540.0,25.400000000000002,4.719999999999999,True
11213801.IV.T1211..HN,11213801,2757,27.57,2758.0,27.580000000000002,0.010000000000001563,True
11213801.IV.T1212..EH,11213801,5244,52.44,1745.0,17.45,34.989999999999995,True
11213801.IV.T1212..HN,11213801,3943,39.43,1371.0,13.71,25.72,True
11213801.IV.T1213..EH,11213801,1600,16.0,999.0,9.99,6.01,True
11213801.IV.T1213..HN,11213801,2547,25.47,1674.0,16.740000000000002,8.729999999999997,True
11213801.IV.T1215..EH,11213801,2259,22.59,1017.0,10.17,12.42,True
11213801.IV.T1215..HN,11213801,2493,24.93,1269.0,12.69,12.24,True
11213801.IV.T1216..EH,11213801,3032,30.32,1551.0,15.51,14.81,True
11213801.IV.T1216..HN,11213801,2353,23.53,999.0,9.99,13.540000000000001,True
11213801.IV.T1218..EH,11213801,2727,27.27,1836.0,18.36,8.91,True
11213801.IV.T1218..HN,11213801,2785,27.85,1920.0,19.2,8.650000000000002,True
11213801.IV.T1241..EH,11213801,1864,18.64,999.0,9.99,8.65,True
11213801.IV.T1241..HN,11213801,1902,19.02,999.0,9.99,9.03,True
11213801.IV.T1243..HH,11213801,1925,19.25,1063.0,10.63,8.62,True
11213801.IV.T1243..HN,11213801,2064,20.64,1242.0,12.42,8.22,True
11213801.IV.T1244..EH,11213801,2035,20.35,999.0,9.99,10.360000000000001,True
11213801.IV.T1244..HN,11213801,1825,18.25,1133.0,11.33,6.92,True
11213801.IV.T1245..HH,11213801,1760,17.6,2227.0,22.27,4.669999999999998,True
11213801.IV.T1245..HN,11213801,1664,16.64,2151.0,21.51,4.870000000000001,True
11213801.IV.T1246..HH,11213801,1522,15.22,999.0,9.99,5.23,True
11213801.IV.T1247..HH,11213801,1673,16.73,1677.0,16.77,0.03999999999999915,True
11213801.IV.T1256..HH,11213801,1773,17.73,1880.0,18.8,1.0700000000000003,True
11213801.IV.T1299..EH,11213801,1694,16.94,999.0,9.99,6.950000000000001,True
11213801.IV.T1299..HN,11213801,1789,17.89,1790.0,17.900000000000002,0.010000000000001563,True
11213801.IV.TOLF..HH,11213801,1621,16.21,1641.0,16.41,0.1999999999999993,True
11213801.IV.VCEL..EH,11213801,2005,20.05,1993.0,19.93,0.120000000000001,True
11214971.MN.AQU..HH,11214971,2018,20.18,2044.0,20.44,0.26000000000000156,True
11214971.MN.AQU..HL,11214971,2112,21.12,2159.0,21.59,0.46999999999999886,True
11214971.IV.CAMP..HH,11214971,2165,21.650000000000002,1709.0,17.09,4.560000000000002,True
11214971.IV.CERT..HH,11214971,2115,21.150000000000002,2119.0,21.19,0.03999999999999915,True
11214971.IV.CESX..HH,11214971,1961,19.61,1684.0,16.84,2.7699999999999996,True
11214971.IV.CSP1..EH,11214971,1692,16.92,999.0,9.99,6.9300000000000015,True
11214971.IV.FAGN..HH,11214971,1928,19.28,1961.0,19.61,0.3299999999999983,True
11214971.IV.FIAM..HH,11214971,1785,17.85,1758.0,17.580000000000002,0.2699999999999996,True
11214971.IV.FIAM..HN,11214971,2002,20.02,1990.0,19.900000000000002,0.11999999999999744,True
11214971.IV.GIGS..HH,11214971,1669,16.69,1234.0,12.34,4.350000000000001,True
11214971.IV.GUMA..HH,11214971,1866,18.66,999.0,9.99,8.67,True
11214971.IV.GUMA..HN,11214971,1630,16.3,1090.0,10.9,5.4,True
11214971.IV.INTR..HH,11214971,2255,22.55,2258.0,22.580000000000002,0.030000000000001137,True
11214971.IV.INTR..HN,11214971,1930,19.3,1972.0,19.72,0.41999999999999815,True
11214971.IV.LNSS..HH,11214971,2066,20.66,1652.0,16.52,4.140000000000001,True
11214971.IV.MMO1..HN,11214971,2009,20.09,1449.0,14.49,5.6,True
11214971.IV.MNTP..HN,11214971,1680,16.8,999.0,9.99,6.8100000000000005,True
11214971.IV.MOMA..HH,11214971,1752,17.52,1152.0,11.52,6.0,True
11214971.IV.MOMA..HN,11214971,1726,17.26,1724.0,17.240000000000002,0.019999999999999574,True
11214971.IV.MTCE..HH,11214971,1862,18.62,1860.0,18.6,0.019999999999999574,True
11214971.IV.NRCA..HH,11214971,1645,16.45,999.0,9.99,6.459999999999999,True
11214971.IV.NRCA..HN,11214971,1773,17.73,1062.0,10.620000000000001,7.109999999999999,True
11214971.IV.OFFI..HH,11214971,1871,18.71,1421.0,14.21,4.5,True
11214971.IV.PTQR..HH,11214971,1727,17.27,1735.0,17.35,0.08000000000000185,True
11214971.IV.RDP..HH,11214971,2036,20.36,2139.0,21.39,1.0300000000000011,True
11214971.IV.RM33..EH,11214971,1642,16.42,1206.0,12.06,4.360000000000001,True
11214971.IV.RM33..HN,11214971,1614,16.14,1184.0,11.84,4.300000000000001,True
11214971.IV.SRES..HH,11214971,1916,19.16,1903.0,19.03,0.129999999999999,True
11214971.IV.T0110..HH,11214971,2087,20.87,2085.0,20.85,0.019999999999999574,True
11214971.IV.T1211..EH,11214971,2882,28.82,2854.0,28.54,0.28000000000000114,True
11214971.IV.T1211..HN,11214971,3016,30.16,3010.0,30.1,0.05999999999999872,True
11214971.IV.T1218..EH,11214971,2546,25.46,2135.0,21.35,4.109999999999999,True
11214971.IV.T1218..HN,11214971,2634,26.34,2226.0,22.26,4.079999999999998,True
11214971.IV.T1241..EH,11214971,1771,17.71,1306.0,13.06,4.65,True
11214971.IV.T1243..HH,11214971,2253,22.53,1839.0,18.39,4.140000000000001,True
11214971.IV.T1243..HN,11214971,1970,19.7,1559.0,15.59,4.109999999999999,True
11214971.IV.T1245..HN,11214971,1937,19.37,1311.0,13.11,6.260000000000002,True
11214971.IV.T1246..HH,11214971,1766,17.66,1314.0,13.14,4.52,True
11214971.IV.T1247..HH,11214971,1821,18.21,1392.0,13.92,4.290000000000001,True
11214971.IV.T1299..EH,11214971,1827,18.27,1424.0,14.24,4.029999999999999,True
11214971.IV.T1299..HN,11214971,1755,17.55,1386.0,13.86,3.6900000000000013,True
11214971.IV.VCEL..EH,11214971,1996,19.96,1615.0,16.15,3.8100000000000023,True
11214971.IV.VVLD..HH,11214971,1700,17.0,1732.0,17.32,0.3200000000000003,True
11215531.MN.AQU..HH,11215531,1971,19.71,1976.0,19.76,0.05000000000000071,True
11215531.MN.AQU..HL,11215531,2128,21.28,2172.0,21.72,0.4399999999999977,True
11215531.IV.CAMP..HH,11215531,1992,19.92,999.0,9.99,9.930000000000001,True
11215531.IV.GIGS..HH,11215531,1812,18.12,1810.0,18.1,0.019999999999999574,True
11215531.IV.LNSS..HH,11215531,1871,18.71,999.0,9.99,8.72,True
11215531.IV.MC2..EH,11215531,2067,20.67,2063.0,20.63,0.0400000000000027,True
11215531.IV.MMO1..EH,11215531,2028,20.28,2014.0,20.14,0.14000000000000057,True
11215531.IV.MMO1..HN,11215531,2007,20.07,2594.0,25.94,5.870000000000001,True
11215531.IV.NRCA..HH,11215531,1666,16.66,1320.0,13.200000000000001,3.459999999999999,True
11215531.IV.NRCA..HN,11215531,1635,16.35,1643.0,16.43,0.0799999999999983,True
11215531.IV.RM33..EH,11215531,1730,17.3,1131.0,11.31,5.99,True
11215531.IV.SMA1..EH,11215531,1902,19.02,1127.0,11.27,7.75,True
11215531.IV.T1216..EH,11215531,2039,20.39,2062.0,20.62,0.23000000000000043,True
11215531.IV.T1216..HN,11215531,2049,20.490000000000002,2100.0,21.0,0.509999999999998,True
11215531.IV.T1218..EH,11215531,3110,31.1,2581.0,25.810000000000002,5.289999999999999,True
11215531.IV.T1218..HN,11215531,2053,20.53,2053.0,20.53,0.0,True
11215531.IV.T1241..EH,11215531,1739,17.39,1733.0,17.330000000000002,0.05999999999999872,True
11215531.IV.T1241..HN,11215531,1682,16.82,1705.0,17.05,0.23000000000000043,True
11215531.IV.T1243..HH,11215531,1770,17.7,999.0,9.99,7.709999999999999,True
11215531.IV.T1243..HN,11215531,1839,18.39,1840.0,18.400000000000002,0.010000000000001563,True
11215531.IV.T1245..HH,11215531,1650,16.5,1650.0,16.5,0.0,True
11215531.IV.T1245..HN,11215531,1664,16.64,1718.0,17.18,0.5399999999999991,True
11215531.IV.T1247..HH,11215531,1984,19.84,1541.0,15.41,4.43,True
11215941.IV.CAMP..HH,11215941,1787,17.87,1782.0,17.82,0.05000000000000071,True
11215941.IV.CSP1..EH,11215941,1835,18.35,1844.0,18.44,0.08999999999999986,True
11215941.IV.FDMO..HH,11215941,2223,22.23,2229.0,22.29,0.05999999999999872,True
11215941.IV.GUMA..HH,11215941,1659,16.59,1667.0,16.67,0.08000000000000185,True
11215941.IV.GUMA..HN,11215941,1609,16.09,1623.0,16.23,0.14000000000000057,True
11215941.IV.LNSS..HH,11215941,1948,19.48,1924.0,19.240000000000002,0.23999999999999844,True
11215941.IV.MC2..EH,11215941,1870,18.7,1889.0,18.89,0.19000000000000128,True
11215941.IV.MMO1..EH,11215941,1630,16.3,1631.0,16.31,0.00999999999999801,True
11215941.IV.MMO1..HN,11215941,1559,15.59,1590.0,15.9,0.3100000000000005,True
11215941.IV.NRCA..HH,11215941,1687,16.87,1695.0,16.95,0.0799999999999983,True
11215941.IV.NRCA..HN,11215941,1714,17.14,1724.0,17.240000000000002,0.10000000000000142,True
11215941.IV.RM33..EH,11215941,1875,18.75,1849.0,18.490000000000002,0.259999999999998,True
11215941.IV.RM33..HN,11215941,1842,18.42,1836.0,18.36,0.060000000000002274,True
11215941.IV.SMA1..EH,11215941,1957,19.57,1462.0,14.620000000000001,4.949999999999999,True
11215941.IV.T1216..EH,11215941,2158,21.580000000000002,2185.0,21.85,0.2699999999999996,True
11215941.IV.T1216..HN,11215941,3528,35.28,999.0,9.99,25.29,True
11215941.IV.T1218..EH,11215941,1655,16.55,1656.0,16.56,0.00999999999999801,True
11215941.IV.T1218..HN,11215941,3421,34.21,1043.0,10.43,23.78,True
11215941.IV.T1241..EH,11215941,1892,18.92,1894.0,18.94,0.019999999999999574,True
11215941.IV.T1241..HN,11215941,2056,20.56,2076.0,20.76,0.20000000000000284,True
11215941.IV.T1243..HH,11215941,1985,19.85,1985.0,19.85,0.0,True
11215941.IV.T1243..HN,11215941,2090,20.900000000000002,2091.0,20.91,0.00999999999999801,True
11215941.IV.T1245..HH,11215941,2114,21.14,2120.0,21.2,0.05999999999999872,True
11215941.IV.T1245..HN,11215941,1926,19.26,1968.0,19.68,0.41999999999999815,True
11215941.IV.T1247..HH,11215941,1861,18.61,1859.0,18.59,0.019999999999999574,True
11215941.IV.T1256..HH,11215941,2191,21.91,2199.0,21.990000000000002,0.08000000000000185,True
11215941.IV.T1256..HN,11215941,2101,21.01,2158.0,21.580000000000002,0.5700000000000003,True
1121651.IV.HAGA..HH,1121651,1682,16.82,1689.0,16.89,0.07000000000000028,True
1121651.IV.HAVL..HH,1121651,1789,17.89,1806.0,18.06,0.16999999999999815,True
1121651.IV.HCRL..HH,1121651,2000,20.0,2009.0,20.09,0.08999999999999986,True
1121651.IV.HLNI..HH,1121651,1528,15.280000000000001,1557.0,15.57,0.28999999999999915,True
1121651.IV.HMDC..HH,1121651,2061,20.61,2120.0,21.2,0.5899999999999999,True
1121651.IV.HVZN..HH,1121651,2111,21.11,2161.0,21.61,0.5,True
11218181.IV.CSP1..EH,11218181,2017,20.17,1482.0,14.82,5.350000000000001,True
11218181.IV.GUMA..HH,11218181,1744,17.44,1748.0,17.48,0.03999999999999915,True
11218181.IV.GUMA..HN,11218181,1570,15.700000000000001,2235.0,22.35,6.65,True
11218181.IV.LNSS..HH,11218181,1767,17.67,1761.0,17.61,0.060000000000002274,True
11218181.IV.MC2..EH,11218181,1810,18.1,1125.0,11.25,6.850000000000001,True
11218181.IV.MMO1..EH,11218181,1757,17.57,1088.0,10.88,6.6899999999999995,True
11218181.IV.MMO1..HN,11218181,1682,16.82,1690.0,16.9,0.0799999999999983,True
11218181.IV.NRCA..HH,11218181,2036,20.36,999.0,9.99,10.37,True
11218181.IV.NRCA..HN,11218181,2157,21.57,1181.0,11.81,9.76,True
11218181.IV.SMA1..EH,11218181,1752,17.52,1753.0,17.53,0.010000000000001563,True
11218181.IV.T1216..EH,11218181,2244,22.44,1487.0,14.870000000000001,7.57,True
11218181.IV.T1216..HN,11218181,2498,24.98,2499.0,24.990000000000002,0.010000000000001563,True
11218181.IV.T1241..EH,11218181,1873,18.73,1287.0,12.870000000000001,5.859999999999999,True
11218181.IV.T1243..HH,11218181,1996,19.96,1173.0,11.73,8.23,True
11218181.IV.T1243..HN,11218181,1986,19.86,1990.0,19.900000000000002,0.0400000000000027,True
1121851.IV.CELI..HH,1121851,1780,17.8,1785.0,17.85,0.05000000000000071,True
1121851.IV.CELI..HN,1121851,1898,18.98,,,,False
1121851.IV.CET2..HH,1121851,1942,19.42,1970.0,19.7,0.2799999999999976,True
1121851.IV.ISTR..HH,1121851,1841,18.41,,,,False
1121851.IV.JOPP..HH,1121851,1637,16.37,1637.0,16.37,0.0,True
1121851.IV.JOPP..HN,1121851,1643,16.43,1661.0,16.61,0.17999999999999972,True
1121851.IV.MILZ..HH,1121851,1805,18.05,1821.0,18.21,0.16000000000000014,True
1121851.IV.MSCL..HH,1121851,1932,19.32,1956.0,19.56,0.23999999999999844,True
1121851.IV.PLAC..HH,1121851,1682,16.82,1717.0,17.17,0.3500000000000014,True
1121921.IV.AMUR..HH,1121921,1821,18.21,1823.0,18.23,0.019999999999999574,True
1121921.MN.CEL..HH,1121921,1680,16.8,1685.0,16.85,0.05000000000000071,True
1121921.MN.CEL..HL,1121921,1832,18.32,1832.0,18.32,0.0,True
1121921.IV.GRI..EH,1121921,1891,18.91,1968.0,19.68,0.7699999999999996,True
1121921.IV.HAVL..HH,1121921,1680,16.8,1706.0,17.06,0.259999999999998,True
1121921.IV.HCRL..HH,1121921,1873,18.73,1914.0,19.14,0.41000000000000014,True
1121921.IV.HLNI..HH,1121921,1671,16.71,1679.0,16.79,0.0799999999999983,True
1121921.IV.HMDC..HH,1121921,1992,19.92,1515.0,15.15,4.770000000000001,True
1121921.IV.JOPP..HH,1121921,1603,16.03,1586.0,15.860000000000001,0.16999999999999993,True
1121921.IV.JOPP..HN,1121921,1753,17.53,1757.0,17.57,0.03999999999999915,True
1121921.HL.KEK..HH,1121921,1558,15.58,1561.0,15.610000000000001,0.030000000000001137,True
1121921.IV.MPAZ..HH,1121921,1816,18.16,1816.0,18.16,0.0,True
1121921.IV.MPNC..HH,1121921,1759,17.59,1772.0,17.72,0.129999999999999,True
1121921.IV.MRVN..HH,1121921,1987,19.87,1973.0,19.73,0.14000000000000057,True
1121921.IV.MSCL..HH,1121921,1764,17.64,1743.0,17.43,0.21000000000000085,True
1121921.IV.MSRU..HH,1121921,1780,17.8,1803.0,18.03,0.23000000000000043,True
1121921.IV.MTTG..HH,1121921,1575,15.75,1604.0,16.04,0.28999999999999915,True
1121921.IV.NOCI..HH,1121921,1705,17.05,1720.0,17.2,0.14999999999999858,True
1121921.IV.PLAC..HH,1121921,1968,19.68,1924.0,19.240000000000002,0.4399999999999977,True
1121921.IV.SCTE..HH,1121921,1820,18.2,1847.0,18.47,0.2699999999999996,True
1121921.IV.SERS..HH,1121921,1857,18.57,1894.0,18.94,0.370000000000001,True
1121921.IV.SERS..HN,1121921,1852,18.52,2052.0,20.52,2.0,True
11219231.IV.CAMP..HH,11219231,1723,17.23,1730.0,17.3,0.07000000000000028,True
11219231.IV.MMO1..EH,11219231,1652,16.52,1654.0,16.54,0.019999999999999574,True
11219231.IV.MMO1..HN,11219231,1589,15.89,,,,False
11219231.IV.RM33..EH,11219231,1709,17.09,1697.0,16.97,0.120000000000001,True
11219231.IV.RM33..HN,11219231,1692,16.92,1693.0,16.93,0.00999999999999801,True
11219231.IV.SMA1..EH,11219231,1976,19.76,1974.0,19.740000000000002,0.019999999999999574,True
11219231.IV.T1243..HH,11219231,1789,17.89,1793.0,17.93,0.03999999999999915,True
11219231.IV.T1243..HN,11219231,1835,18.35,1848.0,18.48,0.129999999999999,True
11219231.IV.T1247..HH,11219231,2243,22.43,2248.0,22.48,0.05000000000000071,True
11219821.IV.CESI..HH,11219821,1558,15.58,1540.0,15.4,0.17999999999999972,True
11219821.IV.CSP1..EH,11219821,1839,18.39,1851.0,18.51,0.120000000000001,True
11219821.IV.FDMO..HH,11219821,2159,21.59,999.0,9.99,11.6,True
11219821.IV.GUMA..HH,11219821,1814,18.14,1802.0,18.02,0.120000000000001,True
11219821.IV.GUMA..HN,11219821,1684,16.84,1686.0,16.86,0.019999999999999574,True
11219821.IV.MC2..EH,11219821,1541,15.41,1498.0,14.98,0.4299999999999997,True
11219821.IV.MMO1..EH,11219821,1753,17.53,1703.0,17.03,0.5,True
11219821.IV.MMO1..HN,11219821,1770,17.7,1762.0,17.62,0.0799999999999983,True
11219821.IV.T1216..EH,11219821,2701,27.01,999.0,9.99,17.020000000000003,True
11219821.IV.T1216..HN,11219821,4013,40.13,2414.0,24.14,15.990000000000002,True
11219821.IV.T1243..HH,11219821,2104,21.04,2080.0,20.8,0.23999999999999844,True
11219821.IV.T1245..HH,11219821,1573,15.73,1577.0,15.77,0.03999999999999915,True
11219821.IV.T1245..HN,11219821,1522,15.22,1527.0,15.27,0.049999999999998934,True
11219821.IV.T1256..HH,11219821,1914,19.14,1906.0,19.06,0.08000000000000185,True
11225181.IV.CESI..HH,11225181,1577,15.77,1568.0,15.68,0.08999999999999986,True
11225181.IV.CSP1..EH,11225181,1792,17.92,1802.0,18.02,0.09999999999999787,True
11225181.IV.FDMO..HH,11225181,2060,20.6,1127.0,11.27,9.330000000000002,True
11225181.IV.LNSS..HH,11225181,1559,15.59,1266.0,12.66,2.9299999999999997,True
11225181.IV.MC2..EH,11225181,1936,19.36,1947.0,19.47,0.10999999999999943,True
11225181.IV.NRCA..HH,11225181,1898,18.98,1898.0,18.98,0.0,True
11225181.IV.NRCA..HN,11225181,1750,17.5,1749.0,17.490000000000002,0.00999999999999801,True
11225181.IV.T1216..EH,11225181,2082,20.82,1158.0,11.58,9.24,True
11225181.IV.T1216..HN,11225181,1900,19.0,1893.0,18.93,0.07000000000000028,True
11225181.IV.T1218..EH,11225181,2502,25.02,2516.0,25.16,0.14000000000000057,True
11225181.IV.T1218..HN,11225181,1901,19.01,1928.0,19.28,0.2699999999999996,True
11225181.IV.T1241..EH,11225181,1739,17.39,1746.0,17.46,0.07000000000000028,True
11225181.IV.T1241..HN,11225181,1705,17.05,2341.0,23.41,6.359999999999999,True
11225181.IV.T1245..HH,11225181,1594,15.94,1597.0,15.97,0.030000000000001137,True
11225181.IV.T1245..HN,11225181,1577,15.77,1583.0,15.83,0.0600000000000005,True
11225181.IV.T1256..HH,11225181,1973,19.73,1974.0,19.740000000000002,0.010000000000001563,True
11225181.IV.T1256..HN,11225181,1962,19.62,2394.0,23.94,4.32,True
11226221.IV.LNSS..HH,11226221,1861,18.61,1651.0,16.51,2.099999999999998,True
11226221.IV.MC2..EH,11226221,1968,19.68,1221.0,12.21,7.469999999999999,True
11226221.IV.MMO1..EH,11226221,1914,19.14,1388.0,13.88,5.26,True
11226221.IV.MMO1..HN,11226221,1839,18.39,,,,False
11226221.IV.NRCA..HH,11226221,1657,16.57,1015.0,10.15,6.42,True
11226221.IV.NRCA..HN,11226221,1636,16.36,999.0,9.99,6.369999999999999,True
11226221.IV.T1216..EH,11226221,2887,28.87,1981.0,19.81,9.060000000000002,True
11226221.IV.T1216..HN,11226221,2020,20.2,1116.0,11.16,9.04,True
11226221.IV.T1218..EH,11226221,2428,24.28,2214.0,22.14,2.1400000000000006,True
11226221.IV.T1218..HN,11226221,2065,20.650000000000002,2127.0,21.27,0.6199999999999974,True
11226221.IV.T1241..EH,11226221,2116,21.16,1738.0,17.38,3.780000000000001,True
11226221.IV.T1241..HN,11226221,1900,19.0,2490.0,24.900000000000002,5.900000000000002,True
11226221.IV.T1245..HH,11226221,1937,19.37,1318.0,13.18,6.190000000000001,True
1122781.IV.ALJA..HH,1122781,1930,19.3,1927.0,19.27,0.030000000000001137,True
1122781.IV.BULG..HH,1122781,2271,22.71,2275.0,22.75,0.03999999999999915,True
1122781.IV.BULG..HN,1122781,2229,22.29,5289.0,52.89,30.6,True
1122781.IV.CAR1..HH,1122781,1666,16.66,1700.0,17.0,0.33999999999999986,True
1122781.IV.CAR1..HN,1122781,1651,16.51,10382.0,103.82000000000001,87.31,True
1122781.IV.CDRU..HH,1122781,1957,19.57,1958.0,19.580000000000002,0.010000000000001563,True
1122781.MN.CEL..HH,1122781,1650,16.5,1754.0,17.54,1.0399999999999991,True
1122781.MN.CEL..HL,1122781,1950,19.5,1972.0,19.72,0.21999999999999886,True
1122781.IV.CELI..HH,1122781,1937,19.37,1956.0,19.56,0.18999999999999773,True
1122781.IV.CELI..HN,1122781,1660,16.6,1640.0,16.4,0.20000000000000284,True
1122781.IV.CET2..HH,1122781,1636,16.36,1628.0,16.28,0.0799999999999983,True
1122781.IV.CMPR..HH,1122781,2037,20.37,,,,False
1122781.IV.CORL..HH,1122781,2017,20.17,2033.0,20.330000000000002,0.16000000000000014,True
1122781.MN.CUC..HH,1122781,1785,17.85,1848.0,18.48,0.629999999999999,True
1122781.MN.CUC..HL,1122781,1842,18.42,,,,False
1122781.IV.GIB..HH,1122781,1707,17.07,1715.0,17.150000000000002,0.08000000000000185,True
1122781.IV.GRI..EH,1122781,1936,19.36,1991.0,19.91,0.5500000000000007,True
1122781.IV.IACL..HH,1122781,1639,16.39,1670.0,16.7,0.3099999999999987,True
1122781.IV.IFIL..HH,1122781,2000,20.0,2013.0,20.13,0.129999999999999,True
1122781.IV.IVPL..HH,1122781,1720,17.2,1722.0,17.22,0.019999999999999574,True
1122781.IV.JOPP..HH,1122781,1889,18.89,1899.0,18.990000000000002,0.10000000000000142,True
1122781.IV.JOPP..HN,1122781,2280,22.8,2306.0,23.06,0.259999999999998,True
1122781.IV.LADO..EH,1122781,1709,17.09,1701.0,17.01,0.0799999999999983,True
1122781.IV.MCSR..HH,1122781,1811,18.11,1825.0,18.25,0.14000000000000057,True
1122781.IV.MGR..HH,1122781,1932,19.32,1918.0,19.18,0.14000000000000057,True
1122781.IV.MGR..HN,1122781,2028,20.28,,,,False
1122781.IV.MILZ..HH,1122781,1745,17.45,1778.0,17.78,0.33000000000000185,True
1122781.IV.MMN..HH,1122781,1723,17.23,4144.0,41.44,24.209999999999997,True
1122781.IV.MPNC..HH,1122781,1812,18.12,1839.0,18.39,0.2699999999999996,True
1122781.IV.MSFR..HH,1122781,1775,17.75,1793.0,17.93,0.17999999999999972,True
1122781.IV.MSRU..HH,1122781,1910,19.1,1903.0,19.03,0.07000000000000028,True
1122781.IV.MTSN..HH,1122781,1687,16.87,1713.0,17.13,0.259999999999998,True
1122781.IV.NOV..HH,1122781,1926,19.26,1964.0,19.64,0.379999999999999,True
1122781.IV.PLAC..HH,1122781,1873,18.73,1863.0,18.63,0.10000000000000142,True
1122781.IV.SCHR..EH,1122781,1889,18.89,1946.0,19.46,0.5700000000000003,True
1122781.IV.SERS..HH,1122781,1726,17.26,1702.0,17.02,0.240000000000002,True
1122781.IV.SERS..HN,1122781,2127,21.27,2154.0,21.54,0.2699999999999996,True
1122781.IV.SIRI..HH,1122781,1752,17.52,1764.0,17.64,0.120000000000001,True
1122781.IV.SIRI..HN,1122781,1753,17.53,6866.0,68.66,51.129999999999995,True
1122781.IV.SOLUN..HH,1122781,1753,17.53,1769.0,17.69,0.16000000000000014,True
1122781.MN.TIP..HH,1122781,1910,19.1,1913.0,19.13,0.029999999999997584,True
11228081.IV.CESI..HH,11228081,1882,18.82,1882.0,18.82,0.0,True
11228081.IV.CSP1..EH,11228081,1589,15.89,1030.0,10.3,5.59,True
11228081.IV.MC2..EH,11228081,2012,20.12,2082.0,20.82,0.6999999999999993,True
11228081.IV.MMO1..EH,11228081,1962,19.62,1965.0,19.650000000000002,0.030000000000001137,True
11228081.IV.NRCA..HH,11228081,1966,19.66,2160.0,21.6,1.9400000000000013,True
11228081.IV.NRCA..HN,11228081,1932,19.32,2182.0,21.82,2.5,True
11228081.IV.T1215..EH,11228081,2210,22.1,999.0,9.99,12.110000000000001,True
11228081.IV.T1215..HN,11228081,4153,41.53,4168.0,41.68,0.14999999999999858,True
11228081.IV.T1216..EH,11228081,2872,28.72,2883.0,28.830000000000002,0.11000000000000298,True
11228081.IV.T1216..HN,11228081,2459,24.59,2492.0,24.92,0.33000000000000185,True
11228081.IV.T1245..HH,11228081,1817,18.17,1850.0,18.5,0.3299999999999983,True
11228081.IV.T1245..HN,11228081,1836,18.36,2300.0,23.0,4.640000000000001,True
11228081.IV.T1256..HH,11228081,1927,19.27,1105.0,11.05,8.219999999999999,True
11228081.IV.T1256..HN,11228081,1873,18.73,1903.0,19.03,0.3000000000000007,True
11228201.IV.AOI..HH,11228201,1652,16.52,1633.0,16.330000000000002,0.18999999999999773,True
11228201.IV.APEC..HH,11228201,2019,20.19,2065.0,20.650000000000002,0.46000000000000085,True
11228201.IV.APEC..HN,11228201,1935,19.35,,,,False
11228201.MN.AQU..HH,11228201,2057,20.57,2077.0,20.77,0.1999999999999993,True
11228201.MN.AQU..HL,11228201,2003,20.03,2062.0,20.62,0.5899999999999999,True
11228201.IV.ARCI..HH,11228201,1755,17.55,1760.0,17.6,0.05000000000000071,True
11228201.IV.ARVD..HH,11228201,1581,15.81,1571.0,15.71,0.09999999999999964,True
11228201.IV.ASSB..HH,11228201,1557,15.57,1505.0,15.05,0.5199999999999996,True
11228201.IV.ATCC..HN,11228201,1757,17.57,1758.0,17.580000000000002,0.010000000000001563,True
11228201.IV.ATFO..HH,11228201,1869,18.69,1859.0,18.59,0.10000000000000142,True
11228201.IV.ATFO..HN,11228201,1934,19.34,1960.0,19.6,0.26000000000000156,True
11228201.IV.ATPI..EH,11228201,1809,18.09,1381.0,13.81,4.279999999999999,True
11228201.IV.ATVO..HH,11228201,1768,17.68,1771.0,17.71,0.030000000000001137,True
11228201.IV.ATVO..HN,11228201,1618,16.18,1722.0,17.22,1.0399999999999991,True
11228201.IV.BADI..EH,11228201,1937,19.37,1925.0,19.25,0.120000000000001,True
11228201.IV.CAFI..HH,11228201,1739,17.39,1722.0,17.22,0.1700000000000017,True
11228201.IV.CAFI..HN,11228201,1776,17.76,1829.0,18.29,0.5299999999999976,True
11228201.IV.CAMP..HH,11228201,1801,18.01,1768.0,17.68,0.33000000000000185,True
11228201.IV.CASP..HH,11228201,2402,24.02,2427.0,24.27,0.25,True
11228201.IV.CERT..HH,11228201,1884,18.84,1885.0,18.85,0.010000000000001563,True
11228201.IV.CESI..HH,11228201,1882,18.82,1821.0,18.21,0.6099999999999994,True
11228201.IV.CESX..HH,11228201,1792,17.92,1740.0,17.400000000000002,0.5199999999999996,True
11228201.OX.CIMO..HH,11228201,1750,17.5,1770.0,17.7,0.1999999999999993,True
11228201.OX.CIMO..HN,11228201,2104,21.04,2223.0,22.23,1.1900000000000013,True
11228201.IV.CING..HH,11228201,1821,18.21,1791.0,17.91,0.3000000000000007,True
11228201.IV.COR1..EH,11228201,2163,21.63,2214.0,22.14,0.5100000000000016,True
11228201.IV.COR1..HN,11228201,2001,20.01,2119.0,21.19,1.1799999999999997,True
11228201.IV.CSP1..EH,11228201,2019,20.19,1933.0,19.330000000000002,0.8599999999999994,True
11228201.IV.FAGN..HH,11228201,1680,16.8,1683.0,16.830000000000002,0.030000000000001137,True
11228201.IV.FDMO..HH,11228201,1894,18.94,1819.0,18.19,0.75,True
11228201.IV.FEMA..HN,11228201,1755,17.55,1741.0,17.41,0.14000000000000057,True
11228201.IV.FIAM..HH,11228201,1923,19.23,1899.0,18.990000000000002,0.23999999999999844,True
11228201.IV.FIAM..HN,11228201,1978,19.78,1976.0,19.76,0.019999999999999574,True
11228201.IV.FOSV..EH,11228201,1712,17.12,1709.0,17.09,0.030000000000001137,True
11228201.IV.FOSV..HN,11228201,1701,17.01,1733.0,17.330000000000002,0.3200000000000003,True
11228201.IV.FSSB..HH,11228201,1753,17.53,1753.0,17.53,0.0,True
11228201.IV.GAG1..HN,11228201,1870,18.7,1869.0,18.69,0.00999999999999801,True
11228201.IV.GIGS..HH,11228201,1555,15.55,1553.0,15.530000000000001,0.019999999999999574,True
11228201.IV.GIUL..HH,11228201,2021,20.21,999.0,9.99,10.22,True
11228201.IV.GUMA..HH,11228201,1680,16.8,1097.0,10.97,5.83,True
11228201.IV.GUMA..HN,11228201,1702,17.02,1673.0,16.73,0.28999999999999915,True
11228201.IV.INTR..HH,11228201,1600,16.0,1595.0,15.950000000000001,0.049999999999998934,True
11228201.IV.INTR..HN,11228201,1553,15.530000000000001,1588.0,15.88,0.34999999999999964,True
11228201.IV.LNSS..HH,11228201,1741,17.41,1657.0,16.57,0.8399999999999999,True
11228201.SI.LUSI..HH,11228201,2524,25.240000000000002,2552.0,25.52,0.2799999999999976,True
11228201.IV.MAON..HH,11228201,1836,18.36,1842.0,18.42,0.060000000000002274,True
11228201.IV.MC2..EH,11228201,1643,16.43,1356.0,13.56,2.869999999999999,True
11228201.IV.MCIV..HH,11228201,1636,16.36,1613.0,16.13,0.23000000000000043,True
11228201.IV.MDAR..HN,11228201,1723,17.23,1720.0,17.2,0.030000000000001137,True
11228201.IV.MMO1..EH,11228201,2119,21.19,2017.0,20.17,1.0199999999999996,True
11228201.IV.MMO1..HN,11228201,1901,19.01,1888.0,18.88,0.13000000000000256,True
11228201.IV.MMUR..HN,11228201,1522,15.22,1498.0,14.98,0.2400000000000002,True
11228201.IV.MOMA..HH,11228201,1930,19.3,1929.0,19.29,0.010000000000001563,True
11228201.IV.MOMA..HN,11228201,1905,19.05,1888.0,18.88,0.1700000000000017,True
11228201.IV.MPAG..EH,11228201,1978,19.78,1967.0,19.67,0.10999999999999943,True
11228201.IV.MPAG..HN,11228201,1669,16.69,3339.0,33.39,16.7,True
11228201.OX.MPRI..HH,11228201,1939,19.39,1056.0,10.56,8.83,True
11228201.OX.MPRI..HN,11228201,1566,15.66,1677.0,16.77,1.1099999999999994,True
11228201.IV.MTCE..HH,11228201,1871,18.71,1877.0,18.77,0.05999999999999872,True
11228201.IV.MTCR..EH,11228201,1664,16.64,1730.0,17.3,0.6600000000000001,True
11228201.IV.MTL1..HN,11228201,1555,15.55,1558.0,15.58,0.02999999999999936,True
11228201.IV.MURB..HH,11228201,1898,18.98,1901.0,19.01,0.030000000000001137,True
11228201.IV.NRCA..HH,11228201,1771,17.71,1498.0,14.98,2.7300000000000004,True
11228201.IV.NRCA..HN,11228201,1734,17.34,1682.0,16.82,0.5199999999999996,True
11228201.IV.OFFI..HH,11228201,1805,18.05,1777.0,17.77,0.28000000000000114,True
11228201.IV.PARC..HH,11228201,1727,17.27,1712.0,17.12,0.14999999999999858,True
11228201.IV.PIEI..HH,11228201,1752,17.52,1754.0,17.54,0.019999999999999574,True
11228201.IV.PIEI..HN,11228201,1720,17.2,1811.0,18.11,0.9100000000000001,True
11228201.IV.PP3..EH,11228201,1568,15.68,1570.0,15.700000000000001,0.02000000000000135,True
11228201.IV.PP3..HN,11228201,1511,15.11,1515.0,15.15,0.040000000000000924,True
11228201.IV.PTQR..HH,11228201,1992,19.92,1988.0,19.88,0.0400000000000027,True
11228201.IV.RM33..EH,11228201,1882,18.82,1116.0,11.16,7.66,True
11228201.IV.RM33..HN,11228201,1796,17.96,1814.0,18.14,0.17999999999999972,True
11228201.IV.RUFI..EH,11228201,1786,17.86,1783.0,17.830000000000002,0.029999999999997584,True
11228201.OX.SABO..HH,11228201,2030,20.3,2045.0,20.45,0.14999999999999858,True
11228201.OX.SABO..HN,11228201,1809,18.09,999.0,9.99,8.1,True
11228201.IV.SACS..HH,11228201,1995,19.95,1985.0,19.85,0.09999999999999787,True
11228201.IV.SACS..HN,11228201,1780,17.8,1815.0,18.150000000000002,0.3500000000000014,True
11228201.IV.SEF1..HN,11228201,1689,16.89,1692.0,16.92,0.030000000000001137,True
11228201.IV.SMA1..EH,11228201,2174,21.740000000000002,1583.0,15.83,5.910000000000002,True
11228201.IV.SNTG..HH,11228201,1916,19.16,1894.0,18.94,0.21999999999999886,True
11228201.IV.SNTG..HN,11228201,1796,17.96,1802.0,18.02,0.05999999999999872,True
11228201.IV.SRES..HH,11228201,2106,21.06,2089.0,20.89,0.16999999999999815,True
11228201.IV.SSFR..HH,11228201,2073,20.73,2071.0,20.71,0.019999999999999574,True
11228201.IV.SSFR..HN,11228201,1878,18.78,1903.0,19.03,0.25,True
11228201.IV.SSM1..HN,11228201,1614,16.14,1613.0,16.13,0.010000000000001563,True
11228201.IV.T1211..EH,11228201,4203,42.03,4145.0,41.45,0.5799999999999983,True
11228201.IV.T1211..HN,11228201,2796,27.96,2771.0,27.71,0.25,True
11228201.IV.T1215..EH,11228201,2481,24.810000000000002,2366.0,23.66,1.1500000000000021,True
11228201.IV.T1215..HN,11228201,5619,56.19,5552.0,55.52,0.6699999999999946,True
11228201.IV.T1216..EH,11228201,3493,34.93,3383.0,33.83,1.1000000000000014,True
11228201.IV.T1216..HN,11228201,3353,33.53,3273.0,32.730000000000004,0.7999999999999972,True
11228201.IV.T1218..EH,11228201,2123,21.23,2064.0,20.64,0.5899999999999999,True
11228201.IV.T1218..HN,11228201,2334,23.34,2306.0,23.06,0.28000000000000114,True
11228201.IV.T1241..EH,11228201,1862,18.62,1785.0,17.85,0.7699999999999996,True
11228201.IV.T1243..HH,11228201,1800,18.0,1212.0,12.120000000000001,5.879999999999999,True
11228201.IV.T1243..HN,11228201,1771,17.71,1773.0,17.73,0.019999999999999574,True
11228201.IV.T1245..HH,11228201,1644,16.44,1320.0,13.200000000000001,3.24,True
11228201.IV.T1245..HN,11228201,1544,15.44,1514.0,15.14,0.29999999999999893,True
11228201.IV.T1247..HH,11228201,2055,20.55,2057.0,20.57,0.019999999999999574,True
11228201.IV.T1256..HH,11228201,2009,20.09,1924.0,19.240000000000002,0.8499999999999979,True
11228201.IV.T1256..HN,11228201,2005,20.05,1978.0,19.78,0.2699999999999996,True
11228201.IV.TOLF..HH,11228201,1842,18.42,1945.0,19.45,1.0299999999999976,True
11228201.IV.TRIF..HH,11228201,2009,20.09,2023.0,20.23,0.14000000000000057,True
11228201.IV.TRTR..HH,11228201,1636,16.36,1643.0,16.43,0.07000000000000028,True
11228201.IV.VCEL..EH,11228201,2051,20.51,2053.0,20.53,0.019999999999999574,True
11229821.IV.CSP1..EH,11229821,2058,20.580000000000002,1048.0,10.48,10.100000000000001,True
11229821.IV.FDMO..HH,11229821,2127,21.27,1043.0,10.43,10.84,True
11229821.IV.LNSS..HH,11229821,1923,19.23,1034.0,10.34,8.89,True
11229821.IV.MC2..EH,11229821,1921,19.21,1927.0,19.27,0.05999999999999872,True
11229821.IV.MMO1..EH,11229821,2184,21.84,999.0,9.99,11.85,True
11229821.IV.MMO1..HN,11229821,1917,19.17,2132.0,21.32,2.1499999999999986,True
11229821.IV.RM33..EH,11229821,1921,19.21,1939.0,19.39,0.17999999999999972,True
11229821.IV.RM33..HN,11229821,1835,18.35,1943.0,19.43,1.0799999999999983,True
11229821.IV.T1216..EH,11229821,3774,37.74,2628.0,26.28,11.46,True
11229821.IV.T1216..HN,11229821,3153,31.53,3162.0,31.62,0.08999999999999986,True
11229821.IV.T1241..EH,11229821,1857,18.57,1857.0,18.57,0.0,True
11229821.IV.T1241..HN,11229821,1639,16.39,1686.0,16.86,0.46999999999999886,True
11229821.IV.T1243..HH,11229821,1878,18.78,999.0,9.99,8.790000000000001,True
11229821.IV.T1243..HN,11229821,1812,18.12,1842.0,18.42,0.3000000000000007,True
11229821.IV.T1245..HH,11229821,1678,16.78,1681.0,16.81,0.029999999999997584,True
11229821.IV.T1245..HN,11229821,1773,17.73,1776.0,17.76,0.030000000000001137,True
11229821.IV.T1256..HH,11229821,1894,18.94,2011.0,20.11,1.1699999999999982,True
11229821.IV.T1256..HN,11229821,1878,18.78,7177.0,71.77,52.989999999999995,True
11229821.IV.TERO..HN,11229821,2161,21.61,2238.0,22.38,0.7699999999999996,True
11230521.IV.CESI..HH,11230521,1860,18.6,1832.0,18.32,0.28000000000000114,True
11230521.IV.CSP1..EH,11230521,1995,19.95,2000.0,20.0,0.05000000000000071,True
11230521.IV.LNSS..HH,11230521,1761,17.61,1817.0,18.17,0.5600000000000023,True
11230521.IV.MC2..EH,11230521,1839,18.39,1721.0,17.21,1.1799999999999997,True
11230521.IV.MMO1..EH,11230521,1711,17.11,1715.0,17.150000000000002,0.0400000000000027,True
11230521.IV.MMO1..HN,11230521,1607,16.07,1748.0,17.48,1.4100000000000001,True
11230521.IV.NRCA..HH,11230521,1510,15.1,1510.0,15.1,0.0,True
11230521.IV.NRCA..HN,11230521,1544,15.44,1545.0,15.450000000000001,0.010000000000001563,True
11230521.IV.T1215..EH,11230521,2737,27.37,2738.0,27.38,0.00999999999999801,True
11230521.IV.T1215..HN,11230521,4089,40.89,1496.0,14.96,25.93,True
11230521.IV.T1216..EH,11230521,2298,22.98,2299.0,22.990000000000002,0.010000000000001563,True
11230521.IV.T1216..HN,11230521,3493,34.93,1721.0,17.21,17.72,True
11230521.IV.T1218..EH,11230521,3472,34.72,3473.0,34.730000000000004,0.010000000000005116,True
11230521.IV.T1218..HN,11230521,3020,30.2,3146.0,31.46,1.2600000000000016,True
11230521.IV.T1245..HH,11230521,2109,21.09,2107.0,21.07,0.019999999999999574,True
11230521.IV.T1245..HN,11230521,2019,20.19,2027.0,20.27,0.0799999999999983,True
11230521.IV.T1256..HH,11230521,1588,15.88,1593.0,15.93,0.049999999999998934,True
11230521.IV.T1256..HN,11230521,1702,17.02,1859.0,18.59,1.5700000000000003,True
11230651.IV.ARRO..EH,11230651,1710,17.1,1736.0,17.36,0.259999999999998,True
11230651.IV.ARVD..HH,11230651,1814,18.14,1851.0,18.51,0.370000000000001,True
11230651.IV.CAMP..HH,11230651,1694,16.94,1696.0,16.96,0.019999999999999574,True
11230651.IV.CESI..HH,11230651,1964,19.64,1941.0,19.41,0.23000000000000043,True
11230651.IV.CING..HH,11230651,1752,17.52,1757.0,17.57,0.05000000000000071,True
11230651.IV.CSP1..EH,11230651,1571,15.71,1572.0,15.72,0.009999999999999787,True
11230651.IV.EL6..EH,11230651,1764,17.64,1774.0,17.740000000000002,0.10000000000000142,True
11230651.IV.FDMO..HH,11230651,2073,20.73,2069.0,20.69,0.03999999999999915,True
11230651.IV.FEMA..HN,11230651,1752,17.52,1753.0,17.53,0.010000000000001563,True
11230651.IV.GIGS..HH,11230651,1923,19.23,1924.0,19.240000000000002,0.010000000000001563,True
11230651.IV.GUMA..HH,11230651,1809,18.09,1799.0,17.990000000000002,0.09999999999999787,True
11230651.IV.GUMA..HN,11230651,1850,18.5,1848.0,18.48,0.019999999999999574,True
11230651.IV.LNSS..HH,11230651,1548,15.48,1557.0,15.57,0.08999999999999986,True
11230651.IV.MC2..EH,11230651,2254,22.54,2177.0,21.77,0.7699999999999996,True
11230651.IV.NRCA..HH,11230651,1871,18.71,1190.0,11.9,6.8100000000000005,True
11230651.IV.NRCA..HN,11230651,1937,19.37,1941.0,19.41,0.03999999999999915,True
11230651.IV.PIEI..HH,11230651,1946,19.46,1987.0,19.87,0.41000000000000014,True
11230651.IV.PIEI..HN,11230651,1821,18.21,,,,False
11230651.IV.RM33..HN,11230651,1841,18.41,1802.0,18.02,0.39000000000000057,True
11230651.IV.SMA1..EH,11230651,1998,19.98,2011.0,20.11,0.129999999999999,True
11230651.IV.SNTG..HH,11230651,1555,15.55,1553.0,15.530000000000001,0.019999999999999574,True
11230651.IV.SNTG..HN,11230651,1522,15.22,1600.0,16.0,0.7799999999999994,True
11230651.IV.SSFR..HH,11230651,2135,21.35,2153.0,21.53,0.17999999999999972,True
11230651.IV.SSFR..HN,11230651,2125,21.25,2319.0,23.19,1.9400000000000013,True
11230651.IV.T1211..EH,11230651,4182,41.82,4237.0,42.37,0.5499999999999972,True
11230651.IV.T1211..HN,11230651,2934,29.34,3690.0,36.9,7.559999999999999,True
11230651.IV.T1215..EH,11230651,4682,46.82,2059.0,20.59,26.23,True
11230651.IV.T1215..HN,11230651,6411,64.11,6415.0,64.15,0.04000000000000625,True
11230651.IV.T1216..EH,11230651,2718,27.18,2677.0,26.77,0.41000000000000014,True
11230651.IV.T1216..HN,11230651,2160,21.6,2146.0,21.46,0.14000000000000057,True
11230651.IV.T1218..EH,11230651,1973,19.73,1379.0,13.790000000000001,5.9399999999999995,True
11230651.IV.T1218..HN,11230651,4113,41.13,3525.0,35.25,5.880000000000003,True
11230651.IV.T1221..EH,11230651,2553,25.53,2134.0,21.34,4.190000000000001,True
11230651.IV.T1221..HN,11230651,4841,48.410000000000004,1211.0,12.11,36.300000000000004,True
11230651.IV.T1241..EH,11230651,1936,19.36,1076.0,10.76,8.6,True
11230651.IV.T1241..HN,11230651,2025,20.25,2039.0,20.39,0.14000000000000057,True
11230651.IV.T1243..HH,11230651,1780,17.8,1797.0,17.97,0.16999999999999815,True
11230651.IV.T1243..HN,11230651,1780,17.8,1824.0,18.240000000000002,0.4400000000000013,True
11230651.IV.T1244..EH,11230651,2023,20.23,2031.0,20.31,0.0799999999999983,True
11230651.IV.T1244..HN,11230651,2018,20.18,2034.0,20.34,0.16000000000000014,True
11230651.IV.T1245..HH,11230651,2121,21.21,2116.0,21.16,0.05000000000000071,True
11230651.IV.T1245..HN,11230651,1968,19.68,1977.0,19.77,0.08999999999999986,True
11230651.IV.T1256..HH,11230651,1745,17.45,1738.0,17.38,0.07000000000000028,True
11230651.IV.T1256..HN,11230651,1556,15.56,1576.0,15.76,0.1999999999999993,True
11230651.IV.TERO..HN,11230651,2121,21.21,2127.0,21.27,0.05999999999999872,True
1123071.IV.CAMP..HH,1123071,1637,16.37,1636.0,16.36,0.010000000000001563,True
1123071.IV.NRCA..HH,1123071,1955,19.55,1963.0,19.63,0.0799999999999983,True
1123071.IV.NRCA..HN,1123071,1760,17.6,2455.0,24.55,6.949999999999999,True
1123071.IV.SMA1..EH,1123071,1942,19.42,1964.0,19.64,0.21999999999999886,True
1123071.IV.T0104..HH,1123071,1802,18.02,1812.0,18.12,0.10000000000000142,True
1123071.IV.T0104..HN,1123071,1800,18.0,1808.0,18.080000000000002,0.08000000000000185,True
1123071.IV.TERO..HH,1123071,2068,20.68,2073.0,20.73,0.05000000000000071,True
1123071.IV.TERO..HN,1123071,1889,18.89,1901.0,19.01,0.120000000000001,True
1123141.IV.AGST..EH,1123141,2061,20.61,2097.0,20.97,0.35999999999999943,True
1123141.IV.GIB..HH,1123141,1662,16.62,1695.0,16.95,0.3299999999999983,True
1123141.IV.HAVL..HH,1123141,2150,21.5,2192.0,21.92,0.4200000000000017,True
1123141.IV.HCRL..HH,1123141,1841,18.41,1859.0,18.59,0.17999999999999972,True
1123141.IV.HLNI..HH,1123141,1887,18.87,1910.0,19.1,0.23000000000000043,True
1123141.IV.HVZN..HH,1123141,1732,17.32,1767.0,17.67,0.3500000000000014,True
1123141.IV.IFIL..HH,1123141,1976,19.76,1997.0,19.97,0.2099999999999973,True
1123141.IV.IVPL..HH,1123141,2073,20.73,2036.0,20.36,0.370000000000001,True
1123141.IV.JOPP..HH,1123141,1857,18.57,1874.0,18.740000000000002,0.1700000000000017,True
1123141.IV.JOPP..HN,1123141,1836,18.36,1885.0,18.85,0.490000000000002,True
1123141.IV.MCSR..HH,1123141,1789,17.89,1722.0,17.22,0.6700000000000017,True
1123141.IV.MILZ..HH,1123141,1876,18.76,1879.0,18.79,0.029999999999997584,True
1123141.IV.MPNC..HH,1123141,1894,18.94,1842.0,18.42,0.5199999999999996,True
1123141.IV.MSCL..HH,1123141,1748,17.48,1783.0,17.830000000000002,0.3500000000000014,True
1123141.IV.MSFR..HH,1123141,1739,17.39,1708.0,17.080000000000002,0.3099999999999987,True
1123141.IV.MSRU..HH,1123141,1898,18.98,1876.0,18.76,0.21999999999999886,True
1123141.IV.MTTG..HH,1123141,1927,19.27,1922.0,19.22,0.05000000000000071,True
1123141.IV.NOV..HH,1123141,1618,16.18,1617.0,16.17,0.00999999999999801,True
1123141.IV.PLAC..HH,1123141,1792,17.92,1810.0,18.1,0.17999999999999972,True
1123201.IV.IVPL..HH,1123201,1657,16.57,1670.0,16.7,0.129999999999999,True
1123201.IV.MCSR..HH,1123201,1739,17.39,1737.0,17.37,0.019999999999999574,True
1123201.IV.MILZ..HH,1123201,1689,16.89,1772.0,17.72,0.8299999999999983,True
1123201.IV.MPNC..HH,1123201,1843,18.43,1844.0,18.44,0.010000000000001563,True
1123201.IV.MSRU..HH,1123201,1721,17.21,1728.0,17.28,0.07000000000000028,True
1123201.IV.NOV..HH,1123201,1588,15.88,1593.0,15.93,0.049999999999998934,True
1123391.IV.IFIL..HH,1123391,1757,17.57,1763.0,17.63,0.05999999999999872,True
1123391.IV.IVPL..HH,1123391,1719,17.19,1712.0,17.12,0.07000000000000028,True
1123391.IV.JOPP..HH,1123391,1900,19.0,1909.0,19.09,0.08999999999999986,True
1123391.IV.JOPP..HN,1123391,2152,21.52,2320.0,23.2,1.6799999999999997,True
1123391.IV.MCSR..HH,1123391,2153,21.53,2114.0,21.14,0.39000000000000057,True
1123391.IV.MILZ..HH,1123391,1739,17.39,1750.0,17.5,0.10999999999999943,True
1123391.IV.MPNC..HH,1123391,1973,19.73,1964.0,19.64,0.08999999999999986,True
1123391.IV.MSFR..HH,1123391,1898,18.98,1893.0,18.93,0.05000000000000071,True
1123391.IV.MSRU..HH,1123391,2054,20.54,2057.0,20.57,0.030000000000001137,True
1123391.IV.NOV..HH,1123391,1694,16.94,1695.0,16.95,0.00999999999999801,True
11233961.GU.CIRO..HH,11233961,1585,15.85,2564.0,25.64,9.790000000000001,True
11233961.GU.LSD..HH,11233961,1736,17.36,1742.0,17.42,0.060000000000002274,True
11233961.IV.MRGE..HH,11233961,1685,16.85,1694.0,16.94,0.08999999999999986,True
11233961.GU.REMY..HH,11233961,1800,18.0,1181.0,11.81,6.1899999999999995,True
11233961.GU.TRAV..HH,11233961,1966,19.66,2052.0,20.52,0.8599999999999994,True
1123501.IV.ALJA..HH,1123501,1994,19.94,1147.0,11.47,8.47,True
1123501.IV.GRI..EH,1123501,1882,18.82,1957.0,19.57,0.75,True
1123501.IV.HAGA..HH,1123501,1780,17.8,999.0,9.99,7.8100000000000005,True
1123501.IV.HAVL..HH,1123501,2158,21.580000000000002,1285.0,12.85,8.730000000000002,True
1123501.IV.HVZN..HH,1123501,1946,19.46,2011.0,20.11,0.6499999999999986,True
1123501.IV.IVPL..HH,1123501,1869,18.69,999.0,9.99,8.700000000000001,True
1123501.IV.MCSR..HH,1123501,1639,16.39,999.0,9.99,6.4,True
1123501.IV.MILZ..HH,1123501,1732,17.32,999.0,9.99,7.33,True
1123501.IV.MPNC..HH,1123501,1745,17.45,999.0,9.99,7.459999999999999,True
1123501.IV.MSCL..HH,1123501,1910,19.1,999.0,9.99,9.110000000000001,True
1123501.IV.MSFR..HH,1123501,1682,16.82,1001.0,10.01,6.8100000000000005,True
1123501.IV.MSRU..HH,1123501,1844,18.44,999.0,9.99,8.450000000000001,True
1123501.IV.NOV..HH,1123501,1916,19.16,999.0,9.99,9.17,True
1123501.IV.PLAC..HH,1123501,2039,20.39,1135.0,11.35,9.040000000000001,True
11236231.IV.ARRO..EH,11236231,1992,19.92,2005.0,20.05,0.129999999999999,True
11236231.IV.ARVD..HH,11236231,1646,16.46,1534.0,15.34,1.120000000000001,True
11236231.IV.ATCC..EH,11236231,2002,20.02,1974.0,19.740000000000002,0.2799999999999976,True
11236231.IV.ATCC..HN,11236231,1970,19.7,1974.0,19.740000000000002,0.0400000000000027,True
11236231.IV.ATPI..EH,11236231,1825,18.25,1822.0,18.22,0.030000000000001137,True
11236231.IV.ATVO..HH,11236231,2111,21.11,2101.0,21.01,0.09999999999999787,True
11236231.IV.ATVO..HN,11236231,2007,20.07,2025.0,20.25,0.17999999999999972,True
11236231.IV.BADI..EH,11236231,1778,17.78,1778.0,17.78,0.0,True
11236231.IV.CAFI..HH,11236231,1941,19.41,1974.0,19.740000000000002,0.33000000000000185,True
11236231.IV.CAFI..HN,11236231,2027,20.27,2094.0,20.94,0.6700000000000017,True
11236231.IV.CAMP..HH,11236231,1905,19.05,1371.0,13.71,5.34,True
11236231.IV.CESI..HH,11236231,1889,18.89,1849.0,18.490000000000002,0.3999999999999986,True
11236231.IV.CESX..HH,11236231,1891,18.91,1939.0,19.39,0.4800000000000004,True
11236231.IV.CING..HH,11236231,1648,16.48,1642.0,16.42,0.05999999999999872,True
11236231.IV.CSP1..EH,11236231,2070,20.7,2032.0,20.32,0.379999999999999,True
11236231.IV.EL6..EH,11236231,2117,21.17,2097.0,20.97,0.20000000000000284,True
11236231.IV.FDMO..HH,11236231,1550,15.5,1511.0,15.11,0.39000000000000057,True
11236231.IV.FEMA..HN,11236231,1818,18.18,1804.0,18.04,0.14000000000000057,True
11236231.IV.FIAM..HH,11236231,1848,18.48,1863.0,18.63,0.14999999999999858,True
11236231.IV.FIAM..HN,11236231,1777,17.77,1839.0,18.39,0.620000000000001,True
11236231.IV.FOSV..EH,11236231,1832,18.32,1819.0,18.19,0.129999999999999,True
11236231.IV.FOSV..HN,11236231,1770,17.7,1778.0,17.78,0.08000000000000185,True
11236231.IV.FRON..EH,11236231,1798,17.98,1794.0,17.94,0.03999999999999915,True
11236231.IV.FSSB..HH,11236231,2009,20.09,2011.0,20.11,0.019999999999999574,True
11236231.IV.GAG1..HN,11236231,1959,19.59,1972.0,19.72,0.129999999999999,True
11236231.IV.GIGS..HH,11236231,1855,18.55,1865.0,18.650000000000002,0.10000000000000142,True
11236231.IV.GUMA..HH,11236231,1895,18.95,1894.0,18.94,0.00999999999999801,True
11236231.IV.GUMA..HN,11236231,1914,19.14,1918.0,19.18,0.03999999999999915,True
11236231.IV.LNSS..HH,11236231,2140,21.400000000000002,2136.0,21.36,0.0400000000000027,True
11236231.IV.MC2..EH,11236231,1752,17.52,1731.0,17.31,0.21000000000000085,True
11236231.IV.MMO1..EH,11236231,1902,19.02,1882.0,18.82,0.1999999999999993,True
11236231.IV.MMO1..HN,11236231,1907,19.07,1916.0,19.16,0.08999999999999986,True
11236231.IV.MPAG..EH,11236231,1839,18.39,1839.0,18.39,0.0,True
11236231.IV.MPAG..HN,11236231,1737,17.37,11992.0,119.92,102.55,True
11236231.IV.MURB..HH,11236231,1791,17.91,1054.0,10.540000000000001,7.369999999999999,True
11236231.IV.MURB..HN,11236231,1796,17.96,1798.0,17.98,0.019999999999999574,True
11236231.IV.NRCA..HH,11236231,1885,18.85,1881.0,18.81,0.0400000000000027,True
11236231.IV.NRCA..HN,11236231,1959,19.59,1961.0,19.61,0.019999999999999574,True
11236231.IV.OFFI..HH,11236231,2007,20.07,1494.0,14.94,5.130000000000001,True
11236231.IV.PARC..HH,11236231,1748,17.48,1757.0,17.57,0.08999999999999986,True
11236231.IV.PIEI..HH,11236231,1673,16.73,1676.0,16.76,0.030000000000001137,True
11236231.IV.PIEI..HN,11236231,1793,17.93,1839.0,18.39,0.46000000000000085,True
11236231.IV.SEF1..HN,11236231,1607,16.07,1609.0,16.09,0.019999999999999574,True
11236231.IV.SNTG..HH,11236231,1978,19.78,1980.0,19.8,0.019999999999999574,True
11236231.IV.SNTG..HN,11236231,1967,19.67,1983.0,19.830000000000002,0.16000000000000014,True
11236231.IV.SSFR..HH,11236231,1948,19.48,1954.0,19.54,0.05999999999999872,True
11236231.IV.SSFR..HN,11236231,1876,18.76,1898.0,18.98,0.21999999999999886,True
11236231.IV.T0110..HH,11236231,1728,17.28,1775.0,17.75,0.46999999999999886,True
11236231.IV.T1215..EH,11236231,5075,50.75,2340.0,23.400000000000002,27.349999999999998,True
11236231.IV.T1215..HN,11236231,3772,37.72,1145.0,11.450000000000001,26.269999999999996,True
11236231.IV.T1216..EH,11236231,1989,19.89,1961.0,19.61,0.28000000000000114,True
11236231.IV.T1216..HN,11236231,4108,41.08,1525.0,15.25,25.83,True
11236231.IV.T1218..EH,11236231,2099,20.990000000000002,2088.0,20.88,0.11000000000000298,True
11236231.IV.T1218..HN,11236231,4143,41.43,1265.0,12.65,28.78,True
11236231.IV.T1219..EH,11236231,4492,44.92,2218.0,22.18,22.740000000000002,True
11236231.IV.T1219..HN,11236231,3386,33.86,1187.0,11.870000000000001,21.99,True
11236231.IV.T1241..EH,11236231,1982,19.82,1973.0,19.73,0.08999999999999986,True
11236231.IV.T1241..HN,11236231,1839,18.39,1850.0,18.5,0.10999999999999943,True
11236231.IV.T1243..HH,11236231,1801,18.01,1801.0,18.01,0.0,True
11236231.IV.T1243..HN,11236231,1793,17.93,1805.0,18.05,0.120000000000001,True
11236231.IV.T1245..HH,11236231,1941,19.41,1937.0,19.37,0.03999999999999915,True
11236231.IV.T1245..HN,11236231,2009,20.09,1647.0,16.47,3.620000000000001,True
11236231.IV.T1256..HH,11236231,1568,15.68,1524.0,15.24,0.4399999999999995,True
11236231.IV.T1256..HN,11236231,1582,15.82,1583.0,15.83,0.009999999999999787,True
11236481.IV.LNSS..HH,11236481,1964,19.64,1968.0,19.68,0.03999999999999915,True
11236481.IV.MC2..EH,11236481,1714,17.14,1904.0,19.04,1.8999999999999986,True
11236481.IV.MMO1..EH,11236481,1968,19.68,1992.0,19.92,0.240000000000002,True
11236481.IV.NRCA..HH,11236481,1616,16.16,1630.0,16.3,0.14000000000000057,True
11236481.IV.NRCA..HN,11236481,1601,16.01,1617.0,16.17,0.16000000000000014,True
11236481.IV.T1215..EH,11236481,2402,24.02,1238.0,12.38,11.639999999999999,True
11236481.IV.T1215..HN,11236481,3804,38.04,4208.0,42.08,4.039999999999999,True
11236481.IV.T1216..EH,11236481,2234,22.34,2513.0,25.13,2.789999999999999,True
11236481.IV.T1216..HN,11236481,3561,35.61,3879.0,38.79,3.1799999999999997,True
11236481.IV.T1218..EH,11236481,2110,21.1,2114.0,21.14,0.03999999999999915,True
11236481.IV.T1218..HN,11236481,3567,35.67,1185.0,11.85,23.82,True
11236481.IV.T1219..EH,11236481,2100,21.0,1309.0,13.09,7.91,True
11236481.IV.T1219..HN,11236481,1846,18.46,9287.0,92.87,74.41,True
11236481.IV.T1241..EH,11236481,1921,19.21,1963.0,19.63,0.41999999999999815,True
11236481.IV.T1243..HH,11236481,1692,16.92,1750.0,17.5,0.5799999999999983,True
11236481.IV.T1243..HN,11236481,1545,15.450000000000001,1954.0,19.54,4.089999999999998,True
11236481.IV.T1245..HH,11236481,1952,19.52,1986.0,19.86,0.33999999999999986,True
11236481.IV.T1245..HN,11236481,1893,18.93,2690.0,26.900000000000002,7.970000000000002,True
11236711.IV.ARRO..EH,11236711,1689,16.89,1700.0,17.0,0.10999999999999943,True
11236711.IV.CESI..HH,11236711,1827,18.27,1822.0,18.22,0.05000000000000071,True
11236711.IV.CSP1..EH,11236711,1689,16.89,1708.0,17.080000000000002,0.19000000000000128,True
11236711.IV.FDMO..HH,11236711,2019,20.19,999.0,9.99,10.200000000000001,True
11236711.IV.FEMA..HN,11236711,1855,18.55,1861.0,18.61,0.05999999999999872,True
11236711.IV.LNSS..HH,11236711,1678,16.78,1672.0,16.72,0.060000000000002274,True
11236711.IV.MMO1..EH,11236711,2016,20.16,2021.0,20.21,0.05000000000000071,True
11236711.IV.MOMA..HH,11236711,2020,20.2,1850.0,18.5,1.6999999999999993,True
11236711.IV.MOMA..HN,11236711,2021,20.21,2569.0,25.69,5.48,True
11236711.IV.NRCA..HH,11236711,1977,19.77,1977.0,19.77,0.0,True
11236711.IV.NRCA..HN,11236711,1987,19.87,1995.0,19.95,0.0799999999999983,True
11236711.IV.SMA1..EH,11236711,1850,18.5,1871.0,18.71,0.21000000000000085,True
11236711.IV.T1215..EH,11236711,2763,27.63,2728.0,27.28,0.34999999999999787,True
11236711.IV.T1215..HN,11236711,3102,31.02,3089.0,30.89,0.129999999999999,True
11236711.IV.T1216..EH,11236711,2152,21.52,2144.0,21.44,0.0799999999999983,True
11236711.IV.T1216..HN,11236711,2649,26.490000000000002,2649.0,26.490000000000002,0.0,True
11236711.IV.T1218..EH,11236711,2451,24.51,2451.0,24.51,0.0,True
11236711.IV.T1218..HN,11236711,2552,25.52,2555.0,25.55,0.030000000000001137,True
11236711.IV.T1219..EH,11236711,2582,25.82,1674.0,16.740000000000002,9.079999999999998,True
11236711.IV.T1219..HN,11236711,2028,20.28,2091.0,20.91,0.629999999999999,True
11236711.IV.T1241..EH,11236711,1695,16.95,1699.0,16.990000000000002,0.0400000000000027,True
11236711.IV.T1241..HN,11236711,1585,15.85,,,,False
11236711.IV.T1243..HH,11236711,1632,16.32,1643.0,16.43,0.10999999999999943,True
11236711.IV.T1243..HN,11236711,1635,16.35,1672.0,16.72,0.36999999999999744,True
11236711.IV.T1245..HH,11236711,1817,18.17,1824.0,18.240000000000002,0.07000000000000028,True
11236711.IV.T1256..HH,11236711,1589,15.89,1598.0,15.98,0.08999999999999986,True
11236711.IV.T1256..HN,11236711,1587,15.870000000000001,2186.0,21.86,5.989999999999998,True
11236711.IV.TERO..HH,11236711,1719,17.19,1757.0,17.57,0.379999999999999,True
11236711.IV.TERO..HN,11236711,1673,16.73,1758.0,17.580000000000002,0.8500000000000014,True
1123701.IV.IVPL..HH,1123701,1837,18.37,1828.0,18.28,0.08999999999999986,True
1123701.IV.MCSR..HH,1123701,2102,21.02,2058.0,20.580000000000002,0.4399999999999977,True
1123701.IV.MILZ..HH,1123701,1951,19.51,1959.0,19.59,0.0799999999999983,True
1123701.IV.MPNC..HH,1123701,1964,19.64,1942.0,19.42,0.21999999999999886,True
1123701.IV.MSFR..HH,1123701,1744,17.44,1745.0,17.45,0.00999999999999801,True
1123701.IV.MSRU..HH,1123701,1536,15.36,1536.0,15.36,0.0,True
1123701.IV.NOV..HH,1123701,2044,20.44,2045.0,20.45,0.00999999999999801,True
11237341.IV.AOI..HH,11237341,1533,15.33,1488.0,14.88,0.4499999999999993,True
11237341.IV.APEC..HH,11237341,1778,17.78,1824.0,18.240000000000002,0.46000000000000085,True
11237341.MN.AQU..HH,11237341,1705,17.05,1713.0,17.13,0.0799999999999983,True
11237341.MN.AQU..HL,11237341,1748,17.48,1793.0,17.93,0.4499999999999993,True
11237341.IV.ARRO..EH,11237341,1923,19.23,1929.0,19.29,0.05999999999999872,True
11237341.IV.ARVD..HH,11237341,1848,18.48,1841.0,18.41,0.07000000000000028,True
11237341.IV.ATCC..EH,11237341,1826,18.26,1803.0,18.03,0.23000000000000043,True
11237341.IV.ATCC..HN,11237341,1723,17.23,1726.0,17.26,0.030000000000001137,True
11237341.IV.ATFO..HH,11237341,1684,16.84,1687.0,16.87,0.030000000000001137,True
11237341.IV.ATFO..HN,11237341,1680,16.8,1701.0,17.01,0.21000000000000085,True
11237341.IV.ATVO..HH,11237341,2028,20.28,2007.0,20.07,0.21000000000000085,True
11237341.IV.ATVO..HN,11237341,2023,20.23,2038.0,20.38,0.14999999999999858,True
11237341.IV.BADI..EH,11237341,1801,18.01,1803.0,18.03,0.019999999999999574,True
11237341.IV.CADA..HN,11237341,1839,18.39,1840.0,18.400000000000002,0.010000000000001563,True
11237341.IV.CAFI..HH,11237341,1948,19.48,1950.0,19.5,0.019999999999999574,True
11237341.IV.CAFI..HN,11237341,1889,18.89,1898.0,18.98,0.08999999999999986,True
11237341.IV.CAFR..HH,11237341,2032,20.32,2065.0,20.650000000000002,0.33000000000000185,True
11237341.IV.CAMP..HH,11237341,1732,17.32,1715.0,17.150000000000002,0.16999999999999815,True
11237341.IV.CERA..HH,11237341,1870,18.7,1911.0,19.11,0.41000000000000014,True
11237341.IV.CERA..HN,11237341,1855,18.55,2138.0,21.38,2.8299999999999983,True
11237341.IV.CERT..HH,11237341,1889,18.89,1892.0,18.92,0.030000000000001137,True
11237341.IV.CESI..HH,11237341,1628,16.28,1580.0,15.8,0.4800000000000004,True
11237341.IV.CESX..HH,11237341,1820,18.2,1854.0,18.54,0.33999999999999986,True
11237341.OX.CGRP..HH,11237341,1920,19.2,1937.0,19.37,0.1700000000000017,True
11237341.OX.CGRP..HN,11237341,2307,23.07,2364.0,23.64,0.5700000000000003,True
11237341.IV.CIMA..HN,11237341,1951,19.51,1964.0,19.64,0.129999999999999,True
11237341.IV.CING..HH,11237341,1882,18.82,1863.0,18.63,0.19000000000000128,True
11237341.IV.COR1..EH,11237341,1695,16.95,1687.0,16.87,0.0799999999999983,True
11237341.IV.CPGN..EH,11237341,1584,15.84,1588.0,15.88,0.040000000000000924,True
11237341.IV.CPGN..HN,11237341,1584,15.84,1649.0,16.490000000000002,0.6500000000000021,True
11237341.IV.CRE..HH,11237341,1911,19.11,1931.0,19.31,0.1999999999999993,True
11237341.IV.CRMI..HH,11237341,1635,16.35,1672.0,16.72,0.36999999999999744,True
11237341.IV.CRMI..HN,11237341,1562,15.620000000000001,1731.0,17.31,1.6899999999999977,True
11237341.IV.CSP1..EH,11237341,1870,18.7,1830.0,18.3,0.3999999999999986,True
11237341.IV.EL6..EH,11237341,1893,18.93,1833.0,18.330000000000002,0.5999999999999979,True
11237341.GU.EQUI..HH,11237341,1869,18.69,1891.0,18.91,0.21999999999999886,True
11237341.IV.FAGN..HH,11237341,1639,16.39,1658.0,16.580000000000002,0.19000000000000128,True
11237341.IV.FDMO..HH,11237341,1998,19.98,1384.0,13.84,6.140000000000001,True
11237341.IV.FIAM..HH,11237341,2066,20.66,2045.0,20.45,0.21000000000000085,True
11237341.IV.FIAM..HN,11237341,2192,21.92,2201.0,22.01,0.08999999999999986,True
11237341.IV.FOSV..EH,11237341,1639,16.39,1205.0,12.05,4.34,True
11237341.IV.FOSV..HN,11237341,1607,16.07,1619.0,16.19,0.120000000000001,True
11237341.IV.FSSB..HH,11237341,1671,16.71,1657.0,16.57,0.14000000000000057,True
11237341.IV.GAG1..HN,11237341,1986,19.86,1996.0,19.96,0.10000000000000142,True
11237341.IV.GIGS..HH,11237341,2141,21.41,2143.0,21.43,0.019999999999999574,True
11237341.IV.GUMA..HH,11237341,1711,17.11,1692.0,16.92,0.18999999999999773,True
11237341.IV.GUMA..HN,11237341,1709,17.09,1706.0,17.06,0.030000000000001137,True
11237341.IV.LMD..HH,11237341,1714,17.14,1006.0,10.06,7.08,True
11237341.IV.LNSS..HH,11237341,1791,17.91,1780.0,17.8,0.10999999999999943,True
11237341.IV.LRP..HH,11237341,1737,17.37,999.0,9.99,7.380000000000001,True
11237341.SI.LUSI..HH,11237341,1641,16.41,1644.0,16.44,0.030000000000001137,True
11237341.IV.MC2..EH,11237341,1762,17.62,1066.0,10.66,6.960000000000001,True
11237341.IV.MDAR..HN,11237341,1723,17.23,1725.0,17.25,0.019999999999999574,True
11237341.IV.MMO1..EH,11237341,1943,19.43,1293.0,12.93,6.5,True
11237341.IV.MMO1..HN,11237341,1928,19.28,1952.0,19.52,0.23999999999999844,True
11237341.IV.MOMA..HH,11237341,1871,18.71,1874.0,18.740000000000002,0.030000000000001137,True
11237341.IV.MOMA..HN,11237341,1791,17.91,1848.0,18.48,0.5700000000000003,True
11237341.IV.MPAG..EH,11237341,1798,17.98,1801.0,18.01,0.030000000000001137,True
11237341.IV.MPAG..HN,11237341,1695,16.95,2812.0,28.12,11.170000000000002,True
11237341.IV.MSAG..HH,11237341,1955,19.55,1956.0,19.56,0.00999999999999801,True
11237341.IV.MSAG..HN,11237341,2481,24.810000000000002,1322.0,13.22,11.590000000000002,True
11237341.IV.MTCR..EH,11237341,2063,20.63,2087.0,20.87,0.240000000000002,True
11237341.IV.MURB..HH,11237341,1675,16.75,1672.0,16.72,0.030000000000001137,True
11237341.IV.MURB..HN,11237341,1687,16.87,1727.0,17.27,0.3999999999999986,True
11237341.IV.NRCA..HH,11237341,1805,18.05,1816.0,18.16,0.10999999999999943,True
11237341.IV.NRCA..HN,11237341,1764,17.64,1777.0,17.77,0.129999999999999,True
11237341.IV.OFFI..HH,11237341,1762,17.62,1763.0,17.63,0.00999999999999801,True
11237341.IV.PARC..HH,11237341,1721,17.21,1730.0,17.3,0.08999999999999986,True
11237341.IV.PCRO..HN,11237341,1726,17.26,1728.0,17.28,0.019999999999999574,True
11237341.IV.PESA..HH,11237341,1721,17.21,1726.0,17.26,0.05000000000000071,True
11237341.IV.PP3..EH,11237341,2020,20.2,2000.0,20.0,0.1999999999999993,True
11237341.IV.PP3..HN,11237341,2035,20.35,2036.0,20.36,0.00999999999999801,True
11237341.IV.RM33..EH,11237341,1989,19.89,1962.0,19.62,0.2699999999999996,True
11237341.IV.RM33..HN,11237341,1920,19.2,1938.0,19.38,0.17999999999999972,True
11237341.IV.RUFI..EH,11237341,1741,17.41,1758.0,17.580000000000002,0.1700000000000017,True
11237341.IV.SACS..HH,11237341,1898,18.98,1895.0,18.95,0.030000000000001137,True
11237341.IV.SACS..HN,11237341,1944,19.44,2177.0,21.77,2.3299999999999983,True
11237341.IV.SENI..HN,11237341,2028,20.28,2053.0,20.53,0.25,True
11237341.IV.SMA1..EH,11237341,1768,17.68,1790.0,17.900000000000002,0.22000000000000242,True
11237341.IV.SNTG..HH,11237341,2012,20.12,1999.0,19.990000000000002,0.129999999999999,True
11237341.IV.SNTG..HN,11237341,1893,18.93,1911.0,19.11,0.17999999999999972,True
11237341.IV.SSFR..HH,11237341,1743,17.43,1063.0,10.63,6.799999999999999,True
11237341.IV.SSFR..HN,11237341,1743,17.43,1116.0,11.16,6.27,True
11237341.IV.SSM1..HN,11237341,1705,17.05,1711.0,17.11,0.05999999999999872,True
11237341.IV.T0110..HH,11237341,1526,15.26,1514.0,15.14,0.11999999999999922,True
11237341.IV.T1215..EH,11237341,2095,20.95,1292.0,12.92,8.03,True
11237341.IV.T1215..HN,11237341,2831,28.310000000000002,2861.0,28.61,0.29999999999999716,True
11237341.IV.T1216..EH,11237341,3393,33.93,1657.0,16.57,17.36,True
11237341.IV.T1216..HN,11237341,4715,47.15,2987.0,29.87,17.279999999999998,True
11237341.IV.T1218..EH,11237341,4708,47.08,3193.0,31.93,15.149999999999999,True
11237341.IV.T1218..HN,11237341,2588,25.88,1076.0,10.76,15.12,True
11237341.IV.T1219..EH,11237341,4615,46.15,1450.0,14.5,31.65,True
11237341.IV.T1219..HN,11237341,3504,35.04,3507.0,35.07,0.030000000000001137,True
11237341.IV.T1241..EH,11237341,2182,21.82,1465.0,14.65,7.17,True
11237341.IV.T1243..HH,11237341,1721,17.21,1717.0,17.17,0.03999999999999915,True
11237341.IV.T1245..HH,11237341,1757,17.57,1762.0,17.62,0.05000000000000071,True
11237341.IV.T1245..HN,11237341,1728,17.28,1744.0,17.44,0.16000000000000014,True
11237341.IV.T1247..HH,11237341,2027,20.27,2024.0,20.240000000000002,0.029999999999997584,True
11237341.IV.T1256..HH,11237341,1707,17.07,1671.0,16.71,0.35999999999999943,True
11237341.IV.T1256..HN,11237341,1759,17.59,1762.0,17.62,0.030000000000001137,True
11237341.IV.TERO..HH,11237341,2057,20.57,1156.0,11.56,9.01,True
11237341.IV.TERO..HN,11237341,2229,22.29,1003.0,10.03,12.26,True
11237341.IV.TRTR..HH,11237341,1862,18.62,1860.0,18.6,0.019999999999999574,True
11237341.IV.VAGA..HH,11237341,1778,17.78,1800.0,18.0,0.21999999999999886,True
11237341.IV.VAGA..HN,11237341,1844,18.44,,,,False
11237341.IV.VCEL..EH,11237341,1907,19.07,1200.0,12.0,7.07,True
11237341.IV.VVLD..HH,11237341,2000,20.0,1163.0,11.63,8.37,True
1123771.IV.CAMP..HH,1123771,1800,18.0,1826.0,18.26,0.26000000000000156,True
1123771.IV.FDMO..HH,1123771,2085,20.85,2101.0,21.01,0.16000000000000014,True
1123771.IV.FIAM..HH,1123771,2096,20.96,2094.0,20.94,0.019999999999999574,True
1123771.IV.FIAM..HN,1123771,1980,19.8,2433.0,24.330000000000002,4.530000000000001,True
1123771.IV.NRCA..HH,1123771,1746,17.46,1747.0,17.47,0.00999999999999801,True
1123771.IV.NRCA..HN,1123771,1712,17.12,1746.0,17.46,0.33999999999999986,True
1123771.IV.SMA1..EH,1123771,1877,18.77,1881.0,18.81,0.03999999999999915,True
1123771.IV.T0104..HH,1123771,1877,18.77,1913.0,19.13,0.35999999999999943,True
1123771.IV.T0104..HN,1123771,1930,19.3,1945.0,19.45,0.14999999999999858,True
1123771.IV.TERO..HH,1123771,1948,19.48,1948.0,19.48,0.0,True
1123771.IV.TERO..HN,1123771,1877,18.77,1880.0,18.8,0.030000000000001137,True
11238901.IV.CESI..HH,11238901,1959,19.59,1963.0,19.63,0.03999999999999915,True
11238901.IV.CSP1..EH,11238901,1966,19.66,1967.0,19.67,0.010000000000001563,True
11238901.IV.FDMO..HH,11238901,1970,19.7,1961.0,19.61,0.08999999999999986,True
11238901.IV.FEMA..HN,11238901,1953,19.53,1966.0,19.66,0.129999999999999,True
11238901.IV.MC2..EH,11238901,2126,21.26,1692.0,16.92,4.34,True
11238901.IV.SNTG..HH,11238901,1900,19.0,2081.0,20.81,1.8099999999999987,True
11238901.IV.SNTG..HN,11238901,1830,18.3,,,,False
11238901.IV.T1215..EH,11238901,3717,37.17,3194.0,31.94,5.23,True
11238901.IV.T1215..HN,11238901,5379,53.79,,,,False
11238901.IV.T1216..EH,11238901,3114,31.14,1731.0,17.31,13.830000000000002,True
11238901.IV.T1216..HN,11238901,3178,31.78,1786.0,17.86,13.920000000000002,True
11238901.IV.T1219..EH,11238901,2001,20.01,1991.0,19.91,0.10000000000000142,True
11238901.IV.T1219..HN,11238901,4240,42.4,4237.0,42.37,0.030000000000001137,True
11238901.IV.T1245..HH,11238901,2039,20.39,1314.0,13.14,7.25,True
11238901.IV.T1245..HN,11238901,1837,18.37,1977.0,19.77,1.3999999999999986,True
11238901.IV.T1256..HH,11238901,1773,17.73,1809.0,18.09,0.35999999999999943,True
11238901.IV.T1256..HN,11238901,1845,18.45,,,,False
11241021.IV.ARVD..HH,11241021,1885,18.85,1912.0,19.12,0.2699999999999996,True
11241021.IV.ATCC..EH,11241021,1846,18.46,1826.0,18.26,0.1999999999999993,True
11241021.IV.ATCC..HN,11241021,1719,17.19,1724.0,17.240000000000002,0.05000000000000071,True
11241021.IV.ATFO..HH,11241021,1666,16.66,1716.0,17.16,0.5,True
11241021.IV.ATFO..HN,11241021,1614,16.14,1710.0,17.1,0.9600000000000009,True
11241021.IV.ATPI..EH,11241021,1935,19.35,1957.0,19.57,0.21999999999999886,True
11241021.IV.ATVO..HH,11241021,1782,17.82,1777.0,17.77,0.05000000000000071,True
11241021.IV.ATVO..HN,11241021,1725,17.25,,,,False
11241021.IV.CAFI..HH,11241021,1911,19.11,1937.0,19.37,0.26000000000000156,True
11241021.IV.CAFI..HN,11241021,1820,18.2,1972.0,19.72,1.5199999999999996,True
11241021.IV.CAMP..HH,11241021,1785,17.85,1778.0,17.78,0.07000000000000028,True
11241021.IV.CESI..HH,11241021,1682,16.82,1640.0,16.4,0.4200000000000017,True
11241021.IV.CESX..HH,11241021,1565,15.65,1561.0,15.610000000000001,0.03999999999999915,True
11241021.IV.CING..HH,11241021,1655,16.55,1605.0,16.05,0.5,True
11241021.IV.CSP1..EH,11241021,1898,18.98,1876.0,18.76,0.21999999999999886,True
11241021.IV.EL6..EH,11241021,1667,16.67,1670.0,16.7,0.029999999999997584,True
11241021.IV.FDMO..HH,11241021,1818,18.18,1792.0,17.92,0.259999999999998,True
11241021.IV.FEMA..HN,11241021,1678,16.78,1281.0,12.81,3.9700000000000006,True
11241021.IV.FIAM..HH,11241021,1837,18.37,1811.0,18.11,0.26000000000000156,True
11241021.IV.FIAM..HN,11241021,1976,19.76,1992.0,19.92,0.16000000000000014,True
11241021.IV.FOSV..EH,11241021,1937,19.37,1931.0,19.31,0.060000000000002274,True
11241021.IV.FOSV..HN,11241021,1941,19.41,2063.0,20.63,1.2199999999999989,True
11241021.IV.GIGS..HH,11241021,1937,19.37,1979.0,19.79,0.41999999999999815,True
11241021.IV.GUMA..HH,11241021,1876,18.76,1871.0,18.71,0.05000000000000071,True
11241021.IV.GUMA..HN,11241021,1770,17.7,1770.0,17.7,0.0,True
11241021.IV.LNSS..HH,11241021,1653,16.53,1643.0,16.43,0.10000000000000142,True
11241021.IV.MC2..EH,11241021,1950,19.5,1899.0,18.990000000000002,0.509999999999998,True
11241021.IV.MPAG..EH,11241021,2177,21.77,2208.0,22.080000000000002,0.3100000000000023,True
11241021.IV.MPAG..HN,11241021,1868,18.68,3551.0,35.51,16.83,True
11241021.IV.MURB..HH,11241021,2000,20.0,2006.0,20.06,0.05999999999999872,True
11241021.IV.MURB..HN,11241021,1950,19.5,1998.0,19.98,0.4800000000000004,True
11241021.IV.NRCA..HH,11241021,2030,20.3,2030.0,20.3,0.0,True
11241021.IV.NRCA..HN,11241021,1964,19.64,1964.0,19.64,0.0,True
11241021.IV.OFFI..HH,11241021,1986,19.86,1998.0,19.98,0.120000000000001,True
11241021.IV.PIEI..HH,11241021,2020,20.2,2038.0,20.38,0.17999999999999972,True
11241021.IV.PIEI..HN,11241021,1955,19.55,3220.0,32.2,12.650000000000002,True
11241021.IV.RM33..EH,11241021,1853,18.53,1849.0,18.490000000000002,0.03999999999999915,True
11241021.IV.RM33..HN,11241021,1869,18.69,1930.0,19.3,0.6099999999999994,True
11241021.IV.SACS..HH,11241021,1684,16.84,1695.0,16.95,0.10999999999999943,True
11241021.IV.SACS..HN,11241021,1637,16.37,,,,False
11241021.IV.SEF1..HN,11241021,1582,15.82,1584.0,15.84,0.019999999999999574,True
11241021.IV.SNTG..HH,11241021,1703,17.03,1697.0,16.97,0.060000000000002274,True
11241021.IV.SNTG..HN,11241021,1714,17.14,1736.0,17.36,0.21999999999999886,True
11241021.IV.SSFR..HH,11241021,1584,15.84,1568.0,15.68,0.16000000000000014,True
11241021.IV.SSFR..HN,11241021,1565,15.65,1641.0,16.41,0.7599999999999998,True
11241021.IV.T0110..HH,11241021,1757,17.57,1777.0,17.77,0.1999999999999993,True
11241021.IV.T1215..EH,11241021,3365,33.65,1034.0,10.34,23.31,True
11241021.IV.T1215..HN,11241021,4555,45.550000000000004,2468.0,24.68,20.870000000000005,True
11241021.IV.T1216..EH,11241021,2780,27.8,2188.0,21.88,5.920000000000002,True
11241021.IV.T1216..HN,11241021,2334,23.34,2301.0,23.01,0.3299999999999983,True
11241021.IV.T1218..EH,11241021,2429,24.29,2214.0,22.14,2.1499999999999986,True
11241021.IV.T1218..HN,11241021,2716,27.16,2717.0,27.17,0.010000000000001563,True
11241021.IV.T1219..EH,11241021,2313,23.13,2291.0,22.91,0.21999999999999886,True
11241021.IV.T1219..HN,11241021,4422,44.22,2073.0,20.73,23.49,True
11241021.IV.T1241..EH,11241021,1862,18.62,1822.0,18.22,0.40000000000000213,True
11241021.IV.T1243..HH,11241021,2034,20.34,2027.0,20.27,0.07000000000000028,True
11241021.IV.T1243..HN,11241021,1955,19.55,1972.0,19.72,0.16999999999999815,True
11241021.IV.T1245..HH,11241021,1750,17.5,1648.0,16.48,1.0199999999999996,True
11241021.IV.T1245..HN,11241021,1735,17.35,1724.0,17.240000000000002,0.10999999999999943,True
11241021.IV.T1256..HH,11241021,1930,19.3,1894.0,18.94,0.35999999999999943,True
11241021.IV.T1256..HN,11241021,1898,18.98,1898.0,18.98,0.0,True
11241021.IV.TERO..HH,11241021,1944,19.44,1926.0,19.26,0.17999999999999972,True
11241021.IV.TERO..HN,11241021,1984,19.84,1990.0,19.900000000000002,0.060000000000002274,True
11241021.IV.VCEL..EH,11241021,1932,19.32,1953.0,19.53,0.21000000000000085,True
1124171.IV.IACL..HH,1124171,2007,20.07,1992.0,19.92,0.14999999999999858,True
1124171.IV.IFIL..HH,1124171,2195,21.95,2195.0,21.95,0.0,True
1124171.IV.IVPL..HH,1124171,1594,15.94,1617.0,16.17,0.2300000000000022,True
1124171.IV.MCSR..HH,1124171,1939,19.39,1994.0,19.94,0.5500000000000007,True
1124171.IV.MSFR..HH,1124171,2070,20.7,1499.0,14.99,5.709999999999999,True
11244531.IV.ARRO..EH,11244531,2051,20.51,2062.0,20.62,0.10999999999999943,True
11244531.IV.CAMP..HH,11244531,2168,21.68,2173.0,21.73,0.05000000000000071,True
11244531.IV.CSP1..EH,11244531,1710,17.1,1750.0,17.5,0.3999999999999986,True
11244531.IV.GIGS..HH,11244531,2116,21.16,2120.0,21.2,0.03999999999999915,True
11244531.IV.GUMA..HH,11244531,1614,16.14,1681.0,16.81,0.6699999999999982,True
11244531.IV.GUMA..HN,11244531,1587,15.870000000000001,6898.0,68.98,53.11,True
11244531.IV.LNSS..HH,11244531,1773,17.73,1414.0,14.14,3.59,True
11244531.IV.MMO1..EH,11244531,1553,15.530000000000001,1620.0,16.2,0.6699999999999982,True
11244531.IV.MMO1..HN,11244531,1523,15.23,,,,False
11244531.IV.NRCA..HH,11244531,1698,16.98,1708.0,17.080000000000002,0.10000000000000142,True
11244531.IV.NRCA..HN,11244531,1775,17.75,1800.0,18.0,0.25,True
11244531.IV.RM33..EH,11244531,2030,20.3,1231.0,12.31,7.99,True
11244531.IV.RM33..HN,11244531,1857,18.57,1856.0,18.56,0.010000000000001563,True
11244531.IV.T1211..EH,11244531,2918,29.18,2923.0,29.23,0.05000000000000071,True
11244531.IV.T1211..HN,11244531,5125,51.25,5182.0,51.82,0.5700000000000003,True
11244531.IV.T1215..EH,11244531,2097,20.97,1069.0,10.69,10.28,True
11244531.IV.T1215..HN,11244531,5323,53.230000000000004,4371.0,43.71,9.520000000000003,True
11244531.IV.T1218..EH,11244531,3890,38.9,1575.0,15.75,23.15,True
11244531.IV.T1218..HN,11244531,5170,51.7,5170.0,51.7,0.0,True
11244531.IV.T1241..EH,11244531,1787,17.87,1222.0,12.22,5.65,True
11244531.IV.T1241..HN,11244531,1707,17.07,,,,False
11244531.IV.T1243..HH,11244531,1964,19.64,1698.0,16.98,2.66,True
11244531.IV.T1243..HN,11244531,1814,18.14,1829.0,18.29,0.14999999999999858,True
11244531.IV.T1246..HH,11244531,1945,19.45,1938.0,19.38,0.07000000000000028,True
11244531.IV.T1247..HH,11244531,1770,17.7,1848.0,18.48,0.7800000000000011,True
11244531.IV.T1256..HH,11244531,1839,18.39,1891.0,18.91,0.5199999999999996,True
11244531.IV.T1256..HN,11244531,1828,18.28,,,,False
11244531.IV.T1299..EH,11244531,2104,21.04,1595.0,15.950000000000001,5.089999999999998,True
11244531.IV.T1299..HN,11244531,1868,18.68,1868.0,18.68,0.0,True
11244531.IV.TERO..HH,11244531,2124,21.240000000000002,1360.0,13.6,7.640000000000002,True
11244531.IV.TERO..HN,11244531,2442,24.42,2443.0,24.43,0.00999999999999801,True
11244531.IV.VCEL..EH,11244531,1982,19.82,2010.0,20.1,0.28000000000000114,True
1124551.IV.AGST..EH,1124551,1937,19.37,2057.0,20.57,1.1999999999999993,True
1124551.MN.CEL..HH,1124551,1626,16.26,1670.0,16.7,0.4399999999999977,True
1124551.MN.CEL..HL,1124551,1923,19.23,1922.0,19.22,0.010000000000001563,True
1124551.IV.GIB..HH,1124551,1935,19.35,1964.0,19.64,0.28999999999999915,True
1124551.IV.HAGA..HH,1124551,2012,20.12,2041.0,20.41,0.28999999999999915,True
1124551.IV.HAVL..HH,1124551,1711,17.11,1745.0,17.45,0.33999999999999986,True
1124551.IV.HCRL..HH,1124551,1709,17.09,1734.0,17.34,0.25,True
1124551.IV.HLNI..HH,1124551,1643,16.43,1666.0,16.66,0.23000000000000043,True
1124551.IV.HVZN..HH,1124551,1968,19.68,2060.0,20.6,0.9200000000000017,True
1124551.IV.IACL..HH,1124551,1830,18.3,1850.0,18.5,0.1999999999999993,True
1124551.IV.IFIL..HH,1124551,1660,16.6,1668.0,16.68,0.0799999999999983,True
1124551.IV.IVPL..HH,1124551,1948,19.48,1931.0,19.31,0.1700000000000017,True
1124551.IV.JOPP..HH,1124551,1744,17.44,1759.0,17.59,0.14999999999999858,True
1124551.IV.JOPP..HN,1124551,1705,17.05,1729.0,17.29,0.23999999999999844,True
1124551.IV.MCSR..HH,1124551,2148,21.48,2070.0,20.7,0.7800000000000011,True
1124551.IV.MILZ..HH,1124551,1901,19.01,1906.0,19.06,0.04999999999999716,True
1124551.IV.MPAZ..HH,1124551,2275,22.75,2276.0,22.76,0.010000000000001563,True
1124551.IV.MPNC..HH,1124551,1977,19.77,1916.0,19.16,0.6099999999999994,True
1124551.IV.MSCL..HH,1124551,1818,18.18,1830.0,18.3,0.120000000000001,True
1124551.IV.MSRU..HH,1124551,1995,19.95,1970.0,19.7,0.25,True
1124551.IV.MTTG..HH,1124551,1989,19.89,1977.0,19.77,0.120000000000001,True
1124551.IV.NOV..HH,1124551,1989,19.89,1965.0,19.650000000000002,0.23999999999999844,True
1124551.IV.PLAC..HH,1124551,1857,18.57,1867.0,18.67,0.10000000000000142,True
1124551.IV.SSY..HH,1124551,2045,20.45,2065.0,20.650000000000002,0.20000000000000284,True
1124551.MN.TIP..HH,1124551,1764,17.64,1782.0,17.82,0.17999999999999972,True
11246491.IV.ARRO..EH,11246491,1798,17.98,1800.0,18.0,0.019999999999999574,True
11246491.IV.ATCC..EH,11246491,1566,15.66,1573.0,15.73,0.07000000000000028,True
11246491.IV.CESI..HH,11246491,1918,19.18,1919.0,19.19,0.010000000000001563,True
11246491.IV.CSP1..EH,11246491,1816,18.16,1803.0,18.03,0.129999999999999,True
11246491.IV.EL6..EH,11246491,1827,18.27,1837.0,18.37,0.10000000000000142,True
11246491.IV.FDMO..HH,11246491,2037,20.37,1028.0,10.28,10.090000000000002,True
11246491.IV.FEMA..HN,11246491,1639,16.39,1641.0,16.41,0.019999999999999574,True
11246491.IV.GUMA..HH,11246491,1612,16.12,1609.0,16.09,0.030000000000001137,True
11246491.IV.GUMA..HN,11246491,1588,15.88,1588.0,15.88,0.0,True
11246491.IV.LNSS..HH,11246491,1795,17.95,1789.0,17.89,0.05999999999999872,True
11246491.IV.MC2..EH,11246491,2119,21.19,2038.0,20.38,0.8100000000000023,True
11246491.IV.MMO1..EH,11246491,1680,16.8,1050.0,10.5,6.300000000000001,True
11246491.IV.MMO1..HN,11246491,1686,16.86,1692.0,16.92,0.060000000000002274,True
11246491.IV.MOMA..HH,11246491,1646,16.46,1681.0,16.81,0.34999999999999787,True
11246491.IV.MOMA..HN,11246491,1705,17.05,1832.0,18.32,1.2699999999999996,True
11246491.IV.NRCA..HH,11246491,2096,20.96,2056.0,20.56,0.40000000000000213,True
11246491.IV.NRCA..HN,11246491,1966,19.66,1966.0,19.66,0.0,True
11246491.IV.RM33..EH,11246491,1614,16.14,1582.0,15.82,0.3200000000000003,True
11246491.IV.RM33..HN,11246491,1572,15.72,2205.0,22.05,6.33,True
11246491.IV.SMA1..EH,11246491,1627,16.27,1647.0,16.47,0.1999999999999993,True
11246491.IV.SNTG..HH,11246491,1762,17.62,1767.0,17.67,0.05000000000000071,True
11246491.IV.SNTG..HN,11246491,1801,18.01,1883.0,18.830000000000002,0.8200000000000003,True
11246491.IV.T1211..EH,11246491,3972,39.72,3978.0,39.78,0.060000000000002274,True
11246491.IV.T1211..HN,11246491,2287,22.87,2391.0,23.91,1.0399999999999991,True
11246491.IV.T1215..EH,11246491,2806,28.060000000000002,2756.0,27.560000000000002,0.5,True
11246491.IV.T1215..HN,11246491,3101,31.01,3095.0,30.95,0.060000000000002274,True
11246491.IV.T1216..EH,11246491,3310,33.1,3268.0,32.68,0.4200000000000017,True
11246491.IV.T1216..HN,11246491,5514,55.14,5502.0,55.02,0.11999999999999744,True
11246491.IV.T1218..EH,11246491,3478,34.78,3482.0,34.82,0.03999999999999915,True
11246491.IV.T1218..HN,11246491,5851,58.51,1427.0,14.27,44.239999999999995,True
11246491.IV.T1219..EH,11246491,2242,22.42,2246.0,22.46,0.03999999999999915,True
11246491.IV.T1219..HN,11246491,2267,22.67,2277.0,22.77,0.09999999999999787,True
11246491.IV.T1241..EH,11246491,1586,15.860000000000001,1572.0,15.72,0.14000000000000057,True
11246491.IV.T1241..HN,11246491,1573,15.73,1579.0,15.790000000000001,0.0600000000000005,True
11246491.IV.T1243..HH,11246491,1730,17.3,1724.0,17.240000000000002,0.05999999999999872,True
11246491.IV.T1243..HN,11246491,1548,15.48,1584.0,15.84,0.35999999999999943,True
11246491.IV.T1245..HH,11246491,1839,18.39,1833.0,18.330000000000002,0.05999999999999872,True
11246491.IV.T1245..HN,11246491,1757,17.57,1764.0,17.64,0.07000000000000028,True
11246491.IV.T1256..HH,11246491,2093,20.93,2081.0,20.81,0.120000000000001,True
11246491.IV.T1256..HN,11246491,1885,18.85,1893.0,18.93,0.0799999999999983,True
11246491.IV.T1299..EH,11246491,1605,16.05,1604.0,16.04,0.010000000000001563,True
11246491.IV.T1299..HN,11246491,1560,15.6,1716.0,17.16,1.5600000000000005,True
11247711.IV.ATCC..HN,11247711,1759,17.59,1786.0,17.86,0.2699999999999996,True
11247711.IV.CESI..HH,11247711,1726,17.26,1711.0,17.11,0.15000000000000213,True
11247711.IV.CSP1..EH,11247711,1780,17.8,1647.0,16.47,1.3300000000000018,True
11247711.IV.FDMO..HH,11247711,1762,17.62,1268.0,12.68,4.940000000000001,True
11247711.IV.FEMA..HN,11247711,2003,20.03,2005.0,20.05,0.019999999999999574,True
11247711.IV.FOSV..EH,11247711,1637,16.37,1639.0,16.39,0.019999999999999574,True
11247711.IV.GUMA..HH,11247711,1759,17.59,1760.0,17.6,0.010000000000001563,True
11247711.IV.GUMA..HN,11247711,1698,16.98,1707.0,17.07,0.08999999999999986,True
11247711.IV.MC2..EH,11247711,1798,17.98,1794.0,17.94,0.03999999999999915,True
11247711.IV.MDAR..HN,11247711,1982,19.82,2017.0,20.17,0.3500000000000014,True
11247711.IV.MMO1..HN,11247711,1764,17.64,1805.0,18.05,0.41000000000000014,True
11247711.IV.NRCA..HH,11247711,1560,15.6,1558.0,15.58,0.019999999999999574,True
11247711.IV.NRCA..HN,11247711,1566,15.66,1571.0,15.71,0.05000000000000071,True
11247711.IV.RM33..EH,11247711,1767,17.67,1226.0,12.26,5.410000000000002,True
11247711.IV.RM33..HN,11247711,1689,16.89,,,,False
11247711.IV.SEF1..HN,11247711,1852,18.52,1861.0,18.61,0.08999999999999986,True
11247711.IV.SNTG..HH,11247711,1737,17.37,1747.0,17.47,0.09999999999999787,True
11247711.IV.SNTG..HN,11247711,1803,18.03,1876.0,18.76,0.7300000000000004,True
11247711.IV.T1211..EH,11247711,2932,29.32,3001.0,30.01,0.6900000000000013,True
11247711.IV.T1211..HN,11247711,5814,58.14,6830.0,68.3,10.159999999999997,True
11247711.IV.T1215..EH,11247711,3162,31.62,3157.0,31.57,0.05000000000000071,True
11247711.IV.T1215..HN,11247711,2027,20.27,2051.0,20.51,0.240000000000002,True
11247711.IV.T1216..EH,11247711,3475,34.75,2953.0,29.53,5.219999999999999,True
11247711.IV.T1216..HN,11247711,3468,34.68,3474.0,34.74,0.060000000000002274,True
11247711.IV.T1218..EH,11247711,3111,31.11,3114.0,31.14,0.030000000000001137,True
11247711.IV.T1218..HN,11247711,2741,27.41,2775.0,27.75,0.33999999999999986,True
11247711.IV.T1219..EH,11247711,3631,36.31,3308.0,33.08,3.230000000000004,True
11247711.IV.T1219..HN,11247711,2572,25.72,2581.0,25.810000000000002,0.09000000000000341,True
11247711.IV.T1241..EH,11247711,1666,16.66,1663.0,16.63,0.030000000000001137,True
11247711.IV.T1245..HH,11247711,2023,20.23,2019.0,20.19,0.03999999999999915,True
11247711.IV.T1245..HN,11247711,1785,17.85,1809.0,18.09,0.23999999999999844,True
11247711.IV.T1256..HH,11247711,1680,16.8,1669.0,16.69,0.10999999999999943,True
11247711.IV.T1256..HN,11247711,1557,15.57,1568.0,15.68,0.10999999999999943,True
11248401.IV.CESI..HH,11248401,1951,19.51,1945.0,19.45,0.060000000000002274,True
11248401.IV.CSP1..EH,11248401,1951,19.51,1293.0,12.93,6.580000000000002,True
11248401.IV.GUMA..HH,11248401,1918,19.18,1924.0,19.240000000000002,0.060000000000002274,True
11248401.IV.GUMA..HN,11248401,1718,17.18,1728.0,17.28,0.10000000000000142,True
11248401.IV.MC2..EH,11248401,1564,15.64,1558.0,15.58,0.0600000000000005,True
11248401.IV.MMO1..EH,11248401,1796,17.96,1788.0,17.88,0.08000000000000185,True
11248401.IV.NRCA..HH,11248401,1823,18.23,1833.0,18.330000000000002,0.10000000000000142,True
11248401.IV.NRCA..HN,11248401,1932,19.32,1945.0,19.45,0.129999999999999,True
11248401.IV.SMA1..EH,11248401,2052,20.52,1246.0,12.46,8.059999999999999,True
11248401.IV.SNTG..HH,11248401,1723,17.23,1724.0,17.240000000000002,0.010000000000001563,True
11248401.IV.SNTG..HN,11248401,1782,17.82,1870.0,18.7,0.879999999999999,True
11248401.IV.T1215..EH,11248401,3884,38.84,2296.0,22.96,15.880000000000003,True
11248401.IV.T1215..HN,11248401,2183,21.830000000000002,2204.0,22.04,0.2099999999999973,True
11248401.IV.T1216..EH,11248401,2522,25.22,1318.0,13.18,12.04,True
11248401.IV.T1216..HN,11248401,1807,18.07,1832.0,18.32,0.25,True
11248401.IV.T1218..EH,11248401,1617,16.17,1368.0,13.68,2.490000000000002,True
11248401.IV.T1218..HN,11248401,2275,22.75,2278.0,22.78,0.030000000000001137,True
11248401.IV.T1219..EH,11248401,3422,34.22,2624.0,26.240000000000002,7.979999999999997,True
11248401.IV.T1219..HN,11248401,2465,24.650000000000002,2464.0,24.64,0.010000000000001563,True
11248401.IV.T1241..EH,11248401,1628,16.28,1623.0,16.23,0.05000000000000071,True
11248401.IV.T1241..HN,11248401,1605,16.05,1642.0,16.42,0.370000000000001,True
11248401.IV.T1243..HH,11248401,1991,19.91,1986.0,19.86,0.05000000000000071,True
11248401.IV.T1243..HN,11248401,1987,19.87,1997.0,19.97,0.09999999999999787,True
11248401.IV.T1245..HH,11248401,1861,18.61,1852.0,18.52,0.08999999999999986,True
11248401.IV.T1245..HN,11248401,1871,18.71,1883.0,18.830000000000002,0.120000000000001,True
11248401.IV.T1256..HH,11248401,1721,17.21,1708.0,17.080000000000002,0.129999999999999,True
11248401.IV.T1256..HN,11248401,1611,16.11,1613.0,16.13,0.019999999999999574,True
11248811.IV.CAMP..HH,11248811,1945,19.45,1952.0,19.52,0.07000000000000028,True
11248811.IV.CESI..HH,11248811,2046,20.46,2048.0,20.48,0.019999999999999574,True
11248811.IV.CSP1..EH,11248811,1901,19.01,1901.0,19.01,0.0,True
11248811.IV.FDMO..HH,11248811,1895,18.95,1902.0,19.02,0.07000000000000028,True
11248811.IV.GIGS..HH,11248811,1753,17.53,1754.0,17.54,0.00999999999999801,True
11248811.IV.GUMA..HH,11248811,1628,16.28,1634.0,16.34,0.05999999999999872,True
11248811.IV.GUMA..HN,11248811,1641,16.41,1653.0,16.53,0.120000000000001,True
11248811.IV.LNSS..HH,11248811,1980,19.8,1970.0,19.7,0.10000000000000142,True
11248811.IV.MMO1..EH,11248811,1898,18.98,1898.0,18.98,0.0,True
11248811.IV.MMO1..HN,11248811,1864,18.64,2250.0,22.5,3.8599999999999994,True
11248811.IV.NRCA..HH,11248811,2020,20.2,999.0,9.99,10.209999999999999,True
11248811.IV.NRCA..HN,11248811,2069,20.69,1247.0,12.47,8.22,True
11248811.IV.RM33..EH,11248811,1889,18.89,1882.0,18.82,0.07000000000000028,True
11248811.IV.RM33..HN,11248811,1839,18.39,1845.0,18.45,0.05999999999999872,True
11248811.IV.SMA1..EH,11248811,2023,20.23,2022.0,20.22,0.010000000000001563,True
11248811.IV.T1211..EH,11248811,2234,22.34,1069.0,10.69,11.65,True
11248811.IV.T1211..HN,11248811,3692,36.92,3772.0,37.72,0.7999999999999972,True
11248811.IV.T1215..EH,11248811,3463,34.63,3468.0,34.68,0.04999999999999716,True
11248811.IV.T1215..HN,11248811,4576,45.76,1242.0,12.42,33.339999999999996,True
11248811.IV.T1216..EH,11248811,2027,20.27,2029.0,20.29,0.019999999999999574,True
11248811.IV.T1216..HN,11248811,2589,25.89,2595.0,25.95,0.05999999999999872,True
11248811.IV.T1218..EH,11248811,3199,31.990000000000002,2182.0,21.82,10.170000000000002,True
11248811.IV.T1218..HN,11248811,1803,18.03,1803.0,18.03,0.0,True
11248811.IV.T1219..EH,11248811,2669,26.69,1672.0,16.72,9.970000000000002,True
11248811.IV.T1219..HN,11248811,3345,33.45,1078.0,10.78,22.67,True
11248811.IV.T1241..EH,11248811,1725,17.25,1725.0,17.25,0.0,True
11248811.IV.T1243..HH,11248811,1652,16.52,1640.0,16.4,0.120000000000001,True
11248811.IV.T1243..HN,11248811,1568,15.68,1565.0,15.65,0.02999999999999936,True
11248811.IV.T1245..HN,11248811,2005,20.05,2003.0,20.03,0.019999999999999574,True
11248811.IV.T1246..HH,11248811,1607,16.07,1611.0,16.11,0.03999999999999915,True
11248811.IV.T1247..HH,11248811,2118,21.18,2122.0,21.22,0.03999999999999915,True
11248811.IV.T1256..HH,11248811,1878,18.78,1879.0,18.79,0.00999999999999801,True
11248811.IV.T1256..HN,11248811,1811,18.11,1879.0,18.79,0.6799999999999997,True
11248811.IV.T1299..EH,11248811,2049,20.490000000000002,2034.0,20.34,0.15000000000000213,True
11248811.IV.T1299..HN,11248811,1910,19.1,1912.0,19.12,0.019999999999999574,True
11248811.IV.TERO..HH,11248811,2062,20.62,2058.0,20.580000000000002,0.03999999999999915,True
11248811.IV.TERO..HN,11248811,1969,19.69,1967.0,19.67,0.019999999999999574,True
1125091.IV.IVPL..HH,1125091,1744,17.44,1748.0,17.48,0.03999999999999915,True
1125091.IV.MCSR..HH,1125091,1978,19.78,1983.0,19.830000000000002,0.05000000000000071,True
1125091.IV.MILZ..HH,1125091,1611,16.11,1621.0,16.21,0.10000000000000142,True
1125091.IV.MPNC..HH,1125091,1878,18.78,1878.0,18.78,0.0,True
1125091.IV.MSFR..HH,1125091,1620,16.2,1618.0,16.18,0.019999999999999574,True
1125091.IV.MSRU..HH,1125091,1989,19.89,1993.0,19.93,0.03999999999999915,True
1125091.IV.NOV..HH,1125091,2027,20.27,2028.0,20.28,0.010000000000001563,True
11251761.IV.CAMP..HH,11251761,1830,18.3,1805.0,18.05,0.25,True
11251761.IV.CSP1..EH,11251761,1880,18.8,1864.0,18.64,0.16000000000000014,True
11251761.IV.FAGN..HH,11251761,1789,17.89,1793.0,17.93,0.03999999999999915,True
11251761.IV.FDMO..HH,11251761,2023,20.23,2052.0,20.52,0.28999999999999915,True
11251761.IV.FEMA..HN,11251761,1945,19.45,1947.0,19.47,0.019999999999999574,True
11251761.IV.GIGS..HH,11251761,1896,18.96,1889.0,18.89,0.07000000000000028,True
11251761.IV.MMO1..EH,11251761,1728,17.28,1719.0,17.19,0.08999999999999986,True
11251761.IV.MMO1..HN,11251761,1728,17.28,1735.0,17.35,0.07000000000000028,True
11251761.IV.NRCA..HH,11251761,1893,18.93,1893.0,18.93,0.0,True
11251761.IV.NRCA..HN,11251761,1925,19.25,1927.0,19.27,0.019999999999999574,True
11251761.IV.OFFI..HH,11251761,1971,19.71,1987.0,19.87,0.16000000000000014,True
11251761.IV.RM33..EH,11251761,2023,20.23,2026.0,20.26,0.030000000000001137,True
11251761.IV.RM33..HN,11251761,2025,20.25,2121.0,21.21,0.9600000000000009,True
11251761.IV.T0110..HH,11251761,2146,21.46,2144.0,21.44,0.019999999999999574,True
11251761.IV.T1218..EH,11251761,4318,43.18,1705.0,17.05,26.13,True
11251761.IV.T1218..HN,11251761,3693,36.93,3697.0,36.97,0.03999999999999915,True
11251761.IV.T1241..EH,11251761,2145,21.45,999.0,9.99,11.459999999999999,True
11251761.IV.T1243..HH,11251761,2064,20.64,1172.0,11.72,8.92,True
11251761.IV.T1243..HN,11251761,1994,19.94,1997.0,19.97,0.029999999999997584,True
11251761.IV.T1245..HH,11251761,1864,18.64,1867.0,18.67,0.030000000000001137,True
11251761.IV.T1245..HN,11251761,1902,19.02,1912.0,19.12,0.10000000000000142,True
11251761.IV.T1246..HH,11251761,1565,15.65,1055.0,10.55,5.1,True
11251761.IV.T1247..HH,11251761,1776,17.76,1773.0,17.73,0.030000000000001137,True
11251761.IV.T1256..HH,11251761,1655,16.55,1633.0,16.330000000000002,0.21999999999999886,True
11251761.IV.T1299..EH,11251761,1556,15.56,1553.0,15.530000000000001,0.02999999999999936,True
11251761.IV.T1299..HN,11251761,1532,15.32,1540.0,15.4,0.08000000000000007,True
11251761.IV.TERO..HH,11251761,1837,18.37,1431.0,14.31,4.0600000000000005,True
11251761.IV.TERO..HN,11251761,2280,22.8,2279.0,22.79,0.010000000000001563,True
11251761.IV.TRTR..HH,11251761,2001,20.01,2015.0,20.150000000000002,0.14000000000000057,True
11251761.IV.VCEL..EH,11251761,1723,17.23,1728.0,17.28,0.05000000000000071,True
11251911.IV.AOI..HH,11251911,1993,19.93,1998.0,19.98,0.05000000000000071,True
11251911.IV.APEC..HH,11251911,1936,19.36,1982.0,19.82,0.46000000000000085,True
11251911.IV.APEC..HN,11251911,1943,19.43,2358.0,23.580000000000002,4.150000000000002,True
11251911.IV.APRC..EH,11251911,1910,19.1,1930.0,19.3,0.1999999999999993,True
11251911.IV.APRC..HN,11251911,1737,17.37,1889.0,18.89,1.5199999999999996,True
11251911.IV.ARCI..HH,11251911,1662,16.62,1692.0,16.92,0.3000000000000007,True
11251911.IV.ARRO..EH,11251911,2053,20.53,2030.0,20.3,0.23000000000000043,True
11251911.IV.ARVD..HH,11251911,1762,17.62,1168.0,11.68,5.940000000000001,True
11251911.IV.ASQU..HH,11251911,1975,19.75,1951.0,19.51,0.23999999999999844,True
11251911.IV.ATCC..EH,11251911,1664,16.64,1647.0,16.47,0.1700000000000017,True
11251911.IV.ATCC..HN,11251911,1669,16.69,1701.0,17.01,0.3200000000000003,True
11251911.IV.ATFO..HH,11251911,2173,21.73,1375.0,13.75,7.98,True
11251911.IV.ATFO..HN,11251911,2002,20.02,2091.0,20.91,0.8900000000000006,True
11251911.IV.ATMI..HH,11251911,1946,19.46,1999.0,19.990000000000002,0.5300000000000011,True
11251911.IV.ATPI..EH,11251911,1821,18.21,1893.0,18.93,0.7199999999999989,True
11251911.IV.ATVO..HH,11251911,1627,16.27,1667.0,16.67,0.40000000000000213,True
11251911.IV.ATVO..HN,11251911,1671,16.71,1786.0,17.86,1.1499999999999986,True
11251911.IV.BADI..EH,11251911,1921,19.21,1974.0,19.740000000000002,0.5300000000000011,True
11251911.IV.BSSO..HH,11251911,1859,18.59,1893.0,18.93,0.33999999999999986,True
11251911.IV.BSSO..HN,11251911,1768,17.68,1844.0,18.44,0.7600000000000016,True
11251911.IV.CAFI..HH,11251911,2032,20.32,2075.0,20.75,0.4299999999999997,True
11251911.IV.CAFI..HN,11251911,1835,18.35,1986.0,19.86,1.509999999999998,True
11251911.IV.CAFR..HH,11251911,2072,20.72,2120.0,21.2,0.4800000000000004,True
11251911.IV.CAMP..HH,11251911,2007,20.07,1907.0,19.07,1.0,True
11251911.IV.CAPA..HH,11251911,1857,18.57,1928.0,19.28,0.7100000000000009,True
11251911.IV.CASP..HH,11251911,1869,18.69,1685.0,16.85,1.8399999999999999,True
11251911.IV.CELB..HH,11251911,2120,21.2,2159.0,21.59,0.39000000000000057,True
11251911.IV.CERA..HH,11251911,2069,20.69,2052.0,20.52,0.1700000000000017,True
11251911.IV.CERA..HN,11251911,1889,18.89,1941.0,19.41,0.5199999999999996,True
11251911.IV.CERT..HH,11251911,1896,18.96,1890.0,18.900000000000002,0.05999999999999872,True
11251911.IV.CESI..HH,11251911,1680,16.8,1629.0,16.29,0.5100000000000016,True
11251911.IV.CESX..HH,11251911,1739,17.39,1404.0,14.040000000000001,3.3499999999999996,True
11251911.IV.CIGN..HH,11251911,1823,18.23,1800.0,18.0,0.23000000000000043,True
11251911.IV.CING..HH,11251911,1726,17.26,1732.0,17.32,0.05999999999999872,True
11251911.IV.COR1..HN,11251911,1828,18.28,1951.0,19.51,1.2300000000000004,True
11251911.IV.CRE..HH,11251911,2052,20.52,2064.0,20.64,0.120000000000001,True
11251911.IV.CRMI..HH,11251911,1568,15.68,1589.0,15.89,0.21000000000000085,True
11251911.IV.CRMI..HN,11251911,1678,16.78,1787.0,17.87,1.0899999999999999,True
11251911.IV.CSNT..HH,11251911,1886,18.86,1957.0,19.57,0.7100000000000009,True
11251911.IV.CSP1..EH,11251911,2025,20.25,1928.0,19.28,0.9699999999999989,True
11251911.IV.EL6..EH,11251911,1821,18.21,1795.0,17.95,0.26000000000000156,True
11251911.GU.EQUI..HH,11251911,1696,16.96,1681.0,16.81,0.15000000000000213,True
11251911.IV.FAGN..HH,11251911,1812,18.12,1787.0,17.87,0.25,True
11251911.IV.FDMO..HH,11251911,1571,15.71,1497.0,14.97,0.7400000000000002,True
11251911.IV.FEMA..HN,11251911,2066,20.66,2036.0,20.36,0.3000000000000007,True
11251911.IV.FIAM..HH,11251911,1911,19.11,1905.0,19.05,0.05999999999999872,True
11251911.IV.FIAM..HN,11251911,1878,18.78,1890.0,18.900000000000002,0.120000000000001,True
11251911.IV.FOSV..EH,11251911,1882,18.82,1891.0,18.91,0.08999999999999986,True
11251911.IV.FRES..HH,11251911,1836,18.36,1864.0,18.64,0.28000000000000114,True
11251911.IV.FRON..EH,11251911,1691,16.91,1403.0,14.030000000000001,2.879999999999999,True
11251911.IV.FROS..HH,11251911,1775,17.75,1788.0,17.88,0.129999999999999,True
11251911.IV.FSSB..HH,11251911,1864,18.64,1937.0,19.37,0.7300000000000004,True
11251911.IV.GIGS..HH,11251911,1923,19.23,1852.0,18.52,0.7100000000000009,True
11251911.IV.GIUL..HH,11251911,1780,17.8,1793.0,17.93,0.129999999999999,True
11251911.IV.GUAR..HH,11251911,1551,15.51,1630.0,16.3,0.7900000000000009,True
11251911.IV.GUMA..HH,11251911,1750,17.5,1268.0,12.68,4.82,True
11251911.IV.GUMA..HN,11251911,1677,16.77,1516.0,15.16,1.6099999999999994,True
11251911.IV.INTR..HH,11251911,1986,19.86,1992.0,19.92,0.060000000000002274,True
11251911.IV.INTR..HN,11251911,1787,17.87,1827.0,18.27,0.3999999999999986,True
11251911.IV.LNSS..HH,11251911,1825,18.25,1743.0,17.43,0.8200000000000003,True
11251911.GU.MAIM..HH,11251911,2077,20.77,2172.0,21.72,0.9499999999999993,True
11251911.IV.MC2..EH,11251911,1984,19.84,1907.0,19.07,0.7699999999999996,True
11251911.IV.MCIV..HH,11251911,1850,18.5,1881.0,18.81,0.3099999999999987,True
11251911.IV.MELA..HH,11251911,1776,17.76,1787.0,17.87,0.10999999999999943,True
11251911.IV.MELA..HN,11251911,1789,17.89,1832.0,18.32,0.4299999999999997,True
11251911.IV.MGAB..HH,11251911,1818,18.18,1864.0,18.64,0.46000000000000085,True
11251911.IV.MGAB..HN,11251911,1837,18.37,1896.0,18.96,0.5899999999999999,True
11251911.IV.MODR..HH,11251911,1823,18.23,1880.0,18.8,0.5700000000000003,True
11251911.IV.MOMA..HH,11251911,1745,17.45,1778.0,17.78,0.33000000000000185,True
11251911.IV.MOMA..HN,11251911,1691,16.91,1746.0,17.46,0.5500000000000007,True
11251911.IV.MPPT..EH,11251911,1842,18.42,1937.0,19.37,0.9499999999999993,True
11251911.IV.MTCE..HH,11251911,1678,16.78,1681.0,16.81,0.029999999999997584,True
11251911.IV.MTCR..EH,11251911,1998,19.98,2015.0,20.150000000000002,0.1700000000000017,True
11251911.IV.MTL1..HN,11251911,1911,19.11,1913.0,19.13,0.019999999999999574,True
11251911.IV.MURB..HH,11251911,1723,17.23,1748.0,17.48,0.25,True
11251911.IV.MURB..HN,11251911,1730,17.3,1771.0,17.71,0.41000000000000014,True
11251911.IV.NRCA..HH,11251911,2046,20.46,2000.0,20.0,0.46000000000000085,True
11251911.IV.NRCA..HN,11251911,1911,19.11,1902.0,19.02,0.08999999999999986,True
11251911.IV.OFFI..HH,11251911,2092,20.92,1024.0,10.24,10.680000000000001,True
11251911.IV.PARC..HH,11251911,1666,16.66,1672.0,16.72,0.05999999999999872,True
11251911.IV.PE3..EH,11251911,1844,18.44,999.0,9.99,8.450000000000001,True
11251911.IV.PESA..HH,11251911,2084,20.84,2114.0,21.14,0.3000000000000007,True
11251911.IV.PIEI..HH,11251911,1914,19.14,1937.0,19.37,0.23000000000000043,True
11251911.IV.PIEI..HN,11251911,1987,19.87,2046.0,20.46,0.5899999999999999,True
11251911.IV.PII..HH,11251911,1996,19.96,2081.0,20.81,0.8499999999999979,True
11251911.IV.PP3..EH,11251911,2272,22.72,2323.0,23.23,0.5100000000000016,True
11251911.IV.PP3..HN,11251911,1927,19.27,2020.0,20.2,0.9299999999999997,True
11251911.IV.PTQR..HH,11251911,2082,20.82,2110.0,21.1,0.28000000000000114,True
11251911.IV.RM33..EH,11251911,1742,17.42,1500.0,15.0,2.4200000000000017,True
11251911.IV.RM33..HN,11251911,1648,16.48,1635.0,16.35,0.129999999999999,True
11251911.IV.RNI2..HH,11251911,1684,16.84,1660.0,16.6,0.23999999999999844,True
11251911.IV.RNI2..HN,11251911,1957,19.57,2019.0,20.19,0.620000000000001,True
11251911.IV.RUFI..EH,11251911,1620,16.2,1674.0,16.740000000000002,0.5400000000000027,True
11251911.IV.SACS..HH,11251911,1911,19.11,1911.0,19.11,0.0,True
11251911.IV.SACS..HN,11251911,1953,19.53,2001.0,20.01,0.4800000000000004,True
11251911.IV.SEF1..HN,11251911,1611,16.11,1606.0,16.06,0.05000000000000071,True
11251911.IV.SENI..EH,11251911,1852,18.52,1931.0,19.31,0.7899999999999991,True
11251911.IV.SENI..HN,11251911,1898,18.98,2007.0,20.07,1.0899999999999999,True
11251911.IV.SGRT..HH,11251911,1818,18.18,1844.0,18.44,0.26000000000000156,True
11251911.IV.SGTA..HH,11251911,1952,19.52,1964.0,19.64,0.120000000000001,True
11251911.IV.SGTA..HN,11251911,1957,19.57,2152.0,21.52,1.9499999999999993,True
11251911.IV.SMA1..EH,11251911,1850,18.5,1791.0,17.91,0.5899999999999999,True
11251911.IV.SNTG..HH,11251911,1959,19.59,1913.0,19.13,0.46000000000000085,True
11251911.IV.SNTG..HN,11251911,1736,17.36,1737.0,17.37,0.010000000000001563,True
11251911.IV.SRES..HH,11251911,1932,19.32,2014.0,20.14,0.8200000000000003,True
11251911.IV.SSFR..HH,11251911,1853,18.53,1837.0,18.37,0.16000000000000014,True
11251911.IV.SSFR..HN,11251911,1926,19.26,1950.0,19.5,0.23999999999999844,True
11251911.IV.T0110..HH,11251911,1767,17.67,1695.0,16.95,0.7200000000000024,True
11251911.IV.T1215..EH,11251911,3972,39.72,2792.0,27.92,11.799999999999997,True
11251911.IV.T1215..HN,11251911,1952,19.52,1952.0,19.52,0.0,True
11251911.IV.T1216..EH,11251911,2208,22.080000000000002,2170.0,21.7,0.38000000000000256,True
11251911.IV.T1216..HN,11251911,5026,50.26,3469.0,34.69,15.57,True
11251911.IV.T1218..EH,11251911,3315,33.15,3229.0,32.29,0.8599999999999994,True
11251911.IV.T1218..HN,11251911,2718,27.18,2678.0,26.78,0.3999999999999986,True
11251911.IV.T1219..EH,11251911,2221,22.21,999.0,9.99,12.22,True
11251911.IV.T1219..HN,11251911,2981,29.810000000000002,1009.0,10.09,19.720000000000002,True
11251911.IV.T1241..HN,11251911,1766,17.66,1706.0,17.06,0.6000000000000014,True
11251911.IV.T1243..HH,11251911,1720,17.2,1652.0,16.52,0.6799999999999997,True
11251911.IV.T1243..HN,11251911,1664,16.64,1643.0,16.43,0.21000000000000085,True
11251911.IV.T1245..HH,11251911,2055,20.55,1021.0,10.21,10.34,True
11251911.IV.T1245..HN,11251911,2039,20.39,2012.0,20.12,0.2699999999999996,True
11251911.IV.T1247..HH,11251911,1861,18.61,1714.0,17.14,1.4699999999999989,True
11251911.IV.T1256..HH,11251911,1723,17.23,1632.0,16.32,0.9100000000000001,True
11251911.IV.T1256..HN,11251911,1528,15.280000000000001,1484.0,14.84,0.4400000000000013,True
11251911.IV.TERO..HH,11251911,1623,16.23,1518.0,15.18,1.0500000000000007,True
11251911.IV.TOLF..HH,11251911,2037,20.37,2036.0,20.36,0.010000000000001563,True
11251911.IV.TREM..HH,11251911,1892,18.92,1971.0,19.71,0.7899999999999991,True
11251911.IV.TRIF..HH,11251911,1668,16.68,1665.0,16.65,0.030000000000001137,True
11251911.IV.TRTR..HH,11251911,1609,16.09,1567.0,15.67,0.41999999999999993,True
11251911.IV.VAGA..HH,11251911,1939,19.39,1914.0,19.14,0.25,True
11251911.IV.VAGA..HN,11251911,1982,19.82,2122.0,21.22,1.3999999999999986,True
11251911.IV.VCEL..EH,11251911,1882,18.82,1818.0,18.18,0.6400000000000006,True
11251911.IV.VITU..HH,11251911,2025,20.25,2094.0,20.94,0.6900000000000013,True
11251911.IV.VITU..HN,11251911,2167,21.67,2527.0,25.27,3.599999999999998,True
11251911.IV.VVLD..HH,11251911,1978,19.78,1979.0,19.79,0.00999999999999801,True
11252171.IV.CAMP..HH,11252171,1510,15.1,1505.0,15.05,0.049999999999998934,True
11252171.IV.CESI..HH,11252171,2026,20.26,2060.0,20.6,0.33999999999999986,True
11252171.IV.CSP1..EH,11252171,1771,17.71,1815.0,18.150000000000002,0.4400000000000013,True
11252171.IV.FDMO..HH,11252171,2088,20.88,2119.0,21.19,0.3100000000000023,True
11252171.IV.GIGS..HH,11252171,2030,20.3,2036.0,20.36,0.05999999999999872,True
11252171.IV.GUMA..HH,11252171,1780,17.8,1856.0,18.56,0.759999999999998,True
11252171.IV.GUMA..HN,11252171,1770,17.7,1821.0,18.21,0.5100000000000016,True
11252171.IV.LNSS..HH,11252171,2037,20.37,2040.0,20.400000000000002,0.030000000000001137,True
11252171.IV.MC2..EH,11252171,1984,19.84,1913.0,19.13,0.7100000000000009,True
11252171.IV.MMO1..EH,11252171,1573,15.73,1604.0,16.04,0.3099999999999987,True
11252171.IV.MMO1..HN,11252171,1594,15.94,2083.0,20.830000000000002,4.890000000000002,True
11252171.IV.NRCA..HH,11252171,2046,20.46,2047.0,20.47,0.00999999999999801,True
11252171.IV.NRCA..HN,11252171,2088,20.88,2087.0,20.87,0.00999999999999801,True
11252171.IV.OFFI..HH,11252171,1995,19.95,2015.0,20.150000000000002,0.20000000000000284,True
11252171.IV.RM33..EH,11252171,1746,17.46,1750.0,17.5,0.03999999999999915,True
11252171.IV.RM33..HN,11252171,1782,17.82,1787.0,17.87,0.05000000000000071,True
11252171.IV.T1215..EH,11252171,2503,25.03,2506.0,25.060000000000002,0.030000000000001137,True
11252171.IV.T1215..HN,11252171,1719,17.19,1721.0,17.21,0.019999999999999574,True
11252171.IV.T1216..EH,11252171,1828,18.28,1854.0,18.54,0.259999999999998,True
11252171.IV.T1216..HN,11252171,2895,28.95,2906.0,29.060000000000002,0.11000000000000298,True
11252171.IV.T1218..EH,11252171,2134,21.34,2139.0,21.39,0.05000000000000071,True
11252171.IV.T1218..HN,11252171,2778,27.78,2781.0,27.810000000000002,0.030000000000001137,True
11252171.IV.T1219..EH,11252171,2785,27.85,2805.0,28.05,0.1999999999999993,True
11252171.IV.T1219..HN,11252171,1563,15.63,1576.0,15.76,0.129999999999999,True
11252171.IV.T1241..EH,11252171,1637,16.37,1668.0,16.68,0.3099999999999987,True
11252171.IV.T1243..HH,11252171,1637,16.37,1639.0,16.39,0.019999999999999574,True
11252171.IV.T1243..HN,11252171,1614,16.14,1616.0,16.16,0.019999999999999574,True
11252171.IV.T1245..HH,11252171,1796,17.96,1815.0,18.150000000000002,0.19000000000000128,True
11252171.IV.T1245..HN,11252171,1814,18.14,1835.0,18.35,0.21000000000000085,True
11252171.IV.T1246..HH,11252171,2108,21.080000000000002,2106.0,21.06,0.020000000000003126,True
11252171.IV.T1247..HH,11252171,1792,17.92,1795.0,17.95,0.029999999999997584,True
11252171.IV.T1299..EH,11252171,1623,16.23,1621.0,16.21,0.019999999999999574,True
11252171.IV.T1299..HN,11252171,1555,15.55,1552.0,15.52,0.030000000000001137,True
11252171.IV.TERO..HH,11252171,1657,16.57,1658.0,16.580000000000002,0.010000000000001563,True
11252171.IV.TERO..HN,11252171,1969,19.69,1968.0,19.68,0.010000000000001563,True
11253101.IV.CAMP..HH,11253101,2331,23.31,2319.0,23.19,0.11999999999999744,True
11253101.IV.CESI..HH,11253101,2007,20.07,1189.0,11.89,8.18,True
11253101.IV.CSP1..EH,11253101,2062,20.62,1828.0,18.28,2.34,True
11253101.IV.EL6..EH,11253101,1887,18.87,1877.0,18.77,0.10000000000000142,True
11253101.IV.FDMO..HH,11253101,2216,22.16,1115.0,11.15,11.01,True
11253101.IV.FEMA..HN,11253101,1603,16.03,1601.0,16.01,0.019999999999999574,True
11253101.IV.GUMA..HH,11253101,1971,19.71,1973.0,19.73,0.019999999999999574,True
11253101.IV.GUMA..HN,11253101,2020,20.2,2032.0,20.32,0.120000000000001,True
11253101.IV.LNSS..HH,11253101,1694,16.94,1697.0,16.97,0.029999999999997584,True
11253101.IV.MC2..EH,11253101,2129,21.29,1542.0,15.42,5.869999999999999,True
11253101.IV.MMO1..HN,11253101,1616,16.16,1620.0,16.2,0.03999999999999915,True
11253101.IV.NRCA..HH,11253101,1855,18.55,999.0,9.99,8.56,True
11253101.IV.NRCA..HN,11253101,1834,18.34,1007.0,10.07,8.27,True
11253101.IV.OFFI..HH,11253101,2296,22.96,1138.0,11.38,11.58,True
11253101.IV.RM33..EH,11253101,1732,17.32,1732.0,17.32,0.0,True
11253101.IV.RM33..HN,11253101,1682,16.82,1738.0,17.38,0.5599999999999987,True
11253101.IV.SNTG..HH,11253101,1871,18.71,1879.0,18.79,0.0799999999999983,True
11253101.IV.SNTG..HN,11253101,1909,19.09,1982.0,19.82,0.7300000000000004,True
11253101.IV.T1215..EH,11253101,2529,25.29,1601.0,16.01,9.279999999999998,True
11253101.IV.T1215..HN,11253101,5031,50.31,5042.0,50.42,0.10999999999999943,True
11253101.IV.T1216..EH,11253101,3295,32.95,2685.0,26.85,6.100000000000001,True
11253101.IV.T1216..HN,11253101,2473,24.73,2464.0,24.64,0.08999999999999986,True
11253101.IV.T1218..EH,11253101,3210,32.1,1591.0,15.91,16.19,True
11253101.IV.T1218..HN,11253101,2314,23.14,999.0,9.99,13.15,True
11253101.IV.T1219..EH,11253101,5732,57.32,4645.0,46.45,10.869999999999997,True
11253101.IV.T1219..HN,11253101,2273,22.73,1177.0,11.77,10.96,True
11253101.IV.T1241..EH,11253101,2165,21.650000000000002,1292.0,12.92,8.730000000000002,True
11253101.IV.T1241..HN,11253101,2007,20.07,2024.0,20.240000000000002,0.1700000000000017,True
11253101.IV.T1243..HH,11253101,1823,18.23,1817.0,18.17,0.05999999999999872,True
11253101.IV.T1243..HN,11253101,1789,17.89,1816.0,18.16,0.2699999999999996,True
11253101.IV.T1245..HH,11253101,1939,19.39,1155.0,11.55,7.84,True
11253101.IV.T1245..HN,11253101,1909,19.09,1904.0,19.04,0.05000000000000071,True
11253101.IV.T1256..HH,11253101,2101,21.01,1802.0,18.02,2.990000000000002,True
11253101.IV.T1256..HN,11253101,1957,19.57,1966.0,19.66,0.08999999999999986,True
11253101.IV.T1299..EH,11253101,1744,17.44,1745.0,17.45,0.00999999999999801,True
11253101.IV.T1299..HN,11253101,1730,17.3,1785.0,17.85,0.5500000000000007,True
11253101.IV.TERO..HH,11253101,1998,19.98,999.0,9.99,9.99,True
11253101.IV.TERO..HN,11253101,1984,19.84,2001.0,20.01,0.1700000000000017,True
11253901.IV.CAMP..HH,11253901,1852,18.52,1844.0,18.44,0.0799999999999983,True
11253901.IV.MC2..EH,11253901,1553,15.530000000000001,1556.0,15.56,0.02999999999999936,True
11253901.IV.MMO1..EH,11253901,1961,19.61,1953.0,19.53,0.0799999999999983,True
11253901.IV.MMO1..HN,11253901,1964,19.64,2451.0,24.51,4.870000000000001,True
11253901.IV.NRCA..HH,11253901,1770,17.7,1150.0,11.5,6.199999999999999,True
11253901.IV.NRCA..HN,11253901,1764,17.64,1780.0,17.8,0.16000000000000014,True
11253901.IV.RM33..EH,11253901,1939,19.39,1942.0,19.42,0.030000000000001137,True
11253901.IV.RM33..HN,11253901,2048,20.48,2162.0,21.62,1.1400000000000006,True
11253901.IV.SMA1..EH,11253901,2003,20.03,1421.0,14.21,5.82,True
11253901.IV.T1218..EH,11253901,2727,27.27,2729.0,27.29,0.019999999999999574,True
11253901.IV.T1218..HN,11253901,2005,20.05,2012.0,20.12,0.07000000000000028,True
11253901.IV.T1241..EH,11253901,1552,15.52,1536.0,15.36,0.16000000000000014,True
11253901.IV.T1241..HN,11253901,1552,15.52,1555.0,15.55,0.030000000000001137,True
11253901.IV.T1243..HH,11253901,1682,16.82,1682.0,16.82,0.0,True
11253901.IV.T1243..HN,11253901,1709,17.09,1711.0,17.11,0.019999999999999574,True
11253901.IV.T1245..HH,11253901,2014,20.14,1481.0,14.81,5.33,True
11253901.IV.T1245..HN,11253901,1821,18.21,1877.0,18.77,0.5599999999999987,True
11253901.IV.T1256..HH,11253901,1596,15.96,1592.0,15.92,0.040000000000000924,True
11253901.IV.T1256..HN,11253901,1543,15.43,1552.0,15.52,0.08999999999999986,True
11253901.IV.TERO..HH,11253901,1777,17.77,1757.0,17.57,0.1999999999999993,True
11253901.IV.TERO..HN,11253901,1811,18.11,1805.0,18.05,0.05999999999999872,True
1125471.IV.IVPL..HH,1125471,2088,20.88,2063.0,20.63,0.25,True
1125471.IV.MCSR..HH,1125471,1978,19.78,1981.0,19.81,0.029999999999997584,True
1125471.IV.MILZ..HH,1125471,1614,16.14,1613.0,16.13,0.010000000000001563,True
1125471.IV.MPNC..HH,1125471,2059,20.59,1909.0,19.09,1.5,True
1125471.IV.MSFR..HH,1125471,2071,20.71,2058.0,20.580000000000002,0.129999999999999,True
1125471.IV.MSRU..HH,1125471,2095,20.95,2057.0,20.57,0.379999999999999,True
1125471.IV.NOV..HH,1125471,1642,16.42,1649.0,16.490000000000002,0.07000000000000028,True
11255121.IV.ARRO..EH,11255121,2014,20.14,2035.0,20.35,0.21000000000000085,True
11255121.IV.ASSB..HH,11255121,2080,20.8,2071.0,20.71,0.08999999999999986,True
11255121.IV.CAMP..HH,11255121,1973,19.73,1992.0,19.92,0.19000000000000128,True
11255121.IV.CESI..HH,11255121,1596,15.96,1592.0,15.92,0.040000000000000924,True
11255121.IV.CESX..HH,11255121,1769,17.69,1786.0,17.86,0.16999999999999815,True
11255121.IV.CSP1..EH,11255121,1932,19.32,999.0,9.99,9.33,True
11255121.IV.EL6..EH,11255121,1661,16.61,1657.0,16.57,0.03999999999999915,True
11255121.IV.FAGN..HH,11255121,1539,15.39,1703.0,17.03,1.6400000000000006,True
11255121.IV.FDMO..HH,11255121,1586,15.860000000000001,1570.0,15.700000000000001,0.16000000000000014,True
11255121.IV.FEMA..HN,11255121,1737,17.37,1731.0,17.31,0.060000000000002274,True
11255121.IV.FIAM..HH,11255121,1821,18.21,1299.0,12.99,5.220000000000001,True
11255121.IV.FIAM..HN,11255121,1730,17.3,1810.0,18.1,0.8000000000000007,True
11255121.IV.FOSV..EH,11255121,2137,21.37,2125.0,21.25,0.120000000000001,True
11255121.IV.GAG1..HN,11255121,1660,16.6,1669.0,16.69,0.08999999999999986,True
11255121.IV.GIGS..HH,11255121,1696,16.96,1706.0,17.06,0.09999999999999787,True
11255121.IV.GUMA..HH,11255121,1905,19.05,1908.0,19.080000000000002,0.030000000000001137,True
11255121.IV.GUMA..HN,11255121,1918,19.18,1931.0,19.31,0.129999999999999,True
11255121.IV.LNSS..HH,11255121,1895,18.95,1897.0,18.97,0.019999999999999574,True
11255121.IV.MC2..EH,11255121,2291,22.91,2294.0,22.94,0.030000000000001137,True
11255121.IV.MDAR..HN,11255121,1882,18.82,1932.0,19.32,0.5,True
11255121.IV.MMO1..EH,11255121,1607,16.07,1133.0,11.33,4.74,True
11255121.IV.MMO1..HN,11255121,1632,16.32,1701.0,17.01,0.6900000000000013,True
11255121.IV.MNTP..HN,11255121,1964,19.64,2035.0,20.35,0.7100000000000009,True
11255121.IV.MURB..HH,11255121,1814,18.14,1821.0,18.21,0.07000000000000028,True
11255121.IV.MURB..HN,11255121,1845,18.45,1866.0,18.66,0.21000000000000085,True
11255121.IV.NRCA..HH,11255121,1876,18.76,1283.0,12.83,5.9300000000000015,True
11255121.IV.NRCA..HN,11255121,1853,18.53,1871.0,18.71,0.17999999999999972,True
11255121.IV.OFFI..HH,11255121,2132,21.32,2242.0,22.42,1.1000000000000014,True
11255121.IV.RM33..EH,11255121,1855,18.55,1154.0,11.540000000000001,7.01,True
11255121.IV.RM33..HN,11255121,1993,19.93,2087.0,20.87,0.9400000000000013,True
11255121.IV.SEF1..HN,11255121,1614,16.14,1623.0,16.23,0.08999999999999986,True
11255121.IV.SMA1..EH,11255121,1869,18.69,1891.0,18.91,0.21999999999999886,True
11255121.IV.SNTG..HH,11255121,1720,17.2,1705.0,17.05,0.14999999999999858,True
11255121.IV.SNTG..HN,11255121,1682,16.82,1696.0,16.96,0.14000000000000057,True
11255121.IV.SRES..HH,11255121,1759,17.59,1870.0,18.7,1.1099999999999994,True
11255121.IV.T0110..HH,11255121,2166,21.66,2210.0,22.1,0.4400000000000013,True
11255121.IV.T1215..EH,11255121,2579,25.79,2565.0,25.650000000000002,0.13999999999999702,True
11255121.IV.T1215..HN,11255121,3118,31.18,3130.0,31.3,0.120000000000001,True
11255121.IV.T1216..EH,11255121,2939,29.39,2908.0,29.080000000000002,0.3099999999999987,True
11255121.IV.T1216..HN,11255121,2895,28.95,2899.0,28.990000000000002,0.0400000000000027,True
11255121.IV.T1218..EH,11255121,2043,20.43,2052.0,20.52,0.08999999999999986,True
11255121.IV.T1218..HN,11255121,3403,34.03,3428.0,34.28,0.25,True
11255121.IV.T1219..EH,11255121,3279,32.79,2383.0,23.830000000000002,8.959999999999997,True
11255121.IV.T1219..HN,11255121,3590,35.9,2835.0,28.35,7.549999999999997,True
11255121.IV.T1241..EH,11255121,1818,18.18,1824.0,18.240000000000002,0.060000000000002274,True
11255121.IV.T1243..HH,11255121,1668,16.68,1674.0,16.740000000000002,0.060000000000002274,True
11255121.IV.T1243..HN,11255121,1568,15.68,1605.0,16.05,0.370000000000001,True
11255121.IV.T1245..HH,11255121,1687,16.87,1685.0,16.85,0.019999999999999574,True
11255121.IV.T1245..HN,11255121,1563,15.63,1582.0,15.82,0.1899999999999995,True
11255121.IV.T1256..HH,11255121,1912,19.12,1219.0,12.19,6.9300000000000015,True
11255121.IV.T1256..HN,11255121,1778,17.78,1792.0,17.92,0.14000000000000057,True
11255121.IV.TERO..HN,11255121,1989,19.89,2014.0,20.14,0.25,True
1125621.IV.MAGA..HH,1125621,2253,22.53,2319.0,23.19,0.6600000000000001,True
1125621.IV.RAVA..EH,1125621,1568,15.68,1995.0,19.95,4.27,True
1125621.IV.T0800..HH,1125621,1695,16.95,1693.0,16.93,0.019999999999999574,True
1125621.IV.T0800..HN,1125621,1575,15.75,1569.0,15.69,0.0600000000000005,True
1125621.IV.T0802..HN,1125621,1712,17.12,1714.0,17.14,0.019999999999999574,True
1125621.IV.T0805..HN,1125621,1973,19.73,1983.0,19.830000000000002,0.10000000000000142,True
1125621.IV.T0822..EH,1125621,1637,16.37,1640.0,16.4,0.029999999999997584,True
1125621.IV.TEOL..HH,1125621,2130,21.3,2171.0,21.71,0.41000000000000014,True
11256591.IV.ARRO..EH,11256591,2054,20.54,2049.0,20.490000000000002,0.04999999999999716,True
11256591.IV.ARVD..HH,11256591,1761,17.61,1257.0,12.57,5.039999999999999,True
11256591.IV.ATCC..EH,11256591,1785,17.85,1777.0,17.77,0.08000000000000185,True
11256591.IV.ATFO..HH,11256591,1812,18.12,1822.0,18.22,0.09999999999999787,True
11256591.IV.ATFO..HN,11256591,1864,18.64,,,,False
11256591.IV.ATVO..HH,11256591,2034,20.34,2056.0,20.56,0.21999999999999886,True
11256591.IV.ATVO..HN,11256591,1892,18.92,,,,False
11256591.IV.CAFI..HH,11256591,1944,19.44,1943.0,19.43,0.010000000000001563,True
11256591.IV.CAFI..HN,11256591,1869,18.69,1916.0,19.16,0.46999999999999886,True
11256591.IV.CAMP..HH,11256591,2058,20.580000000000002,1100.0,11.0,9.580000000000002,True
11256591.IV.CESI..HH,11256591,1987,19.87,1436.0,14.36,5.510000000000002,True
11256591.IV.CESX..HH,11256591,1780,17.8,1775.0,17.75,0.05000000000000071,True
11256591.IV.CING..HH,11256591,2027,20.27,2022.0,20.22,0.05000000000000071,True
11256591.IV.COR1..EH,11256591,1907,19.07,1929.0,19.29,0.21999999999999886,True
11256591.IV.CSP1..EH,11256591,1768,17.68,1739.0,17.39,0.28999999999999915,True
11256591.IV.FAGN..HH,11256591,1898,18.98,1905.0,19.05,0.07000000000000028,True
11256591.IV.FDMO..HH,11256591,1703,17.03,1503.0,15.030000000000001,2.0,True
11256591.IV.FEMA..HN,11256591,1826,18.26,1777.0,17.77,0.490000000000002,True
11256591.IV.FIAM..HH,11256591,1914,19.14,1713.0,17.13,2.0100000000000016,True
11256591.IV.FIAM..HN,11256591,1807,18.07,1627.0,16.27,1.8000000000000007,True
11256591.IV.FOSV..EH,11256591,1926,19.26,1929.0,19.29,0.029999999999997584,True
11256591.IV.FRON..EH,11256591,1823,18.23,1839.0,18.39,0.16000000000000014,True
11256591.IV.GIGS..HH,11256591,1936,19.36,1937.0,19.37,0.010000000000001563,True
11256591.IV.GUMA..HH,11256591,2039,20.39,2030.0,20.3,0.08999999999999986,True
11256591.IV.GUMA..HN,11256591,1971,19.71,1974.0,19.740000000000002,0.030000000000001137,True
11256591.IV.INTR..HH,11256591,2003,20.03,1447.0,14.47,5.5600000000000005,True
11256591.IV.INTR..HN,11256591,2123,21.23,3738.0,37.38,16.150000000000002,True
11256591.IV.LNSS..HH,11256591,1639,16.39,1599.0,15.99,0.40000000000000036,True
11256591.IV.MC2..EH,11256591,1855,18.55,1169.0,11.69,6.860000000000001,True
11256591.IV.MOMA..HH,11256591,1682,16.82,1721.0,17.21,0.39000000000000057,True
11256591.IV.MOMA..HN,11256591,1547,15.47,1600.0,16.0,0.5299999999999994,True
11256591.IV.MPAG..EH,11256591,1628,16.28,1625.0,16.25,0.030000000000001137,True
11256591.IV.MPAG..HN,11256591,1526,15.26,11993.0,119.93,104.67,True
11256591.IV.MURB..HH,11256591,2037,20.37,2041.0,20.41,0.03999999999999915,True
11256591.IV.MURB..HN,11256591,2005,20.05,2051.0,20.51,0.46000000000000085,True
11256591.IV.NRCA..HH,11256591,1637,16.37,1627.0,16.27,0.10000000000000142,True
11256591.IV.NRCA..HN,11256591,1586,15.860000000000001,1577.0,15.77,0.09000000000000163,True
11256591.IV.OFFI..HH,11256591,1937,19.37,1940.0,19.400000000000002,0.030000000000001137,True
11256591.IV.PIEI..HH,11256591,1920,19.2,1927.0,19.27,0.07000000000000028,True
11256591.IV.PIEI..HN,11256591,1942,19.42,3326.0,33.26,13.839999999999996,True
11256591.IV.PP3..EH,11256591,1816,18.16,1824.0,18.240000000000002,0.08000000000000185,True
11256591.IV.PP3..HN,11256591,1764,17.64,1785.0,17.85,0.21000000000000085,True
11256591.IV.RM33..EH,11256591,1873,18.73,1760.0,17.6,1.129999999999999,True
11256591.IV.RM33..HN,11256591,1848,18.48,1854.0,18.54,0.05999999999999872,True
11256591.IV.SNTG..HH,11256591,1695,16.95,1683.0,16.830000000000002,0.11999999999999744,True
11256591.IV.SNTG..HN,11256591,1655,16.55,1690.0,16.9,0.34999999999999787,True
11256591.IV.SSFR..HH,11256591,1703,17.03,1706.0,17.06,0.029999999999997584,True
11256591.IV.SSFR..HN,11256591,1689,16.89,1754.0,17.54,0.6499999999999986,True
11256591.IV.T0110..HH,11256591,1771,17.71,1779.0,17.79,0.0799999999999983,True
11256591.IV.T1215..EH,11256591,3332,33.32,2826.0,28.26,5.059999999999999,True
11256591.IV.T1215..HN,11256591,3679,36.79,3681.0,36.81,0.020000000000003126,True
11256591.IV.T1216..EH,11256591,2841,28.41,2116.0,21.16,7.25,True
11256591.IV.T1216..HN,11256591,3885,38.85,3872.0,38.72,0.13000000000000256,True
11256591.IV.T1218..EH,11256591,1980,19.8,1939.0,19.39,0.41000000000000014,True
11256591.IV.T1218..HN,11256591,4165,41.65,2659.0,26.59,15.059999999999999,True
11256591.IV.T1219..EH,11256591,3159,31.59,1509.0,15.09,16.5,True
11256591.IV.T1219..HN,11256591,1623,16.23,999.0,9.99,6.24,True
11256591.IV.T1241..EH,11256591,1871,18.71,1014.0,10.14,8.57,True
11256591.IV.T1243..HH,11256591,1982,19.82,1200.0,12.0,7.82,True
11256591.IV.T1243..HN,11256591,1987,19.87,1292.0,12.92,6.950000000000001,True
11256591.IV.T1245..HH,11256591,1710,17.1,1704.0,17.04,0.060000000000002274,True
11256591.IV.T1245..HN,11256591,1848,18.48,1844.0,18.44,0.03999999999999915,True
11256591.IV.T1247..HH,11256591,1648,16.48,1652.0,16.52,0.03999999999999915,True
11256591.IV.T1256..HH,11256591,2064,20.64,1624.0,16.240000000000002,4.399999999999999,True
11256591.IV.T1256..HN,11256591,1955,19.55,1956.0,19.56,0.00999999999999801,True
11256591.IV.TERO..HH,11256591,1809,18.09,999.0,9.99,8.1,True
11256591.IV.TERO..HN,11256591,1757,17.57,999.0,9.99,7.58,True
11256591.IV.VCEL..EH,11256591,1524,15.24,1025.0,10.25,4.99,True
11256831.IV.AIO..HH,11256831,1921,19.21,1938.0,19.38,0.16999999999999815,True
11256831.IV.EMSG..HH,11256831,2014,20.14,2038.0,20.38,0.23999999999999844,True
11256831.IV.EPZF..HH,11256831,1621,16.21,1606.0,16.06,0.15000000000000213,True
11256831.IV.GALF..HH,11256831,1734,17.34,1746.0,17.46,0.120000000000001,True
11256831.IV.GIB..HH,11256831,1991,19.91,1990.0,19.900000000000002,0.00999999999999801,True
11256831.IV.IACL..HH,11256831,1652,16.52,1607.0,16.07,0.4499999999999993,True
11256831.IV.IFIL..HH,11256831,1855,18.55,1862.0,18.62,0.07000000000000028,True
11256831.IV.IVPL..HH,11256831,2030,20.3,2031.0,20.31,0.00999999999999801,True
11256831.IV.MILZ..HH,11256831,1905,19.05,1406.0,14.06,4.99,True
11256831.IV.MSFR..HH,11256831,1934,19.34,1907.0,19.07,0.2699999999999996,True
11256831.IV.NOV..HH,11256831,1583,15.83,1636.0,16.36,0.5299999999999994,True
11256831.IV.PETRA..HH,11256831,1878,18.78,1877.0,18.77,0.010000000000001563,True
11256831.IV.PLLN..EH,11256831,1673,16.73,1191.0,11.91,4.82,True
11256831.IV.RAFF..HH,11256831,1953,19.53,1962.0,19.62,0.08999999999999986,True
11256831.IV.SSY..HH,11256831,1711,17.11,1810.0,18.1,0.990000000000002,True
11257121.IV.AIO..HH,11257121,1909,19.09,1907.0,19.07,0.019999999999999574,True
11257121.IV.CAGR..HH,11257121,1714,17.14,1775.0,17.75,0.6099999999999994,True
11257121.IV.CLTA..HH,11257121,1632,16.32,1608.0,16.080000000000002,0.23999999999999844,True
11257121.IV.CMDO..HH,11257121,2032,20.32,2116.0,21.16,0.8399999999999999,True
11257121.IV.ESML..HH,11257121,1628,16.28,1638.0,16.38,0.09999999999999787,True
11257121.IV.FAVR..HH,11257121,1667,16.67,1808.0,18.080000000000002,1.4100000000000001,True
11257121.IV.GALF..HH,11257121,1717,17.17,1723.0,17.23,0.05999999999999872,True
11257121.IV.GIB..HH,11257121,1796,17.96,1780.0,17.8,0.16000000000000014,True
11257121.IV.HAGA..HH,11257121,1637,16.37,1670.0,16.7,0.3299999999999983,True
11257121.IV.HMDC..HH,11257121,1832,18.32,1831.0,18.31,0.010000000000001563,True
11257121.IV.HVZN..HH,11257121,1802,18.02,1802.0,18.02,0.0,True
11257121.IV.IACL..HH,11257121,2043,20.43,2102.0,21.02,0.5899999999999999,True
11257121.IV.IVPL..HH,11257121,1948,19.48,1947.0,19.47,0.010000000000001563,True
11257121.IV.MSFR..HH,11257121,1932,19.32,1924.0,19.240000000000002,0.0799999999999983,True
11257121.IV.MSRU..HH,11257121,1739,17.39,1756.0,17.56,0.16999999999999815,True
11257121.IV.PETRA..HH,11257121,1648,16.48,1627.0,16.27,0.21000000000000085,True
11257121.IV.RAFF..HH,11257121,2044,20.44,2039.0,20.39,0.05000000000000071,True
11257121.IV.RESU..HH,11257121,1630,16.3,1587.0,15.870000000000001,0.4299999999999997,True
11257121.IV.SOLUN..HH,11257121,1601,16.01,1658.0,16.580000000000002,0.5700000000000003,True
11257121.IV.SSY..HH,11257121,1996,19.96,2014.0,20.14,0.17999999999999972,True
11257671.IV.AOI..HH,11257671,1545,15.450000000000001,1539.0,15.39,0.0600000000000005,True
11257671.IV.APEC..HH,11257671,1726,17.26,1144.0,11.44,5.820000000000002,True
11257671.IV.APEC..HN,11257671,1657,16.57,,,,False
11257671.IV.ARRO..EH,11257671,2014,20.14,1991.0,19.91,0.23000000000000043,True
11257671.IV.ARVD..HH,11257671,1911,19.11,1868.0,18.68,0.4299999999999997,True
11257671.IV.ASQU..HH,11257671,2512,25.12,2504.0,25.04,0.08000000000000185,True
11257671.IV.ATCC..EH,11257671,1682,16.82,1612.0,16.12,0.6999999999999993,True
11257671.IV.ATFO..HH,11257671,1716,17.16,1691.0,16.91,0.25,True
11257671.IV.ATFO..HN,11257671,1594,15.94,1595.0,15.950000000000001,0.010000000000001563,True
11257671.IV.ATLO..EH,11257671,1867,18.67,1827.0,18.27,0.40000000000000213,True
11257671.IV.ATLO..HN,11257671,1862,18.62,1866.0,18.66,0.03999999999999915,True
11257671.IV.ATMI..HH,11257671,2007,20.07,2061.0,20.61,0.5399999999999991,True
11257671.IV.ATPI..EH,11257671,1589,15.89,1551.0,15.51,0.3800000000000008,True
11257671.IV.ATVA..EH,11257671,1934,19.34,1913.0,19.13,0.21000000000000085,True
11257671.IV.ATVO..HH,11257671,1825,18.25,1773.0,17.73,0.5199999999999996,True
11257671.IV.ATVO..HN,11257671,1805,18.05,1812.0,18.12,0.07000000000000028,True
11257671.IV.BADI..EH,11257671,1923,19.23,1912.0,19.12,0.10999999999999943,True
11257671.IV.CAFI..HH,11257671,1642,16.42,1644.0,16.44,0.019999999999999574,True
11257671.IV.CAFI..HN,11257671,2222,22.22,2251.0,22.51,0.2900000000000027,True
11257671.IV.CAMP..HH,11257671,1732,17.32,1698.0,16.98,0.33999999999999986,True
11257671.IV.CERA..HH,11257671,1952,19.52,2207.0,22.07,2.5500000000000007,True
11257671.IV.CERT..HH,11257671,2093,20.93,2112.0,21.12,0.19000000000000128,True
11257671.IV.CESI..HH,11257671,1555,15.55,1315.0,13.15,2.4000000000000004,True
11257671.IV.CESX..HH,11257671,1953,19.53,1915.0,19.150000000000002,0.379999999999999,True
11257671.IV.CIMA..HN,11257671,1541,15.41,1551.0,15.51,0.09999999999999964,True
11257671.IV.CING..HH,11257671,1695,16.95,1664.0,16.64,0.3099999999999987,True
11257671.IV.COR1..EH,11257671,2042,20.42,2041.0,20.41,0.010000000000001563,True
11257671.IV.COR1..HN,11257671,1982,19.82,2038.0,20.38,0.5599999999999987,True
11257671.IV.CRE..HH,11257671,2089,20.89,2102.0,21.02,0.129999999999999,True
11257671.IV.CSNT..HH,11257671,1852,18.52,1857.0,18.57,0.05000000000000071,True
11257671.IV.CSP1..EH,11257671,2095,20.95,2019.0,20.19,0.759999999999998,True
11257671.IV.FAGN..HH,11257671,2070,20.7,2099.0,20.990000000000002,0.2900000000000027,True
11257671.IV.FDMO..HH,11257671,1581,15.81,1455.0,14.55,1.2599999999999998,True
11257671.IV.FEMA..HN,11257671,1889,18.89,1790.0,17.900000000000002,0.9899999999999984,True
11257671.IV.FIAM..HH,11257671,2319,23.19,2300.0,23.0,0.19000000000000128,True
11257671.IV.FIAM..HN,11257671,1961,19.61,1994.0,19.94,0.33000000000000185,True
11257671.IV.FIU1..HN,11257671,2057,20.57,2059.0,20.59,0.019999999999999574,True
11257671.IV.FOSV..EH,11257671,1944,19.44,1873.0,18.73,0.7100000000000009,True
11257671.IV.FRON..EH,11257671,1778,17.78,1731.0,17.31,0.4700000000000024,True
11257671.IV.FSSB..HH,11257671,1714,17.14,1689.0,16.89,0.25,True
11257671.IV.GIGS..HH,11257671,2009,20.09,2030.0,20.3,0.21000000000000085,True
11257671.IV.GUMA..HH,11257671,1623,16.23,1579.0,15.790000000000001,0.4399999999999995,True
11257671.IV.GUMA..HN,11257671,1570,15.700000000000001,1554.0,15.540000000000001,0.16000000000000014,True
11257671.IV.INTR..HH,11257671,1848,18.48,1857.0,18.57,0.08999999999999986,True
11257671.IV.INTR..HN,11257671,1678,16.78,1784.0,17.84,1.0599999999999987,True
11257671.IV.LNSS..HH,11257671,1686,16.86,1629.0,16.29,0.5700000000000003,True
11257671.IV.MC2..EH,11257671,2044,20.44,1209.0,12.09,8.350000000000001,True
11257671.IV.MDAR..HN,11257671,1768,17.68,1761.0,17.61,0.07000000000000028,True
11257671.IV.MGAB..HH,11257671,2002,20.02,2004.0,20.04,0.019999999999999574,True
11257671.IV.MGAB..HN,11257671,2081,20.81,2089.0,20.89,0.08000000000000185,True
11257671.IV.MNTP..HN,11257671,1661,16.61,1652.0,16.52,0.08999999999999986,True
11257671.IV.MOMA..HH,11257671,1973,19.73,1971.0,19.71,0.019999999999999574,True
11257671.IV.MOMA..HN,11257671,1921,19.21,1924.0,19.240000000000002,0.030000000000001137,True
11257671.IV.MPAG..EH,11257671,1705,17.05,1668.0,16.68,0.370000000000001,True
11257671.IV.MPAG..HN,11257671,1603,16.03,1654.0,16.54,0.509999999999998,True
11257671.IV.MTCE..HH,11257671,2028,20.28,2038.0,20.38,0.09999999999999787,True
11257671.IV.MTL1..HN,11257671,1602,16.02,1602.0,16.02,0.0,True
11257671.IV.MURB..HH,11257671,1941,19.41,1903.0,19.03,0.379999999999999,True
11257671.IV.NRCA..HH,11257671,2012,20.12,1706.0,17.06,3.0600000000000023,True
11257671.IV.NRCA..HN,11257671,1986,19.86,1982.0,19.82,0.03999999999999915,True
11257671.IV.OFFI..HH,11257671,1630,16.3,1629.0,16.29,0.010000000000001563,True
11257671.IV.PARC..HH,11257671,1977,19.77,1941.0,19.41,0.35999999999999943,True
11257671.IV.PE3..EH,11257671,1709,17.09,1707.0,17.07,0.019999999999999574,True
11257671.IV.PESA..HH,11257671,1795,17.95,1823.0,18.23,0.28000000000000114,True
11257671.IV.PIEI..HH,11257671,1880,18.8,1846.0,18.46,0.33999999999999986,True
11257671.IV.PIEI..HN,11257671,1866,18.66,1902.0,19.02,0.35999999999999943,True
11257671.IV.POFI..HH,11257671,2179,21.79,2140.0,21.400000000000002,0.389999999999997,True
11257671.IV.POFI..HN,11257671,2218,22.18,2564.0,25.64,3.460000000000001,True
11257671.IV.PP3..EH,11257671,1851,18.51,1859.0,18.59,0.0799999999999983,True
11257671.IV.RCAV..EH,11257671,1812,18.12,1855.0,18.55,0.4299999999999997,True
11257671.IV.RM33..EH,11257671,1857,18.57,1850.0,18.5,0.07000000000000028,True
11257671.IV.RM33..HN,11257671,1650,16.5,1687.0,16.87,0.370000000000001,True
11257671.IV.RUFI..EH,11257671,1667,16.67,1693.0,16.93,0.259999999999998,True
11257671.OX.SABO..HH,11257671,2118,21.18,2122.0,21.22,0.03999999999999915,True
11257671.OX.SABO..HN,11257671,1939,19.39,1475.0,14.75,4.640000000000001,True
11257671.IV.SACS..HH,11257671,1911,19.11,1939.0,19.39,0.28000000000000114,True
11257671.IV.SACS..HN,11257671,1696,16.96,1792.0,17.92,0.9600000000000009,True
11257671.IV.SEF1..HN,11257671,1859,18.59,1858.0,18.580000000000002,0.00999999999999801,True
11257671.IV.SNTG..HH,11257671,1666,16.66,1598.0,15.98,0.6799999999999997,True
11257671.IV.SNTG..HN,11257671,1523,15.23,1514.0,15.14,0.08999999999999986,True
11257671.IV.SRES..HH,11257671,1689,16.89,1682.0,16.82,0.07000000000000028,True
11257671.IV.SSFR..HH,11257671,1793,17.93,1760.0,17.6,0.3299999999999983,True
11257671.IV.SSFR..HN,11257671,1614,16.14,1609.0,16.09,0.05000000000000071,True
11257671.IV.SSM1..HN,11257671,1695,16.95,1705.0,17.05,0.10000000000000142,True
11257671.IV.SSP9..EH,11257671,2192,21.92,2197.0,21.97,0.04999999999999716,True
11257671.IV.T0110..HH,11257671,1819,18.19,1823.0,18.23,0.03999999999999915,True
11257671.IV.T1201..HN,11257671,2201,22.01,2186.0,21.86,0.15000000000000213,True
11257671.IV.T1204..EH,11257671,1662,16.62,1634.0,16.34,0.28000000000000114,True
11257671.IV.T1211..EH,11257671,3486,34.86,1825.0,18.25,16.61,True
11257671.IV.T1211..HN,11257671,3511,35.11,3513.0,35.13,0.020000000000003126,True
11257671.IV.T1212..EH,11257671,3538,35.38,1427.0,14.27,21.110000000000003,True
11257671.IV.T1212..HN,11257671,2997,29.97,2997.0,29.97,0.0,True
11257671.IV.T1213..EH,11257671,2319,23.19,2322.0,23.22,0.029999999999997584,True
11257671.IV.T1213..HN,11257671,2508,25.080000000000002,2521.0,25.21,0.129999999999999,True
11257671.IV.T1215..EH,11257671,2750,27.5,999.0,9.99,17.509999999999998,True
11257671.IV.T1215..HN,11257671,3214,32.14,3186.0,31.86,0.28000000000000114,True
11257671.IV.T1216..EH,11257671,2116,21.16,1777.0,17.77,3.3900000000000006,True
11257671.IV.T1216..HN,11257671,4255,42.550000000000004,4057.0,40.57,1.980000000000004,True
11257671.IV.T1217..EH,11257671,2795,27.95,2528.0,25.28,2.669999999999998,True
11257671.IV.T1217..HN,11257671,2562,25.62,2337.0,23.37,2.25,True
11257671.IV.T1218..EH,11257671,2329,23.29,2283.0,22.830000000000002,0.4599999999999973,True
11257671.IV.T1218..HN,11257671,3468,34.68,3462.0,34.62,0.060000000000002274,True
11257671.IV.T1219..EH,11257671,1903,19.03,1729.0,17.29,1.740000000000002,True
11257671.IV.T1219..HN,11257671,3382,33.82,2810.0,28.1,5.719999999999999,True
11257671.IV.T1221..EH,11257671,3275,32.75,2936.0,29.36,3.3900000000000006,True
11257671.IV.T1221..HN,11257671,2985,29.85,1417.0,14.17,15.680000000000001,True
11257671.IV.T1241..EH,11257671,1928,19.28,1403.0,14.030000000000001,5.25,True
11257671.IV.T1243..HH,11257671,1803,18.03,1777.0,17.77,0.26000000000000156,True
11257671.IV.T1243..HN,11257671,1730,17.3,1731.0,17.31,0.00999999999999801,True
11257671.IV.T1244..EH,11257671,1885,18.85,1855.0,18.55,0.3000000000000007,True
11257671.IV.T1244..HN,11257671,1825,18.25,1826.0,18.26,0.010000000000001563,True
11257671.IV.T1245..HH,11257671,2159,21.59,2087.0,20.87,0.7199999999999989,True
11257671.IV.T1245..HN,11257671,1934,19.34,1923.0,19.23,0.10999999999999943,True
11257671.IV.T1246..HH,11257671,1978,19.78,1204.0,12.040000000000001,7.74,True
11257671.IV.T1247..HH,11257671,1814,18.14,1814.0,18.14,0.0,True
11257671.IV.T1256..HH,11257671,1558,15.58,1508.0,15.08,0.5,True
11257671.IV.T1256..HN,11257671,1517,15.17,1513.0,15.13,0.03999999999999915,True
11257671.IV.T1299..EH,11257671,1605,16.05,1164.0,11.64,4.41,True
11257671.IV.T1299..HN,11257671,1653,16.53,1654.0,16.54,0.00999999999999801,True
11257671.IV.TERO..HH,11257671,1516,15.16,1500.0,15.0,0.16000000000000014,True
11257671.IV.TOLF..HH,11257671,2064,20.64,2091.0,20.91,0.2699999999999996,True
11257671.IV.TRIV..HH,11257671,1626,16.26,999.0,9.99,6.270000000000001,True
11257671.IV.TRIV..HN,11257671,1661,16.61,,,,False
11257671.IV.VCEL..EH,11257671,1998,19.98,1993.0,19.93,0.05000000000000071,True
1126121.IV.MAGA..HH,1126121,1835,18.35,1894.0,18.94,0.5899999999999999,True
1126121.IV.RAVA..EH,1126121,2025,20.25,2026.0,20.26,0.010000000000001563,True
1126121.IV.ROVR..HH,1126121,1796,17.96,1810.0,18.1,0.14000000000000057,True
1126121.IV.T0800..HH,1126121,1766,17.66,1770.0,17.7,0.03999999999999915,True
1126121.IV.T0800..HN,1126121,1876,18.76,1878.0,18.78,0.019999999999999574,True
1126121.IV.T0802..HN,1126121,1950,19.5,1945.0,19.45,0.05000000000000071,True
1126121.IV.T0805..HN,1126121,1900,19.0,1078.0,10.78,8.22,True
1126121.IV.T0822..EH,1126121,1821,18.21,1825.0,18.25,0.03999999999999915,True
1126121.IV.TEOL..HH,1126121,2039,20.39,2067.0,20.67,0.28000000000000114,True
11261351.IV.ARVD..HH,11261351,1721,17.21,1039.0,10.39,6.82,True
11261351.IV.ASSB..HH,11261351,1960,19.6,999.0,9.99,9.610000000000001,True
11261351.IV.CESI..HH,11261351,1580,15.8,1587.0,15.870000000000001,0.07000000000000028,True
11261351.IV.CING..HH,11261351,2134,21.34,1200.0,12.0,9.34,True
11261351.IV.CSP1..EH,11261351,1830,18.3,1825.0,18.25,0.05000000000000071,True
11261351.IV.EL6..EH,11261351,2012,20.12,2029.0,20.29,0.16999999999999815,True
11261351.IV.FDMO..HH,11261351,1921,19.21,1901.0,19.01,0.1999999999999993,True
11261351.IV.FEMA..HN,11261351,1926,19.26,1915.0,19.150000000000002,0.10999999999999943,True
11261351.IV.FOSV..EH,11261351,1959,19.59,2030.0,20.3,0.7100000000000009,True
11261351.IV.FOSV..HN,11261351,1741,17.41,,,,False
11261351.IV.GUMA..HH,11261351,1678,16.78,1718.0,17.18,0.3999999999999986,True
11261351.IV.GUMA..HN,11261351,1703,17.03,,,,False
11261351.IV.MC2..EH,11261351,2071,20.71,999.0,9.99,10.72,True
11261351.IV.MMO1..EH,11261351,1914,19.14,1923.0,19.23,0.08999999999999986,True
11261351.IV.MMO1..HN,11261351,1982,19.82,,,,False
11261351.IV.SEF1..HN,11261351,1832,18.32,2244.0,22.44,4.120000000000001,True
11261351.IV.SNTG..HH,11261351,1976,19.76,2010.0,20.1,0.33999999999999986,True
11261351.IV.SNTG..HN,11261351,1998,19.98,,,,False
11261351.IV.T1215..EH,11261351,1955,19.55,1974.0,19.740000000000002,0.19000000000000128,True
11261351.IV.T1215..HN,11261351,3877,38.77,4410.0,44.1,5.329999999999998,True
11261351.IV.T1216..EH,11261351,2970,29.7,1369.0,13.69,16.009999999999998,True
11261351.IV.T1216..HN,11261351,2747,27.47,2936.0,29.36,1.8900000000000006,True
11261351.IV.T1218..EH,11261351,2368,23.68,2251.0,22.51,1.1699999999999982,True
11261351.IV.T1218..HN,11261351,4597,45.97,8209.0,82.09,36.120000000000005,True
11261351.IV.T1219..EH,11261351,1607,16.07,1604.0,16.04,0.030000000000001137,True
11261351.IV.T1219..HN,11261351,4196,41.96,4208.0,42.08,0.11999999999999744,True
11261351.IV.T1256..HH,11261351,1558,15.58,1561.0,15.610000000000001,0.030000000000001137,True
11261351.IV.T1256..HN,11261351,1716,17.16,1755.0,17.55,0.39000000000000057,True
11261671.IV.CESI..HH,11261671,1984,19.84,1552.0,15.52,4.32,True
11261671.IV.CSP1..EH,11261671,1996,19.96,1996.0,19.96,0.0,True
11261671.IV.FDMO..HH,11261671,1739,17.39,1571.0,15.71,1.6799999999999997,True
11261671.IV.MC2..EH,11261671,1709,17.09,999.0,9.99,7.1,True
11261671.IV.SNTG..HH,11261671,2037,20.37,2034.0,20.34,0.030000000000001137,True
11261671.IV.SNTG..HN,11261671,1993,19.93,2011.0,20.11,0.17999999999999972,True
11261671.IV.T1215..EH,11261671,1825,18.25,1559.0,15.59,2.66,True
11261671.IV.T1215..HN,11261671,2484,24.84,2988.0,29.88,5.039999999999999,True
11261671.IV.T1245..HH,11261671,1785,17.85,999.0,9.99,7.860000000000001,True
11261671.IV.T1256..HH,11261671,1839,18.39,1500.0,15.0,3.3900000000000006,True
11261671.IV.T1256..HN,11261671,1737,17.37,1918.0,19.18,1.8099999999999987,True
1126271.IV.CAMP..HH,1126271,1726,17.26,1756.0,17.56,0.29999999999999716,True
1126271.IV.FDMO..HH,1126271,1745,17.45,1767.0,17.67,0.22000000000000242,True
1126271.IV.LNSS..HH,1126271,1907,19.07,1914.0,19.14,0.07000000000000028,True
1126271.IV.NRCA..HH,1126271,2175,21.75,2175.0,21.75,0.0,True
1126271.IV.NRCA..HN,1126271,2059,20.59,2084.0,20.84,0.25,True
1126271.IV.SMA1..EH,1126271,2161,21.61,2073.0,20.73,0.879999999999999,True
1126271.IV.TERO..HH,1126271,1689,16.89,1707.0,17.07,0.17999999999999972,True
1126271.IV.TERO..HN,1126271,2007,20.07,2052.0,20.52,0.4499999999999993,True
11262801.IV.ARRO..EH,11262801,1748,17.48,1758.0,17.580000000000002,0.10000000000000142,True
11262801.IV.CAMP..HH,11262801,1646,16.46,1668.0,16.68,0.21999999999999886,True
11262801.IV.CESI..HH,11262801,1928,19.28,1074.0,10.74,8.540000000000001,True
11262801.IV.CING..HH,11262801,1955,19.55,1991.0,19.91,0.35999999999999943,True
11262801.IV.FDMO..HH,11262801,2349,23.490000000000002,1044.0,10.44,13.050000000000002,True
11262801.IV.FIAM..HH,11262801,2093,20.93,1110.0,11.1,9.83,True
11262801.IV.FIAM..HN,11262801,2116,21.16,2216.0,22.16,1.0,True
11262801.IV.GIGS..HH,11262801,1598,15.98,1668.0,16.68,0.6999999999999993,True
11262801.IV.GUMA..HH,11262801,1973,19.73,1029.0,10.290000000000001,9.44,True
11262801.IV.GUMA..HN,11262801,1834,18.34,1848.0,18.48,0.14000000000000057,True
11262801.IV.LNSS..HH,11262801,1718,17.18,1376.0,13.76,3.42,True
11262801.IV.MC2..EH,11262801,2144,21.44,999.0,9.99,11.450000000000001,True
11262801.IV.MMO1..HN,11262801,1912,19.12,,,,False
11262801.IV.NRCA..HH,11262801,1757,17.57,999.0,9.99,7.58,True
11262801.IV.OFFI..HH,11262801,1782,17.82,1795.0,17.95,0.129999999999999,True
11262801.IV.RM33..EH,11262801,1730,17.3,999.0,9.99,7.3100000000000005,True
11262801.IV.RM33..HN,11262801,1650,16.5,1699.0,16.990000000000002,0.490000000000002,True
11262801.IV.SNTG..HH,11262801,1842,18.42,1130.0,11.3,7.120000000000001,True
11262801.IV.SNTG..HN,11262801,1637,16.37,,,,False
11262801.IV.T1211..EH,11262801,2411,24.11,2418.0,24.18,0.07000000000000028,True
11262801.IV.T1211..HN,11262801,1789,17.89,1901.0,19.01,1.120000000000001,True
11262801.IV.T1215..EH,11262801,3399,33.99,2803.0,28.03,5.960000000000001,True
11262801.IV.T1215..HN,11262801,3439,34.39,3446.0,34.46,0.07000000000000028,True
11262801.IV.T1216..EH,11262801,2264,22.64,1155.0,11.55,11.09,True
11262801.IV.T1216..HN,11262801,6469,64.69,4116.0,41.160000000000004,23.529999999999994,True
11262801.IV.T1218..EH,11262801,4108,41.08,999.0,9.99,31.089999999999996,True
11262801.IV.T1218..HN,11262801,3617,36.17,3636.0,36.36,0.18999999999999773,True
11262801.IV.T1219..EH,11262801,3360,33.6,999.0,9.99,23.61,True
11262801.IV.T1219..HN,11262801,1953,19.53,999.0,9.99,9.540000000000001,True
11262801.IV.T1241..EH,11262801,1563,15.63,1585.0,15.85,0.21999999999999886,True
11262801.IV.T1241..HN,11262801,1616,16.16,1726.0,17.26,1.1000000000000014,True
11262801.IV.T1243..HH,11262801,1828,18.28,1843.0,18.43,0.14999999999999858,True
11262801.IV.T1243..HN,11262801,1873,18.73,1970.0,19.7,0.9699999999999989,True
11262801.IV.T1245..HH,11262801,1870,18.7,1002.0,10.02,8.68,True
11262801.IV.T1256..HH,11262801,1685,16.85,1700.0,17.0,0.14999999999999858,True
11262801.IV.T1256..HN,11262801,1791,17.91,1814.0,18.14,0.23000000000000043,True
11262801.IV.TERO..HH,11262801,1757,17.57,1645.0,16.45,1.120000000000001,True
11262801.IV.TERO..HN,11262801,2120,21.2,2197.0,21.97,0.7699999999999996,True
1126351.IV.ACER..HH,1126351,1787,17.87,1598.0,15.98,1.8900000000000006,True
1126351.IV.ACER..HN,1126351,1986,19.86,1856.0,18.56,1.3000000000000007,True
1126351.IV.AMUR..HH,1126351,1891,18.91,1901.0,19.01,0.10000000000000142,True
1126351.IV.BULG..HH,1126351,1911,19.11,1922.0,19.22,0.10999999999999943,True
1126351.IV.BULG..HN,1126351,1998,19.98,2251.0,22.51,2.530000000000001,True
1126351.IV.CAFE..HH,1126351,2003,20.03,1971.0,19.71,0.3200000000000003,True
1126351.IV.CAFE..HN,1126351,1984,19.84,1995.0,19.95,0.10999999999999943,True
1126351.IV.CDRU..HH,1126351,2129,21.29,2130.0,21.3,0.010000000000001563,True
1126351.IV.MCEL..HH,1126351,1643,16.43,1658.0,16.580000000000002,0.15000000000000213,True
1126351.IV.MCEL..HN,1126351,1864,18.64,1986.0,19.86,1.2199999999999989,True
1126351.IV.MCRV..HH,1126351,2034,20.34,1974.0,19.740000000000002,0.5999999999999979,True
1126351.IV.MGR..HH,1126351,1866,18.66,1915.0,19.150000000000002,0.490000000000002,True
1126351.IV.MGR..HN,1126351,1830,18.3,,,,False
1126351.IV.MRB1..HH,1126351,1570,15.700000000000001,1578.0,15.780000000000001,0.08000000000000007,True
1126351.IV.MRB1..HN,1126351,1577,15.77,1594.0,15.94,0.16999999999999993,True
1126351.IV.MRLC..HH,1126351,2063,20.63,2040.0,20.400000000000002,0.22999999999999687,True
1126351.IV.MRLC..HN,1126351,1916,19.16,1919.0,19.19,0.030000000000001137,True
1126351.IV.MRVN..HH,1126351,1889,18.89,1915.0,19.150000000000002,0.26000000000000156,True
1126351.IV.MSAG..HH,1126351,1618,16.18,999.0,9.99,6.1899999999999995,True
1126351.IV.MSAG..HN,1126351,1789,17.89,1874.0,18.740000000000002,0.8500000000000014,True
1126351.IV.MTSN..HH,1126351,2039,20.39,2046.0,20.46,0.07000000000000028,True
1126351.IV.PTRJ..HH,1126351,1597,15.97,1590.0,15.9,0.07000000000000028,True
1126351.IV.SGRT..HH,1126351,1991,19.91,1999.0,19.990000000000002,0.08000000000000185,True
1126351.IV.SGTA..HH,1126351,1953,19.53,1972.0,19.72,0.18999999999999773,True
1126351.IV.SGTA..HN,1126351,1946,19.46,2081.0,20.81,1.3499999999999979,True
1126351.IV.SIRI..HH,1126351,2096,20.96,2145.0,21.45,0.48999999999999844,True
1126351.IV.SIRI..HN,1126351,1976,19.76,2082.0,20.82,1.0599999999999987,True
1126351.IV.SNAL..HH,1126351,1621,16.21,1573.0,15.73,0.4800000000000004,True
1126351.IV.VULT..HH,1126351,1730,17.3,1755.0,17.55,0.25,True
11263931.IV.CESI..HH,11263931,1994,19.94,1210.0,12.1,7.840000000000002,True
11263931.IV.CSP1..EH,11263931,1545,15.450000000000001,1573.0,15.73,0.27999999999999936,True
11263931.IV.LNSS..HH,11263931,1896,18.96,999.0,9.99,8.97,True
11263931.IV.MMO1..EH,11263931,1869,18.69,1925.0,19.25,0.5599999999999987,True
11263931.IV.MMO1..HN,11263931,1845,18.45,,,,False
11263931.IV.NRCA..HH,11263931,1917,19.17,1918.0,19.18,0.00999999999999801,True
11263931.IV.NRCA..HN,11263931,1935,19.35,1935.0,19.35,0.0,True
11263931.IV.T1215..EH,11263931,1803,18.03,999.0,9.99,8.040000000000001,True
11263931.IV.T1215..HN,11263931,1916,19.16,1087.0,10.870000000000001,8.29,True
11263931.IV.T1216..EH,11263931,2074,20.740000000000002,999.0,9.99,10.750000000000002,True
11263931.IV.T1216..HN,11263931,2353,23.53,1327.0,13.27,10.260000000000002,True
11263931.IV.T1218..EH,11263931,2406,24.060000000000002,1342.0,13.42,10.640000000000002,True
11263931.IV.T1218..HN,11263931,2093,20.93,1048.0,10.48,10.45,True
11263931.IV.T1245..HH,11263931,1643,16.43,1646.0,16.46,0.030000000000001137,True
11263931.IV.T1245..HN,11263931,1659,16.59,1663.0,16.63,0.03999999999999915,True
11263931.IV.T1256..HH,11263931,1996,19.96,2292.0,22.92,2.960000000000001,True
11263931.IV.T1256..HN,11263931,1907,19.07,2350.0,23.5,4.43,True
11264061.IV.ASQU..HH,11264061,1714,17.14,1676.0,16.76,0.379999999999999,True
11264061.IV.BRIS..HH,11264061,1985,19.85,1966.0,19.66,0.19000000000000128,True
11264061.IV.BRIS..HN,11264061,1960,19.6,1966.0,19.66,0.05999999999999872,True
11264061.IV.BRSN..EH,11264061,1805,18.05,1995.0,19.95,1.8999999999999986,True
11264061.IV.BRSN..HN,11264061,1926,19.26,,,,False
11264061.IV.CAFI..HH,11264061,1928,19.28,1932.0,19.32,0.03999999999999915,True
11264061.IV.CAFI..HN,11264061,2030,20.3,2111.0,21.11,0.8099999999999987,True
11264061.IV.CRE..HH,11264061,1696,16.96,1696.0,16.96,0.0,True
11264061.IV.CRMI..HH,11264061,2037,20.37,2035.0,20.35,0.019999999999999574,True
11264061.IV.CRMI..HN,11264061,2347,23.47,2550.0,25.5,2.030000000000001,True
11264061.IV.CSNT..HH,11264061,2021,20.21,2030.0,20.3,0.08999999999999986,True
11264061.IV.FNVD..HH,11264061,1614,16.14,1619.0,16.19,0.05000000000000071,True
11264061.IV.IMOL..EH,11264061,1973,19.73,2004.0,20.04,0.3099999999999987,True
11264061.IV.IMOL..HN,11264061,1864,18.64,1902.0,19.02,0.379999999999999,True
11264061.IV.LMD..HH,11264061,1805,18.05,1770.0,17.7,0.3500000000000014,True
11264061.IV.MPPT..EH,11264061,1932,19.32,1945.0,19.45,0.129999999999999,True
11264061.IV.MTRZ..HH,11264061,1643,16.43,1700.0,17.0,0.5700000000000003,True
11264061.IV.MTRZ..HN,11264061,1868,18.68,1998.0,19.98,1.3000000000000007,True
11264061.IV.OSSC..HH,11264061,1626,16.26,1630.0,16.3,0.03999999999999915,True
11264061.IV.OSSC..HN,11264061,1562,15.620000000000001,,,,False
11264061.IV.PII..HH,11264061,1698,16.98,1748.0,17.48,0.5,True
11264061.IV.RUFI..EH,11264061,1876,18.76,1849.0,18.490000000000002,0.2699999999999996,True
11264061.IV.SEI..HH,11264061,1937,19.37,1933.0,19.330000000000002,0.03999999999999915,True
11264061.IV.SFI..EH,11264061,1711,17.11,1693.0,16.93,0.17999999999999972,True
11264061.IV.SFI..HN,11264061,1711,17.11,1721.0,17.21,0.10000000000000142,True
11264061.IV.SSP9..EH,11264061,2135,21.35,2137.0,21.37,0.019999999999999574,True
1126491.IV.ACER..HH,1126491,1962,19.62,1981.0,19.81,0.18999999999999773,True
1126491.IV.ACER..HN,1126491,1817,18.17,1868.0,18.68,0.509999999999998,True
1126491.IV.AMUR..HH,1126491,1760,17.6,1701.0,17.01,0.5899999999999999,True
1126491.MN.BLY..HH,1126491,2005,20.05,1988.0,19.88,0.1700000000000017,True
1126491.MN.BLY..HL,1126491,2053,20.53,2074.0,20.740000000000002,0.21000000000000085,True
1126491.IV.BULG..HH,1126491,2092,20.92,2112.0,21.12,0.1999999999999993,True
1126491.IV.BULG..HN,1126491,2021,20.21,2224.0,22.240000000000002,2.030000000000001,True
1126491.IV.CAFE..HH,1126491,1766,17.66,1810.0,18.1,0.4400000000000013,True
1126491.IV.CAFE..HN,1126491,1548,15.48,1749.0,17.490000000000002,2.0100000000000016,True
1126491.IV.CAR1..HH,1126491,1996,19.96,2074.0,20.740000000000002,0.7800000000000011,True
1126491.IV.CAR1..HN,1126491,1936,19.36,8251.0,82.51,63.150000000000006,True
1126491.IV.CDRU..HH,1126491,2085,20.85,2129.0,21.29,0.4399999999999977,True
1126491.IV.CIGN..HH,1126491,2020,20.2,2075.0,20.75,0.5500000000000007,True
1126491.MN.CUC..HH,1126491,1585,15.85,1656.0,16.56,0.7099999999999991,True
1126491.MN.CUC..HL,1126491,1599,15.99,1762.0,17.62,1.6300000000000008,True
1126491.IV.FRES..HH,1126491,1643,16.43,1745.0,17.45,1.0199999999999996,True
1126491.IV.GATE..HH,1126491,1853,18.53,2043.0,20.43,1.8999999999999986,True
1126491.IV.GATE..HN,1126491,1870,18.7,2172.0,21.72,3.0199999999999996,True
1126491.HL.KEK..HH,1126491,1812,18.12,1845.0,18.45,0.3299999999999983,True
1126491.IV.MCRV..HH,1126491,2139,21.39,2167.0,21.67,0.28000000000000114,True
1126491.IV.MELA..HH,1126491,1832,18.32,1893.0,18.93,0.6099999999999994,True
1126491.IV.MELA..HN,1126491,1557,15.57,1721.0,17.21,1.6400000000000006,True
1126491.IV.MGR..HH,1126491,1978,19.78,2027.0,20.27,0.48999999999999844,True
1126491.IV.MGR..HN,1126491,1943,19.43,2290.0,22.900000000000002,3.4700000000000024,True
1126491.IV.MIDA..HH,1126491,1605,16.05,1647.0,16.47,0.41999999999999815,True
1126491.IV.MIDA..HN,1126491,1546,15.46,1676.0,16.76,1.3000000000000007,True
1126491.IV.MRLC..HH,1126491,2279,22.79,2227.0,22.27,0.5199999999999996,True
1126491.IV.MRLC..HN,1126491,2090,20.900000000000002,2164.0,21.64,0.7399999999999984,True
1126491.IV.MSAG..HH,1126491,1732,17.32,1826.0,18.26,0.9400000000000013,True
1126491.IV.MSAG..HN,1126491,1716,17.16,1861.0,18.61,1.4499999999999993,True
1126491.IV.MTSN..HH,1126491,1923,19.23,1958.0,19.580000000000002,0.3500000000000014,True
1126491.IV.NOCI..HH,1126491,1877,18.77,1876.0,18.76,0.00999999999999801,True
1126491.IV.PALZ..HH,1126491,2248,22.48,2250.0,22.5,0.019999999999999574,True
1126491.IV.PLAC..HH,1126491,1775,17.75,1807.0,18.07,0.3200000000000003,True
1126491.IV.PSB1..HH,1126491,1559,15.59,1616.0,16.16,0.5700000000000003,True
1126491.IV.PSB1..HN,1126491,1677,16.77,1891.0,18.91,2.1400000000000006,True
1126491.IV.PTRJ..HH,1126491,1764,17.64,1841.0,18.41,0.7699999999999996,True
1126491.IV.RNI2..HH,1126491,1639,16.39,1684.0,16.84,0.4499999999999993,True
1126491.IV.RNI2..HN,1126491,1785,17.85,1940.0,19.400000000000002,1.5500000000000007,True
1126491.IV.SACR..HH,1126491,1903,19.03,1967.0,19.67,0.6400000000000006,True
1126491.IV.SACR..HN,1126491,2000,20.0,2163.0,21.63,1.629999999999999,True
1126491.IV.SALB..HH,1126491,2001,20.01,2037.0,20.37,0.35999999999999943,True
1126491.IV.SALB..HN,1126491,2042,20.42,2121.0,21.21,0.7899999999999991,True
1126491.IV.SCTE..HH,1126491,2090,20.900000000000002,2111.0,21.11,0.2099999999999973,True
1126491.IV.SERS..HH,1126491,2308,23.080000000000002,2322.0,23.22,0.13999999999999702,True
1126491.IV.SERS..HN,1126491,1995,19.95,2145.0,21.45,1.5,True
1126491.IV.SGG..HH,1126491,1678,16.78,1774.0,17.740000000000002,0.9600000000000009,True
1126491.IV.SGRT..HH,1126491,1821,18.21,1839.0,18.39,0.17999999999999972,True
1126491.IV.SGTA..HH,1126491,1864,18.64,1871.0,18.71,0.07000000000000028,True
1126491.IV.SGTA..HN,1126491,1909,19.09,2156.0,21.56,2.469999999999999,True
1126491.IV.SIRI..HH,1126491,2081,20.81,2145.0,21.45,0.6400000000000006,True
1126491.IV.SIRI..HN,1126491,1944,19.44,2080.0,20.8,1.3599999999999994,True
1126491.IV.SLCN..HH,1126491,1903,19.03,1956.0,19.56,0.5299999999999976,True
1126491.IV.SLCN..HN,1126491,1918,19.18,2310.0,23.1,3.9200000000000017,True
1126491.IV.SNAL..HH,1126491,1955,19.55,1984.0,19.84,0.28999999999999915,True
1126491.MN.TIP..HH,1126491,1864,18.64,2033.0,20.330000000000002,1.6900000000000013,True
1126491.IV.TRIV..HH,1126491,2104,21.04,2216.0,22.16,1.120000000000001,True
11265021.IV.ASSB..HH,11265021,1957,19.57,1932.0,19.32,0.25,True
11265021.IV.ATCC..EH,11265021,2034,20.34,2012.0,20.12,0.21999999999999886,True
11265021.IV.ATFO..HH,11265021,1828,18.28,1850.0,18.5,0.21999999999999886,True
11265021.IV.ATFO..HN,11265021,1782,17.82,1941.0,19.41,1.5899999999999999,True
11265021.IV.ATPI..EH,11265021,1857,18.57,1850.0,18.5,0.07000000000000028,True
11265021.IV.ATVO..HH,11265021,1887,18.87,1881.0,18.81,0.060000000000002274,True
11265021.IV.ATVO..HN,11265021,1934,19.34,,,,False
11265021.IV.CAMP..HH,11265021,1512,15.120000000000001,1502.0,15.02,0.10000000000000142,True
11265021.IV.CESI..HH,11265021,2036,20.36,1980.0,19.8,0.5599999999999987,True
11265021.IV.CESX..HH,11265021,1752,17.52,1759.0,17.59,0.07000000000000028,True
11265021.IV.CING..HH,11265021,2073,20.73,2072.0,20.72,0.010000000000001563,True
11265021.IV.CSP1..EH,11265021,1662,16.62,1632.0,16.32,0.3000000000000007,True
11265021.IV.EL6..EH,11265021,2167,21.67,2171.0,21.71,0.03999999999999915,True
11265021.IV.FAGN..HH,11265021,1962,19.62,1973.0,19.73,0.10999999999999943,True
11265021.IV.FEMA..HN,11265021,1637,16.37,1633.0,16.330000000000002,0.03999999999999915,True
11265021.IV.FIAM..HH,11265021,1837,18.37,1859.0,18.59,0.21999999999999886,True
11265021.IV.FIAM..HN,11265021,1885,18.85,2425.0,24.25,5.399999999999999,True
11265021.IV.FOSV..EH,11265021,2035,20.35,2040.0,20.400000000000002,0.05000000000000071,True
11265021.IV.FOSV..HN,11265021,2030,20.3,2060.0,20.6,0.3000000000000007,True
11265021.IV.GAG1..HN,11265021,1743,17.43,1743.0,17.43,0.0,True
11265021.IV.GIGS..HH,11265021,1585,15.85,1617.0,16.17,0.32000000000000206,True
11265021.IV.GUMA..HH,11265021,1591,15.91,1584.0,15.84,0.07000000000000028,True
11265021.IV.GUMA..HN,11265021,1543,15.43,1553.0,15.530000000000001,0.10000000000000142,True
11265021.IV.LNSS..HH,11265021,1887,18.87,1299.0,12.99,5.880000000000001,True
11265021.IV.MMO1..EH,11265021,1594,15.94,1101.0,11.01,4.93,True
11265021.IV.MMO1..HN,11265021,1655,16.55,1686.0,16.86,0.3099999999999987,True
11265021.IV.MURB..HH,11265021,2123,21.23,2118.0,21.18,0.05000000000000071,True
11265021.IV.MURB..HN,11265021,2011,20.11,2022.0,20.22,0.10999999999999943,True
11265021.IV.NRCA..HH,11265021,1962,19.62,1264.0,12.64,6.98,True
11265021.IV.NRCA..HN,11265021,1978,19.78,1989.0,19.89,0.10999999999999943,True
11265021.IV.OFFI..HH,11265021,2409,24.09,2426.0,24.26,0.1700000000000017,True
11265021.IV.RM33..EH,11265021,1864,18.64,999.0,9.99,8.65,True
11265021.IV.RM33..HN,11265021,1796,17.96,999.0,9.99,7.970000000000001,True
11265021.IV.SEF1..HN,11265021,1664,16.64,1670.0,16.7,0.05999999999999872,True
11265021.IV.SNTG..HH,11265021,1576,15.76,1201.0,12.01,3.75,True
11265021.IV.SNTG..HN,11265021,1546,15.46,1572.0,15.72,0.2599999999999998,True
11265021.IV.SSFR..HH,11265021,1703,17.03,1703.0,17.03,0.0,True
11265021.IV.SSFR..HN,11265021,1676,16.76,1699.0,16.990000000000002,0.23000000000000043,True
11265021.IV.T0110..HH,11265021,1582,15.82,1597.0,15.97,0.15000000000000036,True
11265021.IV.T1211..EH,11265021,2845,28.45,1927.0,19.27,9.18,True
11265021.IV.T1211..HN,11265021,2199,21.990000000000002,2224.0,22.240000000000002,0.25,True
11265021.IV.T1215..EH,11265021,3474,34.74,3472.0,34.72,0.020000000000003126,True
11265021.IV.T1215..HN,11265021,4910,49.1,4914.0,49.14,0.03999999999999915,True
11265021.IV.T1216..EH,11265021,3465,34.65,3472.0,34.72,0.07000000000000028,True
11265021.IV.T1216..HN,11265021,3663,36.63,3679.0,36.79,0.1599999999999966,True
11265021.IV.T1218..EH,11265021,3023,30.23,2224.0,22.240000000000002,7.989999999999998,True
11265021.IV.T1218..HN,11265021,3400,34.0,3408.0,34.08,0.0799999999999983,True
11265021.IV.T1219..EH,11265021,2837,28.37,2821.0,28.21,0.16000000000000014,True
11265021.IV.T1219..HN,11265021,4350,43.5,4355.0,43.550000000000004,0.05000000000000426,True
11265021.IV.T1241..EH,11265021,1885,18.85,1199.0,11.99,6.860000000000001,True
11265021.IV.T1241..HN,11265021,1823,18.23,1835.0,18.35,0.120000000000001,True
11265021.IV.T1243..HH,11265021,1861,18.61,1858.0,18.580000000000002,0.029999999999997584,True
11265021.IV.T1243..HN,11265021,1823,18.23,1837.0,18.37,0.14000000000000057,True
11265021.IV.T1245..HH,11265021,1898,18.98,1493.0,14.93,4.050000000000001,True
11265021.IV.T1245..HN,11265021,1882,18.82,1930.0,19.3,0.4800000000000004,True
11265021.IV.T1247..HH,11265021,1862,18.62,1873.0,18.73,0.10999999999999943,True
11265021.IV.T1256..HH,11265021,1830,18.3,1793.0,17.93,0.370000000000001,True
11265021.IV.TERO..HN,11265021,1998,19.98,2011.0,20.11,0.129999999999999,True
11265021.IV.VCEL..EH,11265021,1807,18.07,1809.0,18.09,0.019999999999999574,True
1126671.IV.FIU..EH,1126671,2059,20.59,2064.0,20.64,0.05000000000000071,True
1126671.IV.MAGA..HH,1126671,2032,20.32,2039.0,20.39,0.07000000000000028,True
1126671.IV.RAVA..EH,1126671,1612,16.12,1677.0,16.77,0.6499999999999986,True
1126671.IV.ROVR..HH,1126671,1644,16.44,1668.0,16.68,0.23999999999999844,True
1126671.IV.T0800..HH,1126671,1889,18.89,1126.0,11.26,7.630000000000001,True
1126671.IV.T0800..HN,1126671,2192,21.92,2187.0,21.87,0.05000000000000071,True
1126671.IV.T0805..HN,1126671,1978,19.78,1983.0,19.830000000000002,0.05000000000000071,True
1126671.IV.T0821..EH,1126671,2045,20.45,2125.0,21.25,0.8000000000000007,True
1126671.IV.T0821..HN,1126671,1852,18.52,1905.0,19.05,0.5300000000000011,True
1126671.IV.TEOL..HH,1126671,1571,15.71,1587.0,15.870000000000001,0.16000000000000014,True
11266821.IV.ATCC..EH,11266821,2090,20.900000000000002,1959.0,19.59,1.3100000000000023,True
11266821.IV.ATCC..HN,11266821,1964,19.64,1968.0,19.68,0.03999999999999915,True
11266821.IV.ATFO..HH,11266821,1816,18.16,1825.0,18.25,0.08999999999999986,True
11266821.IV.ATFO..HN,11266821,1810,18.1,1825.0,18.25,0.14999999999999858,True
11266821.IV.ATMI..HH,11266821,2017,20.17,1987.0,19.87,0.3000000000000007,True
11266821.IV.ATPI..EH,11266821,1691,16.91,1685.0,16.85,0.05999999999999872,True
11266821.IV.ATVO..HH,11266821,2046,20.46,2028.0,20.28,0.17999999999999972,True
11266821.IV.ATVO..HN,11266821,1744,17.44,1786.0,17.86,0.41999999999999815,True
11266821.IV.CAMP..HH,11266821,1903,19.03,1898.0,18.98,0.05000000000000071,True
11266821.IV.CESI..HH,11266821,1530,15.3,999.0,9.99,5.3100000000000005,True
11266821.IV.CESX..HH,11266821,1855,18.55,1863.0,18.63,0.0799999999999983,True
11266821.IV.CING..HH,11266821,1757,17.57,1764.0,17.64,0.07000000000000028,True
11266821.IV.CSP1..EH,11266821,2035,20.35,1308.0,13.08,7.270000000000001,True
11266821.IV.EL6..EH,11266821,1607,16.07,1406.0,14.06,2.01,True
11266821.IV.FAGN..HH,11266821,2211,22.11,2259.0,22.59,0.4800000000000004,True
11266821.IV.FDMO..HH,11266821,2077,20.77,1025.0,10.25,10.52,True
11266821.IV.FEMA..HN,11266821,1701,17.01,1692.0,16.92,0.08999999999999986,True
11266821.IV.FOSV..HN,11266821,1689,16.89,1710.0,17.1,0.21000000000000085,True
11266821.IV.GAG1..HN,11266821,1725,17.25,1725.0,17.25,0.0,True
11266821.IV.GIGS..HH,11266821,1951,19.51,1963.0,19.63,0.11999999999999744,True
11266821.IV.GUMA..HH,11266821,1766,17.66,1755.0,17.55,0.10999999999999943,True
11266821.IV.GUMA..HN,11266821,1718,17.18,1725.0,17.25,0.07000000000000028,True
11266821.IV.LNSS..HH,11266821,1978,19.78,1971.0,19.71,0.07000000000000028,True
11266821.IV.MC2..EH,11266821,1626,16.26,1230.0,12.3,3.960000000000001,True
11266821.IV.MDAR..HN,11266821,1780,17.8,1788.0,17.88,0.0799999999999983,True
11266821.IV.MOMA..HH,11266821,1711,17.11,1737.0,17.37,0.26000000000000156,True
11266821.IV.MOMA..HN,11266821,1603,16.03,1651.0,16.51,0.4800000000000004,True
11266821.IV.MTL1..HN,11266821,1839,18.39,1860.0,18.6,0.21000000000000085,True
11266821.IV.MURB..HH,11266821,1609,16.09,1600.0,16.0,0.08999999999999986,True
11266821.IV.MURB..HN,11266821,1576,15.76,1582.0,15.82,0.0600000000000005,True
11266821.IV.NRCA..HH,11266821,1560,15.6,1302.0,13.02,2.58,True
11266821.IV.NRCA..HN,11266821,1628,16.28,1641.0,16.41,0.129999999999999,True
11266821.IV.OFFI..HH,11266821,1934,19.34,1956.0,19.56,0.21999999999999886,True
11266821.IV.PP3..EH,11266821,1873,18.73,1903.0,19.03,0.3000000000000007,True
11266821.IV.PP3..HN,11266821,1791,17.91,1836.0,18.36,0.4499999999999993,True
11266821.IV.SEF1..HN,11266821,1732,17.32,1734.0,17.34,0.019999999999999574,True
11266821.IV.SMA1..EH,11266821,2077,20.77,2077.0,20.77,0.0,True
11266821.IV.SNTG..HH,11266821,2012,20.12,1744.0,17.44,2.6799999999999997,True
11266821.IV.SNTG..HN,11266821,2078,20.78,2095.0,20.95,0.16999999999999815,True
11266821.IV.SRES..HH,11266821,2077,20.77,1369.0,13.69,7.08,True
11266821.IV.SSFR..HH,11266821,2062,20.62,2075.0,20.75,0.129999999999999,True
11266821.IV.SSFR..HN,11266821,1987,19.87,2017.0,20.17,0.3000000000000007,True
11266821.IV.T0110..HH,11266821,2061,20.61,2045.0,20.45,0.16000000000000014,True
11266821.IV.T1211..EH,11266821,3407,34.07,3410.0,34.1,0.030000000000001137,True
11266821.IV.T1211..HN,11266821,2489,24.89,2502.0,25.02,0.129999999999999,True
11266821.IV.T1215..EH,11266821,4926,49.26,4441.0,44.410000000000004,4.849999999999994,True
11266821.IV.T1215..HN,11266821,3539,35.39,3545.0,35.45,0.060000000000002274,True
11266821.IV.T1216..EH,11266821,4174,41.74,2453.0,24.53,17.21,True
11266821.IV.T1216..HN,11266821,5688,56.88,5017.0,50.17,6.710000000000001,True
11266821.IV.T1218..EH,11266821,2748,27.48,2716.0,27.16,0.3200000000000003,True
11266821.IV.T1218..HN,11266821,1755,17.55,1766.0,17.66,0.10999999999999943,True
11266821.IV.T1219..EH,11266821,2378,23.78,1697.0,16.97,6.810000000000002,True
11266821.IV.T1219..HN,11266821,1826,18.26,1148.0,11.48,6.780000000000001,True
11266821.IV.T1241..EH,11266821,1653,16.53,1545.0,15.450000000000001,1.08,True
11266821.IV.T1241..HN,11266821,1642,16.42,1665.0,16.65,0.22999999999999687,True
11266821.IV.T1243..HH,11266821,1748,17.48,1749.0,17.490000000000002,0.010000000000001563,True
11266821.IV.T1243..HN,11266821,1593,15.93,1609.0,16.09,0.16000000000000014,True
11266821.IV.T1245..HH,11266821,1563,15.63,1540.0,15.4,0.23000000000000043,True
11266821.IV.T1245..HN,11266821,1607,16.07,1619.0,16.19,0.120000000000001,True
11266821.IV.T1246..HH,11266821,1742,17.42,1728.0,17.28,0.14000000000000057,True
11266821.IV.T1247..HH,11266821,1935,19.35,1928.0,19.28,0.07000000000000028,True
11266821.IV.T1256..HH,11266821,1780,17.8,1284.0,12.84,4.960000000000001,True
11266821.IV.T1256..HN,11266821,1864,18.64,1865.0,18.650000000000002,0.010000000000001563,True
11266821.IV.T1299..EH,11266821,1637,16.37,1615.0,16.15,0.22000000000000242,True
11266821.IV.T1299..HN,11266821,1623,16.23,1639.0,16.39,0.16000000000000014,True
11266821.IV.TERO..HN,11266821,1952,19.52,1971.0,19.71,0.19000000000000128,True
11266821.IV.VCEL..EH,11266821,1626,16.26,1621.0,16.21,0.05000000000000071,True
11266841.TV.AG11..EH,11266841,2232,22.32,2202.0,22.02,0.3000000000000007,True
11266841.IV.AMUR..HH,11266841,2019,20.19,1758.0,17.580000000000002,2.6099999999999994,True
11266841.IV.APRC..EH,11266841,1728,17.28,999.0,9.99,7.290000000000001,True
11266841.IV.APRC..HN,11266841,1680,16.8,6192.0,61.92,45.120000000000005,True
11266841.IV.CAPA..HH,11266841,2419,24.19,1367.0,13.67,10.520000000000001,True
11266841.IV.CDRU..HH,11266841,2046,20.46,2024.0,20.240000000000002,0.21999999999999886,True
11266841.IV.CMPR..HH,11266841,1778,17.78,1759.0,17.59,0.19000000000000128,True
11266841.MN.CUC..HH,11266841,1986,19.86,1996.0,19.96,0.10000000000000142,True
11266841.MN.CUC..HN,11266841,1968,19.68,1983.0,19.830000000000002,0.15000000000000213,True
11266841.IV.LTRZ..EH,11266841,1851,18.51,1882.0,18.82,0.3099999999999987,True
11266841.IV.LTRZ..HN,11266841,1895,18.95,2164.0,21.64,2.6900000000000013,True
11266841.IV.MCEL..HH,11266841,1837,18.37,1558.0,15.58,2.790000000000001,True
11266841.IV.MCEL..HN,11266841,1696,16.96,1698.0,16.98,0.019999999999999574,True
11266841.IV.MCRV..HH,11266841,1778,17.78,1778.0,17.78,0.0,True
11266841.IV.MGR..HH,11266841,1845,18.45,1828.0,18.28,0.16999999999999815,True
11266841.IV.MGR..HN,11266841,1655,16.55,1705.0,17.05,0.5,True
11266841.IV.MIGL..HH,11266841,1727,17.27,1732.0,17.32,0.05000000000000071,True
11266841.IV.MRLC..HH,11266841,1600,16.0,1601.0,16.01,0.010000000000001563,True
11266841.IV.MRLC..HN,11266841,1614,16.14,1658.0,16.580000000000002,0.4400000000000013,True
11266841.IV.MRVN..HH,11266841,1732,17.32,1733.0,17.330000000000002,0.010000000000001563,True
11266841.IV.MTSN..HH,11266841,1896,18.96,1849.0,18.490000000000002,0.46999999999999886,True
11266841.IV.NOCI..HH,11266841,2235,22.35,2266.0,22.66,0.3099999999999987,True
11266841.IV.PALZ..HH,11266841,2114,21.14,2103.0,21.03,0.10999999999999943,True
11266841.IV.PTRP..HH,11266841,1932,19.32,1938.0,19.38,0.05999999999999872,True
11266841.BA.PZUN..HH,11266841,2037,20.37,2032.0,20.32,0.05000000000000071,True
11266841.BA.PZUN..HN,11266841,2036,20.36,2041.0,20.41,0.05000000000000071,True
11266841.IV.SALB..HH,11266841,1711,17.11,1707.0,17.07,0.03999999999999915,True
11266841.IV.SALB..HN,11266841,1736,17.36,,,,False
11266841.IV.SCHR..EH,11266841,1798,17.98,1043.0,10.43,7.550000000000001,True
11266841.IV.SGRT..HH,11266841,1793,17.93,1188.0,11.88,6.049999999999999,True
11266841.IV.SGTA..HH,11266841,1607,16.07,1633.0,16.330000000000002,0.26000000000000156,True
11266841.IV.SGTA..HN,11266841,1764,17.64,,,,False
11266841.IV.SIRI..HH,11266841,1916,19.16,999.0,9.99,9.17,True
11266841.IV.SIRI..HN,11266841,1837,18.37,1839.0,18.39,0.019999999999999574,True
11266841.IV.SLCN..HH,11266841,1851,18.51,1810.0,18.1,0.41000000000000014,True
11266841.IV.SLCN..HN,11266841,1746,17.46,1747.0,17.47,0.00999999999999801,True
11266841.IV.SNAL..HH,11266841,1595,15.950000000000001,1593.0,15.93,0.02000000000000135,True
11266841.IV.SNAL..HN,11266841,1728,17.28,2059.0,20.59,3.3099999999999987,True
11266841.IV.VULT..HH,11266841,1611,16.11,1616.0,16.16,0.05000000000000071,True
11266841.IV.VULT..HN,11266841,1721,17.21,1734.0,17.34,0.129999999999999,True
1126901.IV.CAR1..HH,1126901,1935,19.35,2009.0,20.09,0.7399999999999984,True
1126901.IV.CAR1..HN,1126901,1998,19.98,,,,False
1126901.IV.CET2..HH,1126901,1714,17.14,1766.0,17.66,0.5199999999999996,True
1126901.IV.ESLN..HH,1126901,1711,17.11,1755.0,17.55,0.4400000000000013,True
1126901.IV.HAGA..HH,1126901,1977,19.77,1961.0,19.61,0.16000000000000014,True
1126901.IV.HAVL..HH,1126901,1696,16.96,1650.0,16.5,0.46000000000000085,True
1126901.IV.HCRL..HH,1126901,1911,19.11,1895.0,18.95,0.16000000000000014,True
1126901.IV.HLNI..HH,1126901,2007,20.07,1990.0,19.900000000000002,0.16999999999999815,True
1126901.IV.HMDC..HH,1126901,2085,20.85,2066.0,20.66,0.19000000000000128,True
1126901.IV.HVZN..HH,1126901,1907,19.07,1913.0,19.13,0.05999999999999872,True
1126901.IV.JOPP..HH,1126901,2057,20.57,2079.0,20.79,0.21999999999999886,True
1126901.IV.JOPP..HN,1126901,1805,18.05,2078.0,20.78,2.7300000000000004,True
1126901.IV.MCSR..HH,1126901,1637,16.37,1668.0,16.68,0.3099999999999987,True
1126901.IV.MSFR..HH,1126901,1630,16.3,1635.0,16.35,0.05000000000000071,True
1126901.IV.MSRU..HH,1126901,1703,17.03,1714.0,17.14,0.10999999999999943,True
1126901.IV.SERS..HH,1126901,2307,23.07,2311.0,23.11,0.03999999999999915,True
1126901.IV.SERS..HN,1126901,1902,19.02,6806.0,68.06,49.040000000000006,True
1126901.IV.SSY..HH,1126901,2007,20.07,2001.0,20.01,0.05999999999999872,True
11269271.IV.ASSB..HH,11269271,2044,20.44,1570.0,15.700000000000001,4.74,True
11269271.IV.ATCC..EH,11269271,1955,19.55,1975.0,19.75,0.1999999999999993,True
11269271.IV.ATCC..HN,11269271,1961,19.61,2029.0,20.29,0.6799999999999997,True
11269271.IV.CAMP..HH,11269271,1736,17.36,1745.0,17.45,0.08999999999999986,True
11269271.IV.CESI..HH,11269271,1937,19.37,1133.0,11.33,8.040000000000001,True
11269271.IV.CSP1..EH,11269271,1684,16.84,1247.0,12.47,4.369999999999999,True
11269271.IV.FDMO..HH,11269271,1926,19.26,1336.0,13.36,5.900000000000002,True
11269271.IV.FEMA..HN,11269271,1861,18.61,1558.0,15.58,3.0299999999999994,True
11269271.IV.GIGS..HH,11269271,1673,16.73,1695.0,16.95,0.21999999999999886,True
11269271.IV.GUMA..HH,11269271,1621,16.21,1632.0,16.32,0.10999999999999943,True
11269271.IV.GUMA..HN,11269271,1598,15.98,1608.0,16.080000000000002,0.10000000000000142,True
11269271.IV.LNSS..HH,11269271,2101,21.01,2104.0,21.04,0.029999999999997584,True
11269271.IV.MMO1..EH,11269271,2023,20.23,2030.0,20.3,0.07000000000000028,True
11269271.IV.MMO1..HN,11269271,1830,18.3,1972.0,19.72,1.4199999999999982,True
11269271.IV.NRCA..HH,11269271,1590,15.9,1166.0,11.66,4.24,True
11269271.IV.NRCA..HN,11269271,1590,15.9,1578.0,15.780000000000001,0.11999999999999922,True
11269271.IV.OFFI..HH,11269271,1525,15.25,1643.0,16.43,1.1799999999999997,True
11269271.IV.RM33..EH,11269271,1886,18.86,1894.0,18.94,0.08000000000000185,True
11269271.IV.RM33..HN,11269271,1887,18.87,1930.0,19.3,0.4299999999999997,True
11269271.IV.SMA1..EH,11269271,2076,20.76,2079.0,20.79,0.029999999999997584,True
11269271.IV.SNTG..HH,11269271,1861,18.61,1198.0,11.98,6.629999999999999,True
11269271.IV.SNTG..HN,11269271,1832,18.32,1877.0,18.77,0.4499999999999993,True
11269271.IV.T1215..EH,11269271,3428,34.28,2625.0,26.25,8.030000000000001,True
11269271.IV.T1215..HN,11269271,4379,43.79,4397.0,43.97,0.17999999999999972,True
11269271.IV.T1216..EH,11269271,3087,30.87,3074.0,30.740000000000002,0.129999999999999,True
11269271.IV.T1216..HN,11269271,2349,23.490000000000002,2339.0,23.39,0.10000000000000142,True
11269271.IV.T1218..EH,11269271,2522,25.22,2500.0,25.0,0.21999999999999886,True
11269271.IV.T1218..HN,11269271,2284,22.84,2288.0,22.88,0.03999999999999915,True
11269271.IV.T1219..EH,11269271,5162,51.620000000000005,999.0,9.99,41.63,True
11269271.IV.T1219..HN,11269271,3686,36.86,1273.0,12.73,24.13,True
11269271.IV.T1241..EH,11269271,1686,16.86,1691.0,16.91,0.05000000000000071,True
11269271.IV.T1241..HN,11269271,1653,16.53,1675.0,16.75,0.21999999999999886,True
11269271.IV.T1243..HH,11269271,1588,15.88,1602.0,16.02,0.1399999999999988,True
11269271.IV.T1243..HN,11269271,1577,15.77,1599.0,15.99,0.22000000000000064,True
11269271.IV.T1245..HH,11269271,2030,20.3,1986.0,19.86,0.4400000000000013,True
11269271.IV.T1245..HN,11269271,2092,20.92,2087.0,20.87,0.05000000000000071,True
11269271.IV.T1256..HH,11269271,1755,17.55,1006.0,10.06,7.49,True
11269271.IV.T1256..HN,11269271,1685,16.85,1710.0,17.1,0.25,True
11271141.IV.CESI..HH,11271141,2034,20.34,2051.0,20.51,0.1700000000000017,True
11271141.IV.CSP1..EH,11271141,1827,18.27,1842.0,18.42,0.15000000000000213,True
11271141.IV.FDMO..HH,11271141,1964,19.64,1969.0,19.69,0.05000000000000071,True
11271141.IV.MC2..EH,11271141,1991,19.91,1995.0,19.95,0.03999999999999915,True
11271141.IV.MMO1..EH,11271141,1928,19.28,1930.0,19.3,0.019999999999999574,True
11271141.IV.MMO1..HN,11271141,1848,18.48,2284.0,22.84,4.359999999999999,True
11271141.IV.NRCA..HH,11271141,2000,20.0,1999.0,19.990000000000002,0.00999999999999801,True
11271141.IV.NRCA..HN,11271141,2030,20.3,2031.0,20.31,0.00999999999999801,True
11271141.IV.OFFI..HH,11271141,2078,20.78,2085.0,20.85,0.07000000000000028,True
11271141.IV.T1215..EH,11271141,4002,40.02,2632.0,26.32,13.700000000000003,True
11271141.IV.T1215..HN,11271141,2261,22.61,2290.0,22.900000000000002,0.2900000000000027,True
11271141.IV.T1216..EH,11271141,4940,49.4,4970.0,49.7,0.30000000000000426,True
11271141.IV.T1216..HN,11271141,4141,41.410000000000004,4219.0,42.19,0.779999999999994,True
11271141.IV.T1218..EH,11271141,4244,42.44,1764.0,17.64,24.799999999999997,True
11271141.IV.T1218..HN,11271141,2025,20.25,2050.0,20.5,0.25,True
11271141.IV.T1219..EH,11271141,1920,19.2,1925.0,19.25,0.05000000000000071,True
11271141.IV.T1219..HN,11271141,3026,30.26,3691.0,36.910000000000004,6.650000000000002,True
11271141.IV.T1241..EH,11271141,1876,18.76,1882.0,18.82,0.05999999999999872,True
11271141.IV.T1241..HN,11271141,1934,19.34,1952.0,19.52,0.17999999999999972,True
11271141.IV.T1243..HH,11271141,1903,19.03,1056.0,10.56,8.47,True
11271141.IV.T1243..HN,11271141,1939,19.39,1946.0,19.46,0.07000000000000028,True
11271141.IV.T1245..HH,11271141,1928,19.28,1930.0,19.3,0.019999999999999574,True
11271141.IV.T1245..HN,11271141,1900,19.0,1912.0,19.12,0.120000000000001,True
11271141.IV.T1247..HH,11271141,1857,18.57,2121.0,21.21,2.6400000000000006,True
11271141.IV.T1256..HH,11271141,1964,19.64,1964.0,19.64,0.0,True
11271141.IV.T1256..HN,11271141,2027,20.27,2588.0,25.88,5.609999999999999,True
11271611.IV.ARRO..EH,11271611,1563,15.63,1560.0,15.6,0.030000000000001137,True
11271611.IV.CAMP..HH,11271611,2272,22.72,2258.0,22.580000000000002,0.13999999999999702,True
11271611.IV.CESI..HH,11271611,1780,17.8,1778.0,17.78,0.019999999999999574,True
11271611.IV.CSP1..EH,11271611,1923,19.23,1952.0,19.52,0.28999999999999915,True
11271611.IV.FDMO..HH,11271611,2146,21.46,999.0,9.99,11.47,True
11271611.IV.MC2..EH,11271611,1848,18.48,1848.0,18.48,0.0,True
11271611.IV.MMO1..EH,11271611,1639,16.39,1615.0,16.15,0.240000000000002,True
11271611.IV.MMO1..HN,11271611,1676,16.76,1695.0,16.95,0.18999999999999773,True
11271611.IV.NRCA..HH,11271611,1848,18.48,1841.0,18.41,0.07000000000000028,True
11271611.IV.NRCA..HN,11271611,1755,17.55,1756.0,17.56,0.00999999999999801,True
11271611.IV.RM33..EH,11271611,1721,17.21,1692.0,16.92,0.28999999999999915,True
11271611.IV.RM33..HN,11271611,1726,17.26,1737.0,17.37,0.10999999999999943,True
11271611.IV.SMA1..EH,11271611,1809,18.09,1810.0,18.1,0.010000000000001563,True
11271611.IV.T1211..EH,11271611,3422,34.22,1053.0,10.53,23.689999999999998,True
11271611.IV.T1211..HN,11271611,2915,29.150000000000002,2959.0,29.59,0.4399999999999977,True
11271611.IV.T1215..EH,11271611,2706,27.060000000000002,2705.0,27.05,0.010000000000001563,True
11271611.IV.T1215..HN,11271611,2994,29.94,3000.0,30.0,0.05999999999999872,True
11271611.IV.T1216..EH,11271611,2180,21.8,2180.0,21.8,0.0,True
11271611.IV.T1216..HN,11271611,3360,33.6,3371.0,33.71,0.10999999999999943,True
11271611.IV.T1218..EH,11271611,2708,27.080000000000002,2663.0,26.63,0.45000000000000284,True
11271611.IV.T1218..HN,11271611,2327,23.27,2316.0,23.16,0.10999999999999943,True
11271611.IV.T1219..EH,11271611,3353,33.53,3351.0,33.51,0.020000000000003126,True
11271611.IV.T1219..HN,11271611,3525,35.25,3554.0,35.54,0.28999999999999915,True
11271611.IV.T1245..HH,11271611,1816,18.16,1797.0,17.97,0.19000000000000128,True
11271611.IV.T1245..HN,11271611,1921,19.21,1922.0,19.22,0.00999999999999801,True
11271611.IV.T1256..HH,11271611,1557,15.57,1558.0,15.58,0.009999999999999787,True
11271611.IV.T1256..HN,11271611,1560,15.6,1589.0,15.89,0.2900000000000009,True
11271731.IV.ARRO..EH,11271731,1952,19.52,1973.0,19.73,0.21000000000000085,True
11271731.IV.CAMP..HH,11271731,1682,16.82,1250.0,12.5,4.32,True
11271731.IV.CESI..HH,11271731,1644,16.44,1646.0,16.46,0.019999999999999574,True
11271731.IV.FAGN..HH,11271731,1576,15.76,1605.0,16.05,0.2900000000000009,True
11271731.IV.GIGS..HH,11271731,1961,19.61,1959.0,19.59,0.019999999999999574,True
11271731.IV.LNSS..HH,11271731,1826,18.26,1829.0,18.29,0.029999999999997584,True
11271731.IV.MC2..EH,11271731,1745,17.45,1754.0,17.54,0.08999999999999986,True
11271731.IV.NRCA..HH,11271731,1705,17.05,1706.0,17.06,0.00999999999999801,True
11271731.IV.NRCA..HN,11271731,1707,17.07,1710.0,17.1,0.030000000000001137,True
11271731.IV.RM33..EH,11271731,2064,20.64,1073.0,10.73,9.91,True
11271731.IV.RM33..HN,11271731,1903,19.03,1902.0,19.02,0.010000000000001563,True
11271731.IV.SMA1..EH,11271731,1773,17.73,1073.0,10.73,7.0,True
11271731.IV.T0110..HH,11271731,1875,18.75,1885.0,18.85,0.10000000000000142,True
11271731.IV.T1211..EH,11271731,3847,38.47,2498.0,24.98,13.489999999999998,True
11271731.IV.T1211..HN,11271731,1825,18.25,1837.0,18.37,0.120000000000001,True
11271731.IV.T1215..EH,11271731,2088,20.88,2090.0,20.900000000000002,0.020000000000003126,True
11271731.IV.T1215..HN,11271731,2236,22.36,2257.0,22.57,0.21000000000000085,True
11271731.IV.T1216..EH,11271731,1794,17.94,1800.0,18.0,0.05999999999999872,True
11271731.IV.T1216..HN,11271731,4241,42.410000000000004,2634.0,26.34,16.070000000000004,True
11271731.IV.T1218..EH,11271731,2357,23.57,2334.0,23.34,0.23000000000000043,True
11271731.IV.T1218..HN,11271731,2014,20.14,2009.0,20.09,0.05000000000000071,True
11271731.IV.T1241..EH,11271731,2007,20.07,999.0,9.99,10.08,True
11271731.IV.T1243..HH,11271731,1689,16.89,1686.0,16.86,0.030000000000001137,True
11271731.IV.T1243..HN,11271731,1684,16.84,1687.0,16.87,0.030000000000001137,True
11271731.IV.T1245..HH,11271731,2019,20.19,2017.0,20.17,0.019999999999999574,True
11271731.IV.T1245..HN,11271731,2036,20.36,2083.0,20.830000000000002,0.4700000000000024,True
11271731.IV.T1247..HH,11271731,1791,17.91,1793.0,17.93,0.019999999999999574,True
11271731.IV.T1256..HH,11271731,1569,15.69,1577.0,15.77,0.08000000000000007,True
11271731.IV.T1256..HN,11271731,1562,15.620000000000001,1837.0,18.37,2.75,True
11271731.IV.VCEL..EH,11271731,1664,16.64,1326.0,13.26,3.380000000000001,True
11272151.IV.AOI..HH,11272151,1614,16.14,1611.0,16.11,0.030000000000001137,True
11272151.IV.APEC..HH,11272151,1973,19.73,1997.0,19.97,0.23999999999999844,True
11272151.IV.APEC..HN,11272151,1950,19.5,,,,False
11272151.IV.APRC..EH,11272151,1961,19.61,2208.0,22.080000000000002,2.4700000000000024,True
11272151.IV.APRC..HN,11272151,1732,17.32,,,,False
11272151.IV.ARCI..HH,11272151,1687,16.87,1793.0,17.93,1.0599999999999987,True
11272151.IV.ARRO..EH,11272151,1868,18.68,1852.0,18.52,0.16000000000000014,True
11272151.IV.ARVD..HH,11272151,1907,19.07,1500.0,15.0,4.07,True
11272151.IV.ASQU..HH,11272151,2002,20.02,2077.0,20.77,0.75,True
11272151.IV.ATCC..EH,11272151,1820,18.2,1770.0,17.7,0.5,True
11272151.IV.ATFO..HH,11272151,1757,17.57,1742.0,17.42,0.14999999999999858,True
11272151.IV.ATFO..HN,11272151,1739,17.39,1744.0,17.44,0.05000000000000071,True
11272151.IV.ATLO..EH,11272151,1996,19.96,1981.0,19.81,0.15000000000000213,True
11272151.IV.ATLO..HN,11272151,1935,19.35,1951.0,19.51,0.16000000000000014,True
11272151.IV.ATMC..EH,11272151,1962,19.62,1860.0,18.6,1.0199999999999996,True
11272151.IV.ATMI..HH,11272151,1943,19.43,2107.0,21.07,1.6400000000000006,True
11272151.IV.ATPC..HH,11272151,1961,19.61,1264.0,12.64,6.969999999999999,True
11272151.IV.ATPC..HN,11272151,1998,19.98,1345.0,13.450000000000001,6.529999999999999,True
11272151.IV.ATPI..EH,11272151,2000,20.0,1980.0,19.8,0.1999999999999993,True
11272151.IV.ATVO..HH,11272151,1878,18.78,1841.0,18.41,0.370000000000001,True
11272151.IV.ATVO..HN,11272151,1769,17.69,1777.0,17.77,0.0799999999999983,True
11272151.IV.BADI..EH,11272151,1748,17.48,1754.0,17.54,0.05999999999999872,True
11272151.IV.BSSO..HH,11272151,2198,21.98,2723.0,27.23,5.25,True
11272151.IV.BSSO..HN,11272151,2012,20.12,2499.0,24.990000000000002,4.870000000000001,True
11272151.IV.CADA..HN,11272151,1792,17.92,1957.0,19.57,1.6499999999999986,True
11272151.IV.CAFI..HH,11272151,1866,18.66,1867.0,18.67,0.010000000000001563,True
11272151.IV.CAFI..HN,11272151,1845,18.45,1874.0,18.740000000000002,0.2900000000000027,True
11272151.IV.CAMP..HH,11272151,1896,18.96,1865.0,18.650000000000002,0.3099999999999987,True
11272151.IV.CERA..HH,11272151,1597,15.97,1691.0,16.91,0.9399999999999995,True
11272151.IV.CERA..HN,11272151,1648,16.48,2002.0,20.02,3.539999999999999,True
11272151.IV.CERT..HH,11272151,1635,16.35,1662.0,16.62,0.2699999999999996,True
11272151.IV.CESI..HH,11272151,1612,16.12,1572.0,15.72,0.40000000000000036,True
11272151.IV.CESX..HH,11272151,1591,15.91,1576.0,15.76,0.15000000000000036,True
11272151.IV.CIGN..HH,11272151,1832,18.32,2105.0,21.05,2.7300000000000004,True
11272151.OX.CIMO..HH,11272151,1925,19.25,1973.0,19.73,0.4800000000000004,True
11272151.OX.CIMO..HN,11272151,2162,21.62,2230.0,22.3,0.6799999999999997,True
11272151.IV.CING..HH,11272151,2121,21.21,2090.0,20.900000000000002,0.3099999999999987,True
11272151.IV.CRE..HH,11272151,1870,18.7,1866.0,18.66,0.03999999999999915,True
11272151.IV.CSP1..EH,11272151,1637,16.37,1555.0,15.55,0.8200000000000003,True
11272151.IV.EL6..EH,11272151,2002,20.02,1966.0,19.66,0.35999999999999943,True
11272151.IV.FAGN..HH,11272151,1739,17.39,1567.0,15.67,1.7200000000000006,True
11272151.IV.FDMO..HH,11272151,1723,17.23,1530.0,15.3,1.9299999999999997,True
11272151.IV.FEMA..HN,11272151,1764,17.64,1721.0,17.21,0.4299999999999997,True
11272151.IV.FIAM..HH,11272151,1939,19.39,1419.0,14.19,5.200000000000001,True
11272151.IV.FIAM..HN,11272151,2157,21.57,1635.0,16.35,5.219999999999999,True
11272151.IV.FIU1..HN,11272151,1632,16.32,1664.0,16.64,0.3200000000000003,True
11272151.IV.FRON..EH,11272151,2053,20.53,2030.0,20.3,0.23000000000000043,True
11272151.IV.FSSB..HH,11272151,2084,20.84,2072.0,20.72,0.120000000000001,True
11272151.IV.GAG1..HN,11272151,1964,19.64,1977.0,19.77,0.129999999999999,True
11272151.IV.GIGS..HH,11272151,1639,16.39,1639.0,16.39,0.0,True
11272151.IV.GUMA..HH,11272151,1961,19.61,1909.0,19.09,0.5199999999999996,True
11272151.IV.GUMA..HN,11272151,1755,17.55,1729.0,17.29,0.26000000000000156,True
11272151.IV.INTR..HH,11272151,1739,17.39,1748.0,17.48,0.08999999999999986,True
11272151.IV.INTR..HN,11272151,1705,17.05,1758.0,17.580000000000002,0.5300000000000011,True
11272151.IV.LATB..EH,11272151,1912,19.12,2153.0,21.53,2.41,True
11272151.IV.LNSS..HH,11272151,1680,16.8,1616.0,16.16,0.6400000000000006,True
11272151.IV.LRP..HH,11272151,2391,23.91,2191.0,21.91,2.0,True
11272151.IV.MA9..HH,11272151,1962,19.62,2774.0,27.740000000000002,8.120000000000001,True
11272151.IV.MC2..EH,11272151,1628,16.28,1550.0,15.5,0.7800000000000011,True
11272151.IV.MCIV..HH,11272151,2007,20.07,2144.0,21.44,1.370000000000001,True
11272151.IV.MDAR..HN,11272151,1556,15.56,1559.0,15.59,0.02999999999999936,True
11272151.IV.MGAB..HN,11272151,2023,20.23,2045.0,20.45,0.21999999999999886,True
11272151.IV.MIDA..HH,11272151,1673,16.73,1715.0,17.150000000000002,0.4200000000000017,True
11272151.IV.MIDA..HN,11272151,1855,18.55,1933.0,19.330000000000002,0.7800000000000011,True
11272151.IV.MMUR..HN,11272151,1992,19.92,2005.0,20.05,0.129999999999999,True
11272151.IV.MNTP..HN,11272151,1712,17.12,1054.0,10.540000000000001,6.58,True
11272151.IV.MOMA..HH,11272151,1844,18.44,1852.0,18.52,0.0799999999999983,True
11272151.IV.MOMA..HN,11272151,1907,19.07,1919.0,19.19,0.120000000000001,True
11272151.IV.MPAG..EH,11272151,2093,20.93,2075.0,20.75,0.17999999999999972,True
11272151.IV.MPAG..HN,11272151,1989,19.89,3205.0,32.05,12.159999999999997,True
11272151.OX.MPRI..HH,11272151,1887,18.87,1992.0,19.92,1.0500000000000007,True
11272151.OX.MPRI..HN,11272151,1980,19.8,2154.0,21.54,1.7399999999999984,True
11272151.IV.MTCE..HH,11272151,1921,19.21,1922.0,19.22,0.00999999999999801,True
11272151.IV.MTL1..HN,11272151,1651,16.51,1530.0,15.3,1.2100000000000009,True
11272151.IV.MURB..HH,11272151,1814,18.14,1795.0,17.95,0.19000000000000128,True
11272151.IV.MURB..HN,11272151,1646,16.46,1649.0,16.490000000000002,0.030000000000001137,True
11272151.IV.NRCA..HH,11272151,1977,19.77,1907.0,19.07,0.6999999999999993,True
11272151.IV.NRCA..HN,11272151,1987,19.87,1960.0,19.6,0.2699999999999996,True
11272151.IV.OFFI..HH,11272151,1692,16.92,1710.0,17.1,0.17999999999999972,True
11272151.IV.PCRO..HN,11272151,1581,15.81,1781.0,17.81,1.9999999999999982,True
11272151.IV.PE3..EH,11272151,1820,18.2,1823.0,18.23,0.030000000000001137,True
11272151.IV.PESA..HH,11272151,1971,19.71,2100.0,21.0,1.2899999999999991,True
11272151.IV.PIEI..HH,11272151,1821,18.21,999.0,9.99,8.22,True
11272151.IV.PIEI..HN,11272151,1668,16.68,1720.0,17.2,0.5199999999999996,True
11272151.IV.POFI..HH,11272151,2297,22.97,2413.0,24.13,1.1600000000000001,True
11272151.IV.POFI..HN,11272151,2390,23.900000000000002,2798.0,27.98,4.079999999999998,True
11272151.IV.PP3..EH,11272151,1770,17.7,1892.0,18.92,1.2200000000000024,True
11272151.IV.PP3..HN,11272151,1734,17.34,1860.0,18.6,1.2600000000000016,True
11272151.IV.PTQR..HH,11272151,1630,16.3,1682.0,16.82,0.5199999999999996,True
11272151.IV.PTRJ..HH,11272151,1590,15.9,1974.0,19.740000000000002,3.8400000000000016,True
11272151.IV.PTRJ..HN,11272151,1575,15.75,,,,False
11272151.IV.RM33..EH,11272151,1819,18.19,1254.0,12.540000000000001,5.65,True
11272151.IV.RM33..HN,11272151,1873,18.73,1880.0,18.8,0.07000000000000028,True
11272151.IV.RNI2..HN,11272151,2180,21.8,1098.0,10.98,10.82,True
11272151.OX.SABO..HH,11272151,2082,20.82,2133.0,21.330000000000002,0.5100000000000016,True
11272151.OX.SABO..HN,11272151,2107,21.07,5351.0,53.51,32.44,True
11272151.IV.SACR..HH,11272151,1777,17.77,2174.0,21.740000000000002,3.9700000000000024,True
11272151.IV.SACR..HN,11272151,1585,15.85,,,,False
11272151.IV.SACS..HH,11272151,1812,18.12,1892.0,18.92,0.8000000000000007,True
11272151.IV.SACS..HN,11272151,2241,22.41,2375.0,23.75,1.3399999999999999,True
11272151.IV.SEF1..HN,11272151,1909,19.09,1913.0,19.13,0.03999999999999915,True
11272151.IV.SENI..EH,11272151,1882,18.82,2188.0,21.88,3.0599999999999987,True
11272151.IV.SFI..EH,11272151,1682,16.82,1767.0,17.67,0.8500000000000014,True
11272151.IV.SFI..HN,11272151,1671,16.71,,,,False
11272151.IV.SGRT..HH,11272151,1828,18.28,2002.0,20.02,1.7399999999999984,True
11272151.IV.SMA1..EH,11272151,1646,16.46,1631.0,16.31,0.15000000000000213,True
11272151.IV.SNTG..HH,11272151,1807,18.07,1760.0,17.6,0.46999999999999886,True
11272151.IV.SNTG..HN,11272151,1809,18.09,1814.0,18.14,0.05000000000000071,True
11272151.IV.SRES..HH,11272151,1925,19.25,1967.0,19.67,0.4200000000000017,True
11272151.IV.SSFR..HH,11272151,1884,18.84,1877.0,18.77,0.07000000000000028,True
11272151.IV.SSFR..HN,11272151,1866,18.66,1868.0,18.68,0.019999999999999574,True
11272151.IV.SSP9..EH,11272151,1726,17.26,1333.0,13.33,3.9300000000000015,True
11272151.IV.STAL..HH,11272151,1750,17.5,1770.0,17.7,0.1999999999999993,True
11272151.IV.STAL..HN,11272151,1687,16.87,,,,False
11272151.IV.T0110..HH,11272151,1701,17.01,1721.0,17.21,0.1999999999999993,True
11272151.IV.T1201..HN,11272151,1820,18.2,1790.0,17.900000000000002,0.29999999999999716,True
11272151.IV.T1202..EH,11272151,1887,18.87,1845.0,18.45,0.4200000000000017,True
11272151.IV.T1204..EH,11272151,2089,20.89,2068.0,20.68,0.21000000000000085,True
11272151.IV.T1211..EH,11272151,3443,34.43,3396.0,33.96,0.46999999999999886,True
11272151.IV.T1211..HN,11272151,4135,41.35,4128.0,41.28,0.07000000000000028,True
11272151.IV.T1212..EH,11272151,2102,21.02,1637.0,16.37,4.649999999999999,True
11272151.IV.T1212..HN,11272151,4125,41.25,1466.0,14.66,26.59,True
11272151.IV.T1213..EH,11272151,2756,27.560000000000002,2743.0,27.43,0.13000000000000256,True
11272151.IV.T1213..HN,11272151,2273,22.73,2275.0,22.75,0.019999999999999574,True
11272151.IV.T1215..EH,11272151,1850,18.5,1781.0,17.81,0.6900000000000013,True
11272151.IV.T1215..HN,11272151,4052,40.52,4027.0,40.27,0.25,True
11272151.IV.T1216..EH,11272151,2706,27.060000000000002,1025.0,10.25,16.810000000000002,True
11272151.IV.T1216..HN,11272151,2799,27.990000000000002,2752.0,27.52,0.4700000000000024,True
11272151.IV.T1217..EH,11272151,2504,25.04,1741.0,17.41,7.629999999999999,True
11272151.IV.T1217..HN,11272151,4426,44.26,1433.0,14.33,29.93,True
11272151.IV.T1218..EH,11272151,2502,25.02,2432.0,24.32,0.6999999999999993,True
11272151.IV.T1218..HN,11272151,2555,25.55,2532.0,25.32,0.23000000000000043,True
11272151.IV.T1219..EH,11272151,1903,19.03,1834.0,18.34,0.6900000000000013,True
11272151.IV.T1219..HN,11272151,4484,44.84,2296.0,22.96,21.880000000000003,True
11272151.IV.T1221..EH,11272151,2120,21.2,2061.0,20.61,0.5899999999999999,True
11272151.IV.T1221..HN,11272151,4642,46.42,1082.0,10.82,35.6,True
11272151.IV.T1243..HH,11272151,1619,16.19,1609.0,16.09,0.10000000000000142,True
11272151.IV.T1243..HN,11272151,1605,16.05,1613.0,16.13,0.0799999999999983,True
11272151.IV.T1244..EH,11272151,1959,19.59,999.0,9.99,9.6,True
11272151.IV.T1244..HN,11272151,1959,19.59,1965.0,19.650000000000002,0.060000000000002274,True
11272151.IV.T1245..HH,11272151,2188,21.88,2130.0,21.3,0.5799999999999983,True
11272151.IV.T1246..HH,11272151,2037,20.37,2005.0,20.05,0.3200000000000003,True
11272151.IV.T1247..HH,11272151,1912,19.12,1067.0,10.67,8.450000000000001,True
11272151.IV.T1256..HH,11272151,1923,19.23,1843.0,18.43,0.8000000000000007,True
11272151.IV.T1256..HN,11272151,1818,18.18,1787.0,17.87,0.3099999999999987,True
11272151.IV.T1299..EH,11272151,1603,16.03,1555.0,15.55,0.4800000000000004,True
11272151.IV.T1299..HN,11272151,1619,16.19,1616.0,16.16,0.030000000000001137,True
11272151.IV.TOLF..HH,11272151,2094,20.94,2123.0,21.23,0.28999999999999915,True
11272151.IV.TRTR..HH,11272151,1741,17.41,1917.0,19.17,1.7600000000000016,True
11272151.IV.VAGA..HH,11272151,1964,19.64,2139.0,21.39,1.75,True
11272151.IV.VAGA..HN,11272151,1964,19.64,2434.0,24.34,4.699999999999999,True
11272151.IV.VCEL..EH,11272151,1959,19.59,1961.0,19.61,0.019999999999999574,True
11272151.IV.VVLD..HH,11272151,1951,19.51,1385.0,13.85,5.660000000000002,True
11272321.IV.ARRO..EH,11272321,1830,18.3,1831.0,18.31,0.00999999999999801,True
11272321.IV.ARVD..HH,11272321,2060,20.6,2067.0,20.67,0.07000000000000028,True
11272321.IV.ASSB..HH,11272321,2106,21.06,1983.0,19.830000000000002,1.2299999999999969,True
11272321.IV.ATCC..EH,11272321,1887,18.87,1869.0,18.69,0.17999999999999972,True
11272321.IV.ATCC..HN,11272321,1926,19.26,1929.0,19.29,0.029999999999997584,True
11272321.IV.ATFO..HH,11272321,1903,19.03,1901.0,19.01,0.019999999999999574,True
11272321.IV.ATFO..HN,11272321,1932,19.32,1944.0,19.44,0.120000000000001,True
11272321.IV.ATLO..EH,11272321,1937,19.37,1937.0,19.37,0.0,True
11272321.IV.ATLO..HN,11272321,1939,19.39,1971.0,19.71,0.3200000000000003,True
11272321.IV.ATSC..EH,11272321,1703,17.03,1710.0,17.1,0.07000000000000028,True
11272321.IV.ATVO..HH,11272321,1982,19.82,1967.0,19.67,0.14999999999999858,True
11272321.IV.ATVO..HN,11272321,1885,18.85,1919.0,19.19,0.33999999999999986,True
11272321.IV.CAMP..HH,11272321,2138,21.38,2128.0,21.28,0.09999999999999787,True
11272321.IV.CESI..HH,11272321,1803,18.03,1767.0,17.67,0.35999999999999943,True
11272321.IV.CESX..HH,11272321,1978,19.78,1977.0,19.77,0.010000000000001563,True
11272321.IV.CING..HH,11272321,1789,17.89,1782.0,17.82,0.07000000000000028,True
11272321.IV.CSP1..EH,11272321,1599,15.99,1184.0,11.84,4.15,True
11272321.IV.EL6..EH,11272321,1571,15.71,1547.0,15.47,0.2400000000000002,True
11272321.IV.FDMO..HH,11272321,1712,17.12,1036.0,10.36,6.760000000000002,True
11272321.IV.FEMA..HN,11272321,1936,19.36,1407.0,14.07,5.289999999999999,True
11272321.IV.FIAM..HH,11272321,1675,16.75,1687.0,16.87,0.120000000000001,True
11272321.IV.FIAM..HN,11272321,1586,15.860000000000001,1691.0,16.91,1.049999999999999,True
11272321.IV.FRON..EH,11272321,1811,18.11,1811.0,18.11,0.0,True
11272321.IV.FSSB..HH,11272321,2118,21.18,2129.0,21.29,0.10999999999999943,True
11272321.IV.GAG1..HN,11272321,1852,18.52,1880.0,18.8,0.28000000000000114,True
11272321.IV.GIGS..HH,11272321,1632,16.32,1632.0,16.32,0.0,True
11272321.IV.GUMA..HH,11272321,1934,19.34,1915.0,19.150000000000002,0.18999999999999773,True
11272321.IV.GUMA..HN,11272321,1848,18.48,1851.0,18.51,0.030000000000001137,True
11272321.IV.LNSS..HH,11272321,1586,15.860000000000001,1566.0,15.66,0.20000000000000107,True
11272321.IV.MC2..EH,11272321,1948,19.48,1179.0,11.790000000000001,7.6899999999999995,True
11272321.IV.MDAR..HN,11272321,1669,16.69,1667.0,16.67,0.019999999999999574,True
11272321.IV.MMO1..EH,11272321,1762,17.62,1741.0,17.41,0.21000000000000085,True
11272321.IV.MMO1..HN,11272321,1743,17.43,1760.0,17.6,0.1700000000000017,True
11272321.IV.MOMA..HH,11272321,1661,16.61,1746.0,17.46,0.8500000000000014,True
11272321.IV.MOMA..HN,11272321,1696,16.96,1765.0,17.650000000000002,0.6900000000000013,True
11272321.IV.MPAG..EH,11272321,1605,16.05,1615.0,16.15,0.09999999999999787,True
11272321.IV.MPAG..HN,11272321,1574,15.74,1205.0,12.05,3.6899999999999995,True
11272321.IV.MTL1..HN,11272321,1732,17.32,1817.0,18.17,0.8500000000000014,True
11272321.IV.MURB..HH,11272321,1636,16.36,1636.0,16.36,0.0,True
11272321.IV.NRCA..HH,11272321,1716,17.16,1493.0,14.93,2.2300000000000004,True
11272321.IV.NRCA..HN,11272321,1664,16.64,1665.0,16.65,0.00999999999999801,True
11272321.IV.PIEI..HH,11272321,1673,16.73,1682.0,16.82,0.08999999999999986,True
11272321.IV.PIEI..HN,11272321,1768,17.68,2181.0,21.81,4.129999999999999,True
11272321.IV.RM33..EH,11272321,1677,16.77,1657.0,16.57,0.1999999999999993,True
11272321.IV.RM33..HN,11272321,1578,15.780000000000001,1647.0,16.47,0.6899999999999977,True
11272321.IV.SEF1..HN,11272321,1898,18.98,1902.0,19.02,0.03999999999999915,True
11272321.IV.SNTG..HH,11272321,1703,17.03,1695.0,16.95,0.08000000000000185,True
11272321.IV.SNTG..HN,11272321,1574,15.74,1586.0,15.860000000000001,0.120000000000001,True
11272321.IV.SSFR..HH,11272321,1911,19.11,1910.0,19.1,0.00999999999999801,True
11272321.IV.SSFR..HN,11272321,1836,18.36,1859.0,18.59,0.23000000000000043,True
11272321.IV.T0110..HH,11272321,1607,16.07,1591.0,15.91,0.16000000000000014,True
11272321.IV.T1201..HN,11272321,2055,20.55,1505.0,15.05,5.5,True
11272321.IV.T1204..EH,11272321,1905,19.05,1914.0,19.14,0.08999999999999986,True
11272321.IV.T1211..EH,11272321,3431,34.31,3410.0,34.1,0.21000000000000085,True
11272321.IV.T1211..HN,11272321,2510,25.1,2535.0,25.35,0.25,True
11272321.IV.T1212..EH,11272321,2367,23.67,2340.0,23.400000000000002,0.2699999999999996,True
11272321.IV.T1212..HN,11272321,3143,31.43,3129.0,31.29,0.14000000000000057,True
11272321.IV.T1215..EH,11272321,3102,31.02,1169.0,11.69,19.33,True
11272321.IV.T1215..HN,11272321,3168,31.68,3161.0,31.61,0.07000000000000028,True
11272321.IV.T1216..EH,11272321,1792,17.92,1763.0,17.63,0.2900000000000027,True
11272321.IV.T1216..HN,11272321,3284,32.84,2561.0,25.61,7.230000000000004,True
11272321.IV.T1217..EH,11272321,2967,29.67,2939.0,29.39,0.28000000000000114,True
11272321.IV.T1217..HN,11272321,4726,47.26,1433.0,14.33,32.93,True
11272321.IV.T1218..EH,11272321,2899,28.990000000000002,2718.0,27.18,1.8100000000000023,True
11272321.IV.T1218..HN,11272321,3032,30.32,3026.0,30.26,0.05999999999999872,True
11272321.IV.T1219..EH,11272321,1923,19.23,1374.0,13.74,5.49,True
11272321.IV.T1219..HN,11272321,4097,40.97,1677.0,16.77,24.2,True
11272321.IV.T1221..EH,11272321,5104,51.04,999.0,9.99,41.05,True
11272321.IV.T1221..HN,11272321,3328,33.28,2482.0,24.82,8.46,True
11272321.IV.T1241..EH,11272321,1739,17.39,1732.0,17.32,0.07000000000000028,True
11272321.IV.T1241..HN,11272321,1718,17.18,1745.0,17.45,0.2699999999999996,True
11272321.IV.T1243..HH,11272321,1812,18.12,1691.0,16.91,1.2100000000000009,True
11272321.IV.T1243..HN,11272321,1810,18.1,1824.0,18.240000000000002,0.14000000000000057,True
11272321.IV.T1244..EH,11272321,1903,19.03,1927.0,19.27,0.23999999999999844,True
11272321.IV.T1244..HN,11272321,1846,18.46,1874.0,18.740000000000002,0.28000000000000114,True
11272321.IV.T1245..HH,11272321,2054,20.54,1274.0,12.74,7.799999999999999,True
11272321.IV.T1245..HN,11272321,1886,18.86,1892.0,18.92,0.060000000000002274,True
11272321.IV.T1246..HH,11272321,2073,20.73,2073.0,20.73,0.0,True
11272321.IV.T1247..HH,11272321,1780,17.8,1860.0,18.6,0.8000000000000007,True
11272321.IV.T1256..HH,11272321,2188,21.88,1743.0,17.43,4.449999999999999,True
11272321.IV.T1256..HN,11272321,2007,20.07,1999.0,19.990000000000002,0.0799999999999983,True
11272321.IV.T1299..EH,11272321,1639,16.39,1627.0,16.27,0.120000000000001,True
11272321.IV.T1299..HN,11272321,1720,17.2,1746.0,17.46,0.26000000000000156,True
11272321.IV.VCEL..EH,11272321,1605,16.05,1626.0,16.26,0.21000000000000085,True
11272441.IV.APPI..EH,11272441,1552,15.52,1572.0,15.72,0.20000000000000107,True
11272441.IV.APRC..EH,11272441,1939,19.39,1954.0,19.54,0.14999999999999858,True
11272441.IV.APRC..HN,11272441,1921,19.21,,,,False
11272441.IV.ASQU..HH,11272441,1698,16.98,1698.0,16.98,0.0,True
11272441.IV.ATMI..HH,11272441,1657,16.57,1660.0,16.6,0.030000000000001137,True
11272441.IV.BADI..EH,11272441,1764,17.64,1803.0,18.03,0.39000000000000057,True
11272441.OX.BALD..HH,11272441,2170,21.7,2080.0,20.8,0.8999999999999986,True
11272441.OX.BALD..HN,11272441,2037,20.37,1945.0,19.45,0.9200000000000017,True
11272441.IV.BDI..HH,11272441,1778,17.78,1695.0,16.95,0.8300000000000018,True
11272441.IV.BDI..HN,11272441,1592,15.92,1564.0,15.64,0.27999999999999936,True
11272441.IV.BOB..HH,11272441,1811,18.11,1807.0,18.07,0.03999999999999915,True
11272441.IV.BOB..HN,11272441,1796,17.96,1836.0,18.36,0.3999999999999986,True
11272441.IV.CAFI..HH,11272441,2100,21.0,2096.0,20.96,0.03999999999999915,True
11272441.IV.CAFI..HN,11272441,1973,19.73,2022.0,20.22,0.48999999999999844,True
11272441.GU.CARD..HH,11272441,1798,17.98,1750.0,17.5,0.4800000000000004,True
11272441.IV.CASP..HH,11272441,2018,20.18,2020.0,20.2,0.019999999999999574,True
11272441.IV.CAVE..HH,11272441,2032,20.32,2195.0,21.95,1.629999999999999,True
11272441.IV.CRE..HH,11272441,1803,18.03,1787.0,17.87,0.16000000000000014,True
11272441.IV.CRMI..HH,11272441,1698,16.98,1670.0,16.7,0.28000000000000114,True
11272441.IV.CRMI..HN,11272441,1819,18.19,1827.0,18.27,0.0799999999999983,True
11272441.IV.CSNT..HH,11272441,1810,18.1,1821.0,18.21,0.10999999999999943,True
11272441.GU.ENR..HH,11272441,1834,18.34,1886.0,18.86,0.5199999999999996,True
11272441.GU.EQUI..HH,11272441,1666,16.66,1568.0,15.68,0.9800000000000004,True
11272441.IV.FERS..HN,11272441,1653,16.53,2254.0,22.54,6.009999999999998,True
11272441.GU.FIVI..HN,11272441,1703,17.03,1694.0,16.94,0.08999999999999986,True
11272441.IV.FNVD..HH,11272441,1627,16.27,1588.0,15.88,0.3899999999999988,True
11272441.IV.FVI..HH,11272441,1894,18.94,1917.0,19.17,0.23000000000000043,True
11272441.GU.GORR..HH,11272441,1889,18.89,1911.0,19.11,0.21999999999999886,True
11272441.GU.GRAM..HH,11272441,2254,22.54,2155.0,21.55,0.9899999999999984,True
11272441.GU.GSCL..HH,11272441,1630,16.3,1523.0,15.23,1.0700000000000003,True
11272441.SI.KOSI..HH,11272441,2183,21.830000000000002,2219.0,22.19,0.35999999999999943,True
11272441.GU.LSD..HH,11272441,1557,15.57,1577.0,15.77,0.1999999999999993,True
11272441.GU.MAIM..HH,11272441,1601,16.01,1565.0,15.65,0.3600000000000012,True
11272441.IV.MAON..HH,11272441,2026,20.26,2052.0,20.52,0.259999999999998,True
11272441.OX.MARN..HH,11272441,1696,16.96,1742.0,17.42,0.46000000000000085,True
11272441.OX.MARN..HN,11272441,1557,15.57,1603.0,16.03,0.46000000000000085,True
11272441.IV.MDI..HH,11272441,2030,20.3,1505.0,15.05,5.25,True
11272441.IV.MDI..HN,11272441,2012,20.12,2159.0,21.59,1.4699999999999989,True
11272441.GU.MGRO..HH,11272441,1780,17.8,1782.0,17.82,0.019999999999999574,True
11272441.IV.MODE..HN,11272441,1614,16.14,1624.0,16.240000000000002,0.10000000000000142,True
11272441.SI.MOSI..HH,11272441,1943,19.43,1971.0,19.71,0.28000000000000114,True
11272441.IV.MRGE..HH,11272441,1727,17.27,1744.0,17.44,0.1700000000000017,True
11272441.IV.MSSA..HH,11272441,1732,17.32,1685.0,16.85,0.46999999999999886,True
11272441.IV.MTCR..EH,11272441,1846,18.46,1790.0,17.900000000000002,0.5599999999999987,True
11272441.IV.MTRZ..HH,11272441,1795,17.95,1821.0,18.21,0.26000000000000156,True
11272441.IV.MTRZ..HN,11272441,1745,17.45,1779.0,17.79,0.33999999999999986,True
11272441.IV.MURB..HH,11272441,1732,17.32,1719.0,17.19,0.129999999999999,True
11272441.IV.MURB..HN,11272441,1662,16.62,1835.0,18.35,1.7300000000000004,True
11272441.IV.OPPE..HH,11272441,1643,16.43,1681.0,16.81,0.379999999999999,True
11272441.IV.OPPE..HN,11272441,1621,16.21,1664.0,16.64,0.4299999999999997,True
11272441.IV.OSSC..HH,11272441,2001,20.01,1995.0,19.95,0.060000000000002274,True
11272441.IV.OSSC..HN,11272441,1942,19.42,1963.0,19.63,0.2099999999999973,True
11272441.IV.PARC..HH,11272441,1730,17.3,1719.0,17.19,0.10999999999999943,True
11272441.GU.PCP..HH,11272441,1946,19.46,1950.0,19.5,0.03999999999999915,True
11272441.IV.PII..HH,11272441,1639,16.39,1649.0,16.490000000000002,0.10000000000000142,True
11272441.IV.PRMA..HH,11272441,1842,18.42,1857.0,18.57,0.14999999999999858,True
11272441.GU.PZZ..HH,11272441,2089,20.89,2098.0,20.98,0.08999999999999986,True
11272441.IV.QLNO..HH,11272441,1828,18.28,1860.0,18.6,0.3200000000000003,True
11272441.SI.RISI..HH,11272441,1980,19.8,2015.0,20.150000000000002,0.3500000000000014,True
11272441.IV.RM33..EH,11272441,2010,20.1,1093.0,10.93,9.170000000000002,True
11272441.IV.RM33..HN,11272441,1989,19.89,2448.0,24.48,4.59,True
11272441.GU.RNCA..HH,11272441,1525,15.25,1545.0,15.450000000000001,0.20000000000000107,True
11272441.IV.ROVR..HH,11272441,1930,19.3,1494.0,14.94,4.360000000000001,True
11272441.IV.ROVR..HN,11272441,1773,17.73,1828.0,18.28,0.5500000000000007,True
11272441.GU.RSP..HH,11272441,1780,17.8,1799.0,17.990000000000002,0.19000000000000128,True
11272441.GU.RSP..HN,11272441,1989,19.89,2140.0,21.400000000000002,1.5100000000000016,True
11272441.IV.RUFI..EH,11272441,1653,16.53,1649.0,16.490000000000002,0.03999999999999915,True
11272441.IV.SACS..HH,11272441,1920,19.2,1996.0,19.96,0.7600000000000016,True
11272441.IV.SACS..HN,11272441,2288,22.88,2633.0,26.330000000000002,3.450000000000003,True
11272441.IV.SALO..HH,11272441,1720,17.2,1733.0,17.330000000000002,0.13000000000000256,True
11272441.IV.SALO..HN,11272441,1812,18.12,1853.0,18.53,0.41000000000000014,True
11272441.IV.SANR..HN,11272441,2041,20.41,2093.0,20.93,0.5199999999999996,True
11272441.GU.SARM..EH,11272441,1711,17.11,1593.0,15.93,1.1799999999999997,True
11272441.IV.SEI..HH,11272441,1691,16.91,1654.0,16.54,0.370000000000001,True
11272441.IV.SERM..EH,11272441,1653,16.53,1667.0,16.67,0.14000000000000057,True
11272441.IV.SERM..HN,11272441,1687,16.87,1713.0,17.13,0.259999999999998,True
11272441.IV.SFI..EH,11272441,1918,19.18,1915.0,19.150000000000002,0.029999999999997584,True
11272441.IV.SGRT..HH,11272441,2064,20.64,2043.0,20.43,0.21000000000000085,True
11272441.IV.SSP9..EH,11272441,1786,17.86,1904.0,19.04,1.1799999999999997,True
11272441.GU.STV..HH,11272441,1932,19.32,1956.0,19.56,0.23999999999999844,True
11272441.IV.T1211..EH,11272441,3204,32.04,3271.0,32.71,0.6700000000000017,True
11272441.IV.T1211..HN,11272441,5441,54.410000000000004,5634.0,56.34,1.9299999999999997,True
11272441.IV.TEOL..HH,11272441,1707,17.07,1686.0,16.86,0.21000000000000085,True
11272441.GU.TRAV..HH,11272441,1723,17.23,1753.0,17.53,0.3000000000000007,True
11272441.IV.TREG..HN,11272441,1848,18.48,1877.0,18.77,0.28999999999999915,True
11272441.IV.VARE..HH,11272441,2005,20.05,2073.0,20.73,0.6799999999999997,True
11272441.MN.VLC..HH,11272441,1985,19.85,1882.0,18.82,1.0300000000000011,True
11272441.MN.VLC..HN,11272441,2027,20.27,1950.0,19.5,0.7699999999999996,True
11272441.IV.VOBA..HN,11272441,1702,17.02,7192.0,71.92,54.900000000000006,True
11272441.IV.ZCCA..HH,11272441,1676,16.76,1608.0,16.080000000000002,0.6799999999999997,True
11272441.IV.ZCCA..HN,11272441,1703,17.03,1681.0,16.81,0.22000000000000242,True
11272441.IV.ZEN8..HN,11272441,1895,18.95,1906.0,19.06,0.10999999999999943,True
11272441.OX.ZOU2..HH,11272441,1914,19.14,1969.0,19.69,0.5500000000000007,True
11272441.OX.ZOU2..HN,11272441,2229,22.29,2532.0,25.32,3.030000000000001,True
11272441.IV.ZOVE..HN,11272441,1780,17.8,1805.0,18.05,0.25,True
11272551.IV.CAMP..HH,11272551,1984,19.84,2011.0,20.11,0.2699999999999996,True
11272551.IV.CESI..HH,11272551,2014,20.14,2015.0,20.150000000000002,0.010000000000001563,True
11272551.IV.FEMA..HN,11272551,1671,16.71,1672.0,16.72,0.00999999999999801,True
11272551.IV.LNSS..HH,11272551,2032,20.32,2037.0,20.37,0.05000000000000071,True
11272551.IV.MC2..EH,11272551,1687,16.87,1691.0,16.91,0.03999999999999915,True
11272551.IV.MMO1..EH,11272551,1721,17.21,1720.0,17.2,0.010000000000001563,True
11272551.IV.MMO1..HN,11272551,1651,16.51,1649.0,16.490000000000002,0.019999999999999574,True
11272551.IV.NRCA..HH,11272551,1557,15.57,1556.0,15.56,0.009999999999999787,True
11272551.IV.NRCA..HN,11272551,1539,15.39,1537.0,15.370000000000001,0.019999999999999574,True
11272551.IV.RM33..EH,11272551,1620,16.2,1636.0,16.36,0.16000000000000014,True
11272551.IV.RM33..HN,11272551,1667,16.67,1687.0,16.87,0.1999999999999993,True
11272551.IV.T1211..EH,11272551,1957,19.57,999.0,9.99,9.58,True
11272551.IV.T1211..HN,11272551,4321,43.21,4395.0,43.95,0.740000000000002,True
11272551.IV.T1215..EH,11272551,3129,31.29,1515.0,15.15,16.14,True
11272551.IV.T1215..HN,11272551,2622,26.22,999.0,9.99,16.229999999999997,True
11272551.IV.T1216..EH,11272551,2685,26.85,999.0,9.99,16.86,True
11272551.IV.T1216..HN,11272551,2676,26.76,999.0,9.99,16.770000000000003,True
11272551.IV.T1218..EH,11272551,3215,32.15,1802.0,18.02,14.129999999999999,True
11272551.IV.T1218..HN,11272551,3450,34.5,2038.0,20.38,14.120000000000001,True
11272551.IV.T1241..EH,11272551,1964,19.64,1965.0,19.650000000000002,0.010000000000001563,True
11272551.IV.T1243..HH,11272551,1680,16.8,1720.0,17.2,0.3999999999999986,True
11272551.IV.T1243..HN,11272551,1716,17.16,1753.0,17.53,0.370000000000001,True
11272551.IV.T1245..HH,11272551,1607,16.07,1613.0,16.13,0.05999999999999872,True
11272551.IV.T1245..HN,11272551,1625,16.25,1631.0,16.31,0.05999999999999872,True
11272551.IV.T1256..HH,11272551,1807,18.07,1811.0,18.11,0.03999999999999915,True
11272551.IV.T1256..HN,11272551,1798,17.98,1804.0,18.04,0.05999999999999872,True
1127411.IV.ACER..HH,1127411,2046,20.46,2007.0,20.07,0.39000000000000057,True
1127411.IV.ACER..HN,1127411,2100,21.0,2049.0,20.490000000000002,0.509999999999998,True
1127411.IV.AMUR..HH,1127411,2079,20.79,2082.0,20.82,0.030000000000001137,True
1127411.IV.BULG..HH,1127411,1918,19.18,1929.0,19.29,0.10999999999999943,True
1127411.IV.BULG..HN,1127411,2144,21.44,2270.0,22.7,1.259999999999998,True
1127411.IV.CAFE..HH,1127411,2059,20.59,2049.0,20.490000000000002,0.09999999999999787,True
1127411.IV.CAFE..HN,1127411,1980,19.8,2059.0,20.59,0.7899999999999991,True
1127411.IV.CAFR..HH,1127411,1642,16.42,1668.0,16.68,0.259999999999998,True
1127411.IV.CERA..HH,1127411,1982,19.82,2023.0,20.23,0.41000000000000014,True
1127411.IV.CERA..HN,1127411,1984,19.84,,,,False
1127411.IV.CIGN..HH,1127411,2036,20.36,1992.0,19.92,0.4399999999999977,True
1127411.MN.CUC..HH,1127411,1926,19.26,1988.0,19.88,0.6199999999999974,True
1127411.MN.CUC..HL,1127411,1927,19.27,2338.0,23.38,4.109999999999999,True
1127411.IV.FRES..HH,1127411,1609,16.09,1637.0,16.37,0.28000000000000114,True
1127411.IV.GATE..HH,1127411,1707,17.07,1731.0,17.31,0.23999999999999844,True
1127411.IV.GATE..HN,1127411,1732,17.32,1120.0,11.200000000000001,6.119999999999999,True
1127411.IV.INTR..HH,1127411,1777,17.77,1810.0,18.1,0.33000000000000185,True
1127411.IV.MCRV..HH,1127411,1761,17.61,1777.0,17.77,0.16000000000000014,True
1127411.IV.MELA..HH,1127411,1939,19.39,1863.0,18.63,0.7600000000000016,True
1127411.IV.MELA..HN,1127411,1930,19.3,1924.0,19.240000000000002,0.05999999999999872,True
1127411.IV.MIDA..HH,1127411,1987,19.87,1989.0,19.89,0.019999999999999574,True
1127411.IV.MIDA..HN,1127411,2028,20.28,2055.0,20.55,0.2699999999999996,True
1127411.IV.MOCO..HH,1127411,1842,18.42,1806.0,18.06,0.360000000000003,True
1127411.IV.MOCO..HN,1127411,1820,18.2,1817.0,18.17,0.029999999999997584,True
1127411.IV.MRB1..HH,1127411,1607,16.07,1619.0,16.19,0.120000000000001,True
1127411.IV.MRB1..HN,1127411,1614,16.14,1692.0,16.92,0.7800000000000011,True
1127411.IV.MRLC..HH,1127411,1630,16.3,1644.0,16.44,0.14000000000000057,True
1127411.IV.MRLC..HN,1127411,1762,17.62,1943.0,19.43,1.8099999999999987,True
1127411.IV.MRVN..HH,1127411,1935,19.35,1246.0,12.46,6.890000000000001,True
1127411.IV.MSAG..HH,1127411,1561,15.610000000000001,1518.0,15.18,0.4300000000000015,True
1127411.IV.MSAG..HN,1127411,1832,18.32,1819.0,18.19,0.129999999999999,True
1127411.IV.MTSN..HH,1127411,1568,15.68,1605.0,16.05,0.370000000000001,True
1127411.IV.PALZ..HH,1127411,1717,17.17,1736.0,17.36,0.18999999999999773,True
1127411.IV.POFI..HH,1127411,1989,19.89,2010.0,20.1,0.21000000000000085,True
1127411.IV.POFI..HN,1127411,1962,19.62,2159.0,21.59,1.9699999999999989,True
1127411.IV.PTRJ..HH,1127411,1718,17.18,1704.0,17.04,0.14000000000000057,True
1127411.IV.RNI2..HH,1127411,1952,19.52,1959.0,19.59,0.07000000000000028,True
1127411.IV.RNI2..HN,1127411,2479,24.79,2493.0,24.93,0.14000000000000057,True
1127411.IV.SACR..HH,1127411,2158,21.580000000000002,2109.0,21.09,0.490000000000002,True
1127411.IV.SACR..HN,1127411,2220,22.2,2213.0,22.13,0.07000000000000028,True
1127411.IV.SGG..HH,1127411,2222,22.22,2265.0,22.650000000000002,0.43000000000000327,True
1127411.IV.SGRT..HH,1127411,1645,16.45,1559.0,15.59,0.8599999999999994,True
1127411.IV.SGTA..HH,1127411,2111,21.11,2090.0,20.900000000000002,0.2099999999999973,True
1127411.IV.SGTA..HN,1127411,1855,18.55,1907.0,19.07,0.5199999999999996,True
1127411.IV.SIRI..HH,1127411,2150,21.5,2170.0,21.7,0.1999999999999993,True
1127411.IV.SIRI..HN,1127411,2480,24.8,2583.0,25.830000000000002,1.0300000000000011,True
1127411.IV.SNAL..HH,1127411,1948,19.48,1940.0,19.400000000000002,0.0799999999999983,True
1127411.IV.TRIV..HH,1127411,1955,19.55,1674.0,16.740000000000002,2.8099999999999987,True
1127411.IV.VULT..HH,1127411,1728,17.28,1738.0,17.38,0.09999999999999787,True
11274371.IV.CAMP..HH,11274371,1726,17.26,1734.0,17.34,0.0799999999999983,True
11274371.IV.LNSS..HH,11274371,1687,16.87,1689.0,16.89,0.019999999999999574,True
11274371.IV.MC2..EH,11274371,1641,16.41,1644.0,16.44,0.030000000000001137,True
11274371.IV.MMO1..EH,11274371,1632,16.32,1632.0,16.32,0.0,True
11274371.IV.MMO1..HN,11274371,1651,16.51,,,,False
11274371.IV.NRCA..HH,11274371,1993,19.93,1993.0,19.93,0.0,True
11274371.IV.NRCA..HN,11274371,2035,20.35,2036.0,20.36,0.00999999999999801,True
11274371.IV.RM33..EH,11274371,1696,16.96,1742.0,17.42,0.46000000000000085,True
11274371.IV.RM33..HN,11274371,1753,17.53,2260.0,22.6,5.07,True
11274371.IV.T1215..EH,11274371,1944,19.44,1944.0,19.44,0.0,True
11274371.IV.T1215..HN,11274371,3317,33.17,1331.0,13.31,19.86,True
11274371.IV.T1216..EH,11274371,1980,19.8,1981.0,19.81,0.00999999999999801,True
11274371.IV.T1216..HN,11274371,4801,48.01,2379.0,23.79,24.22,True
11274371.IV.T1218..EH,11274371,2093,20.93,2093.0,20.93,0.0,True
11274371.IV.T1218..HN,11274371,2102,21.02,2102.0,21.02,0.0,True
11274371.IV.T1243..HH,11274371,2092,20.92,2099.0,20.990000000000002,0.07000000000000028,True
11274371.IV.T1243..HN,11274371,1987,19.87,2040.0,20.400000000000002,0.5300000000000011,True
11274371.IV.T1245..HH,11274371,1735,17.35,1745.0,17.45,0.09999999999999787,True
11274371.IV.T1245..HN,11274371,1719,17.19,1999.0,19.990000000000002,2.8000000000000007,True
11275741.IV.CERA..HH,11275741,2032,20.32,2039.0,20.39,0.07000000000000028,True
11275741.IV.CERA..HN,11275741,2066,20.66,2140.0,21.400000000000002,0.740000000000002,True
11275741.IV.GIUL..HH,11275741,2027,20.27,2049.0,20.490000000000002,0.22000000000000242,True
11275741.IV.INTR..HH,11275741,1596,15.96,1663.0,16.63,0.6699999999999982,True
11275741.IV.INTR..HN,11275741,1571,15.71,,,,False
11275741.IV.LIK.01.EH,11275741,1736,17.36,2228.0,22.28,4.920000000000002,True
11275741.IV.LRP..HH,11275741,1928,19.28,1059.0,10.59,8.690000000000001,True
11275741.IV.MIDA..HH,11275741,2014,20.14,2075.0,20.75,0.6099999999999994,True
11275741.IV.MIDA..HN,11275741,2009,20.09,999.0,9.99,10.1,True
11275741.IV.MODR..HH,11275741,1727,17.27,1752.0,17.52,0.25,True
11275741.IV.POFI..HN,11275741,2030,20.3,2131.0,21.31,1.009999999999998,True
11275741.IV.PTQR..HH,11275741,1901,19.01,2988.0,29.88,10.869999999999997,True
11275741.IV.RNI2..HH,11275741,1718,17.18,1863.0,18.63,1.4499999999999993,True
11275741.IV.RNI2..HN,11275741,1770,17.7,,,,False
11275741.IV.VAGA..HH,11275741,1884,18.84,2105.0,21.05,2.210000000000001,True
11275741.IV.VAGA..HN,11275741,1882,18.82,2152.0,21.52,2.6999999999999993,True
11275741.IV.VVLD..HH,11275741,1757,17.57,1762.0,17.62,0.05000000000000071,True
11276881.XO.AM05..EH,11276881,1845,18.45,1853.0,18.53,0.08000000000000185,True
11276881.XO.AM05..HN,11276881,2037,20.37,2052.0,20.52,0.14999999999999858,True
11276881.IV.CAMP..HH,11276881,1862,18.62,1852.0,18.52,0.10000000000000142,True
11276881.IV.CESI..HH,11276881,1548,15.48,1167.0,11.67,3.8100000000000005,True
11276881.IV.CING..HH,11276881,2102,21.02,2106.0,21.06,0.03999999999999915,True
11276881.IV.CSP1..EH,11276881,2041,20.41,1898.0,18.98,1.4299999999999997,True
11276881.IV.FDMO..HH,11276881,1741,17.41,999.0,9.99,7.42,True
11276881.IV.FEMA..HN,11276881,1878,18.78,1477.0,14.77,4.010000000000002,True
11276881.IV.FIAM..HH,11276881,1967,19.67,1977.0,19.77,0.09999999999999787,True
11276881.IV.FIAM..HN,11276881,1780,17.8,1814.0,18.14,0.33999999999999986,True
11276881.IV.FRON..EH,11276881,1905,19.05,1911.0,19.11,0.05999999999999872,True
11276881.IV.GUMA..HH,11276881,1830,18.3,1834.0,18.34,0.03999999999999915,True
11276881.IV.GUMA..HN,11276881,1825,18.25,1833.0,18.330000000000002,0.08000000000000185,True
11276881.IV.INTR..HH,11276881,1644,16.44,1654.0,16.54,0.09999999999999787,True
11276881.IV.INTR..HN,11276881,1605,16.05,,,,False
11276881.IV.LNSS..HH,11276881,1819,18.19,1346.0,13.46,4.73,True
11276881.IV.MC2..EH,11276881,1921,19.21,1028.0,10.28,8.930000000000001,True
11276881.IV.MMO1..EH,11276881,1850,18.5,1875.0,18.75,0.25,True
11276881.IV.MMO1..HN,11276881,1753,17.53,1784.0,17.84,0.3099999999999987,True
11276881.IV.NRCA..HH,11276881,1698,16.98,1046.0,10.46,6.52,True
11276881.IV.NRCA..HN,11276881,1601,16.01,999.0,9.99,6.020000000000001,True
11276881.IV.PIEI..HH,11276881,1937,19.37,1950.0,19.5,0.129999999999999,True
11276881.IV.PIEI..HN,11276881,1900,19.0,2018.0,20.18,1.1799999999999997,True
11276881.IV.RM33..EH,11276881,2076,20.76,2072.0,20.72,0.0400000000000027,True
11276881.IV.RM33..HN,11276881,1794,17.94,1800.0,18.0,0.05999999999999872,True
11276881.IV.SEF1..HN,11276881,1620,16.2,1626.0,16.26,0.060000000000002274,True
11276881.IV.SMA1..EH,11276881,1776,17.76,1789.0,17.89,0.129999999999999,True
11276881.IV.SNTG..HH,11276881,1950,19.5,1948.0,19.48,0.019999999999999574,True
11276881.IV.SNTG..HN,11276881,1936,19.36,1951.0,19.51,0.15000000000000213,True
11276881.IV.SSFR..HH,11276881,2053,20.53,2053.0,20.53,0.0,True
11276881.IV.SSFR..HN,11276881,1896,18.96,1925.0,19.25,0.28999999999999915,True
11276881.IV.T0110..HH,11276881,1948,19.48,1952.0,19.52,0.03999999999999915,True
11276881.IV.T1201..HN,11276881,1821,18.21,1824.0,18.240000000000002,0.030000000000001137,True
11276881.IV.T1204..EH,11276881,1916,19.16,1919.0,19.19,0.030000000000001137,True
11276881.IV.T1211..EH,11276881,3340,33.4,2615.0,26.150000000000002,7.2499999999999964,True
11276881.IV.T1211..HN,11276881,4832,48.32,4178.0,41.78,6.539999999999999,True
11276881.IV.T1212..EH,11276881,3332,33.32,2876.0,28.76,4.559999999999999,True
11276881.IV.T1212..HN,11276881,3781,37.81,3327.0,33.27,4.539999999999999,True
11276881.IV.T1213..EH,11276881,3265,32.65,3259.0,32.59,0.05999999999999517,True
11276881.IV.T1213..HN,11276881,2660,26.6,2656.0,26.560000000000002,0.03999999999999915,True
11276881.IV.T1215..EH,11276881,1909,19.09,1072.0,10.72,8.37,True
11276881.IV.T1215..HN,11276881,1945,19.45,1948.0,19.48,0.030000000000001137,True
11276881.IV.T1216..EH,11276881,2773,27.73,1937.0,19.37,8.36,True
11276881.IV.T1216..HN,11276881,1723,17.23,1027.0,10.27,6.960000000000001,True
11276881.IV.T1217..EH,11276881,2016,20.16,999.0,9.99,10.17,True
11276881.IV.T1217..HN,11276881,3349,33.49,3350.0,33.5,0.00999999999999801,True
11276881.IV.T1218..EH,11276881,1828,18.28,1811.0,18.11,0.1700000000000017,True
11276881.IV.T1218..HN,11276881,3368,33.68,3370.0,33.7,0.020000000000003126,True
11276881.IV.T1219..EH,11276881,3763,37.63,1463.0,14.63,23.0,True
11276881.IV.T1219..HN,11276881,4436,44.36,1750.0,17.5,26.86,True
11276881.IV.T1220..EH,11276881,2248,22.48,2244.0,22.44,0.03999999999999915,True
11276881.IV.T1220..HN,11276881,2704,27.04,2700.0,27.0,0.03999999999999915,True
11276881.IV.T1221..EH,11276881,3393,33.93,2661.0,26.61,7.32,True
11276881.IV.T1221..HN,11276881,2357,23.57,2365.0,23.650000000000002,0.08000000000000185,True
11276881.IV.T1241..EH,11276881,1887,18.87,1889.0,18.89,0.019999999999999574,True
11276881.IV.T1243..HH,11276881,1993,19.93,1024.0,10.24,9.69,True
11276881.IV.T1243..HN,11276881,2005,20.05,2012.0,20.12,0.07000000000000028,True
11276881.IV.T1244..EH,11276881,1710,17.1,1677.0,16.77,0.33000000000000185,True
11276881.IV.T1244..HN,11276881,1662,16.62,1661.0,16.61,0.010000000000001563,True
11276881.IV.T1245..HH,11276881,2036,20.36,1021.0,10.21,10.149999999999999,True
11276881.IV.T1245..HN,11276881,2005,20.05,1572.0,15.72,4.33,True
11276881.IV.T1246..HH,11276881,1814,18.14,1809.0,18.09,0.05000000000000071,True
11276881.IV.T1247..HH,11276881,1787,17.87,1056.0,10.56,7.3100000000000005,True
11276881.IV.T1256..HN,11276881,1805,18.05,1807.0,18.07,0.019999999999999574,True
11276881.IV.T1299..EH,11276881,1742,17.42,1739.0,17.39,0.030000000000001137,True
11276881.IV.T1299..HN,11276881,1741,17.41,1746.0,17.46,0.05000000000000071,True
11276881.IV.TERO..HH,11276881,1959,19.59,1960.0,19.6,0.010000000000001563,True
11276881.IV.TERO..HN,11276881,1909,19.09,1914.0,19.14,0.05000000000000071,True
11276881.IV.VCEL..EH,11276881,2035,20.35,2039.0,20.39,0.03999999999999915,True
11277191.IV.ARRO..EH,11277191,1762,17.62,1790.0,17.900000000000002,0.28000000000000114,True
11277191.IV.CAMP..HH,11277191,1998,19.98,2003.0,20.03,0.05000000000000071,True
11277191.IV.FEMA..HN,11277191,1853,18.53,1868.0,18.68,0.14999999999999858,True
11277191.IV.GIGS..HH,11277191,1776,17.76,1809.0,18.09,0.3299999999999983,True
11277191.IV.LNSS..HH,11277191,1634,16.34,1235.0,12.35,3.99,True
11277191.IV.MC2..EH,11277191,2082,20.82,999.0,9.99,10.83,True
11277191.IV.MMO1..EH,11277191,1923,19.23,1921.0,19.21,0.019999999999999574,True
11277191.IV.MMO1..HN,11277191,1787,17.87,1788.0,17.88,0.00999999999999801,True
11277191.IV.NRCA..HH,11277191,2088,20.88,999.0,9.99,10.889999999999999,True
11277191.IV.NRCA..HN,11277191,2092,20.92,1029.0,10.290000000000001,10.63,True
11277191.IV.OFFI..HH,11277191,1855,18.55,1857.0,18.57,0.019999999999999574,True
11277191.IV.RM33..EH,11277191,1953,19.53,999.0,9.99,9.540000000000001,True
11277191.IV.RM33..HN,11277191,1935,19.35,1958.0,19.580000000000002,0.23000000000000043,True
11277191.IV.SMA1..EH,11277191,1955,19.55,1957.0,19.57,0.019999999999999574,True
11277191.IV.T1211..EH,11277191,5653,56.53,1139.0,11.39,45.14,True
11277191.IV.T1211..HN,11277191,1859,18.59,1910.0,19.1,0.5100000000000016,True
11277191.IV.T1216..EH,11277191,3845,38.45,2275.0,22.75,15.700000000000003,True
11277191.IV.T1216..HN,11277191,3932,39.32,2370.0,23.7,15.620000000000001,True
11277191.IV.T1218..EH,11277191,1951,19.51,1413.0,14.13,5.380000000000001,True
11277191.IV.T1218..HN,11277191,3068,30.68,3060.0,30.6,0.0799999999999983,True
11277191.IV.T1243..HH,11277191,1705,17.05,1713.0,17.13,0.0799999999999983,True
11277191.IV.T1243..HN,11277191,1814,18.14,1826.0,18.26,0.120000000000001,True
11277191.IV.T1245..HH,11277191,1657,16.57,1642.0,16.42,0.14999999999999858,True
11277191.IV.T1245..HN,11277191,1628,16.28,1630.0,16.3,0.019999999999999574,True
11277191.IV.TERO..HH,11277191,1732,17.32,1729.0,17.29,0.030000000000001137,True
11277191.IV.TERO..HN,11277191,1600,16.0,1618.0,16.18,0.17999999999999972,True
1127801.IV.RAVA..EH,1127801,1661,16.61,1687.0,16.87,0.26000000000000156,True
1127801.IV.SERM..EH,1127801,1807,18.07,1915.0,19.150000000000002,1.0800000000000018,True
1127801.IV.SERM..HN,1127801,1775,17.75,1868.0,18.68,0.9299999999999997,True
1127801.IV.T0800..HH,1127801,1952,19.52,1941.0,19.41,0.10999999999999943,True
1127801.IV.T0800..HN,1127801,2291,22.91,2279.0,22.79,0.120000000000001,True
1127801.IV.T0805..HN,1127801,1998,19.98,2003.0,20.03,0.05000000000000071,True
11278861.IV.AIO..HH,11278861,1598,15.98,1538.0,15.38,0.5999999999999996,True
11278861.MN.CEL..HH,11278861,2007,20.07,,,,False
11278861.MN.CEL..HN,11278861,1995,19.95,2012.0,20.12,0.1700000000000017,True
11278861.IV.CELI..HH,11278861,1562,15.620000000000001,1569.0,15.69,0.06999999999999851,True
11278861.IV.CELI..HN,11278861,1584,15.84,,,,False
11278861.IV.EMSG..HH,11278861,2007,20.07,2083.0,20.830000000000002,0.7600000000000016,True
11278861.IV.EPOZ..HH,11278861,1597,15.97,1801.0,18.01,2.040000000000001,True
11278861.IV.EPZF..HH,11278861,1709,17.09,1706.0,17.06,0.030000000000001137,True
11278861.IV.ESLN..HH,11278861,1932,19.32,2062.0,20.62,1.3000000000000007,True
11278861.IV.GALF..HH,11278861,1948,19.48,1971.0,19.71,0.23000000000000043,True
11278861.IV.GIB..HH,11278861,1919,19.19,1929.0,19.29,0.09999999999999787,True
11278861.IV.HAGA..HH,11278861,1623,16.23,1597.0,15.97,0.2599999999999998,True
11278861.IV.HLNI..HH,11278861,2059,20.59,1601.0,16.01,4.579999999999998,True
11278861.IV.HMDC..HH,11278861,1960,19.6,1968.0,19.68,0.0799999999999983,True
11278861.IV.IACL..HH,11278861,1560,15.6,1563.0,15.63,0.030000000000001137,True
11278861.IV.IFIL..HH,11278861,1692,16.92,1716.0,17.16,0.23999999999999844,True
11278861.IV.IVPL..HH,11278861,1581,15.81,1588.0,15.88,0.07000000000000028,True
11278861.IV.JOPP..HH,11278861,1826,18.26,1839.0,18.39,0.129999999999999,True
11278861.IV.JOPP..HN,11278861,1975,19.75,2065.0,20.650000000000002,0.9000000000000021,True
11278861.IV.MILZ..HH,11278861,1632,16.32,1653.0,16.53,0.21000000000000085,True
11278861.IV.MSCL..HH,11278861,1732,17.32,1677.0,16.77,0.5500000000000007,True
11278861.IV.MSFR..HH,11278861,1612,16.12,999.0,9.99,6.130000000000001,True
11278861.IV.MSRU..HH,11278861,2143,21.43,1660.0,16.6,4.829999999999998,True
11278861.IV.NOV..HH,11278861,2160,21.6,2166.0,21.66,0.05999999999999872,True
11278861.IV.PLAC..HH,11278861,1572,15.72,1569.0,15.69,0.030000000000001137,True
11278861.IV.PLAC..HN,11278861,1846,18.46,2094.0,20.94,2.4800000000000004,True
11278861.IV.PLLN..EH,11278861,1689,16.89,1698.0,16.98,0.08999999999999986,True
11278861.IV.RAFF..HH,11278861,2052,20.52,2054.0,20.54,0.019999999999999574,True
11278861.IV.SOI..EH,11278861,1641,16.41,1646.0,16.46,0.05000000000000071,True
11278861.IV.SSY..HH,11278861,2123,21.23,2128.0,21.28,0.05000000000000071,True
11278971.IV.AIO..HH,11278971,1819,18.19,1823.0,18.23,0.03999999999999915,True
11278971.IV.EMSG..HH,11278971,2240,22.400000000000002,2237.0,22.37,0.030000000000001137,True
11278971.IV.EPZF..HH,11278971,2119,21.19,2095.0,20.95,0.240000000000002,True
11278971.IV.GALF..HH,11278971,1946,19.46,1956.0,19.56,0.09999999999999787,True
11278971.IV.GIB..HH,11278971,2127,21.27,2135.0,21.35,0.08000000000000185,True
11278971.IV.HAGA..HH,11278971,1782,17.82,1809.0,18.09,0.2699999999999996,True
11278971.IV.HLNI..HH,11278971,2106,21.06,2114.0,21.14,0.08000000000000185,True
11278971.IV.HMDC..HH,11278971,2220,22.2,1265.0,12.65,9.549999999999999,True
11278971.IV.IACL..HH,11278971,1845,18.45,1843.0,18.43,0.019999999999999574,True
11278971.IV.IFIL..HH,11278971,1607,16.07,1631.0,16.31,0.23999999999999844,True
11278971.IV.IVPL..HH,11278971,1986,19.86,1982.0,19.82,0.03999999999999915,True
11278971.IV.JOPP..HH,11278971,1893,18.93,1902.0,19.02,0.08999999999999986,True
11278971.IV.JOPP..HN,11278971,2207,22.07,2285.0,22.85,0.7800000000000011,True
11278971.IV.MILZ..HH,11278971,1969,19.69,1968.0,19.68,0.010000000000001563,True
11278971.IV.MSFR..HH,11278971,1539,15.39,1477.0,14.77,0.620000000000001,True
11278971.IV.MSRU..HH,11278971,1703,17.03,1710.0,17.1,0.07000000000000028,True
11278971.IV.PETRA..HH,11278971,2003,20.03,1985.0,19.85,0.17999999999999972,True
11278971.IV.PLLN..EH,11278971,2016,20.16,2052.0,20.52,0.35999999999999943,True
11278971.IV.RAFF..HH,11278971,1811,18.11,1823.0,18.23,0.120000000000001,True
11278971.IV.SSY..HH,11278971,1714,17.14,1726.0,17.26,0.120000000000001,True
11279251.IV.AIO..HH,11279251,1637,16.37,1678.0,16.78,0.41000000000000014,True
11279251.IV.EPZF..HH,11279251,1639,16.39,1644.0,16.44,0.05000000000000071,True
11279251.IV.IACL..HH,11279251,1971,19.71,2109.0,21.09,1.379999999999999,True
11279251.IV.IVPL..HH,11279251,1998,19.98,2055.0,20.55,0.5700000000000003,True
11279251.IV.MILZ..HH,11279251,2032,20.32,2124.0,21.240000000000002,0.9200000000000017,True
11279251.IV.MSFR..HH,11279251,2025,20.25,2020.0,20.2,0.05000000000000071,True
11279251.IV.NOV..HH,11279251,1762,17.62,1791.0,17.91,0.28999999999999915,True
11279951.IV.LNSS..HH,11279951,1745,17.45,1739.0,17.39,0.05999999999999872,True
11279951.IV.MC2..EH,11279951,2028,20.28,2072.0,20.72,0.4399999999999977,True
11279951.IV.MMO1..EH,11279951,1986,19.86,2049.0,20.490000000000002,0.6300000000000026,True
11279951.IV.MMO1..HN,11279951,1991,19.91,3931.0,39.31,19.400000000000002,True
11279951.IV.NRCA..HH,11279951,1734,17.34,1749.0,17.490000000000002,0.15000000000000213,True
11279951.IV.NRCA..HN,11279951,1721,17.21,1749.0,17.490000000000002,0.28000000000000114,True
11279951.IV.RM33..EH,11279951,2068,20.68,2068.0,20.68,0.0,True
11279951.IV.RM33..HN,11279951,1827,18.27,1911.0,19.11,0.8399999999999999,True
11279951.IV.SMA1..EH,11279951,2032,20.32,999.0,9.99,10.33,True
11279951.IV.T1211..EH,11279951,4547,45.47,4560.0,45.6,0.13000000000000256,True
11279951.IV.T1211..HN,11279951,4084,40.84,4702.0,47.02,6.18,True
11279951.IV.T1215..EH,11279951,1968,19.68,1999.0,19.990000000000002,0.3100000000000023,True
11279951.IV.T1215..HN,11279951,4875,48.75,5390.0,53.9,5.149999999999999,True
11279951.IV.T1218..EH,11279951,3818,38.18,1700.0,17.0,21.18,True
11279951.IV.T1218..HN,11279951,2399,23.990000000000002,2404.0,24.04,0.04999999999999716,True
11279951.IV.T1241..EH,11279951,1812,18.12,1825.0,18.25,0.129999999999999,True
11279951.IV.T1241..HN,11279951,1844,18.44,,,,False
11279951.IV.T1243..HH,11279951,1937,19.37,1952.0,19.52,0.14999999999999858,True
11279951.IV.T1243..HN,11279951,1955,19.55,1982.0,19.82,0.2699999999999996,True
11279951.IV.T1245..HH,11279951,1919,19.19,1929.0,19.29,0.09999999999999787,True
11279951.IV.T1245..HN,11279951,1789,17.89,1083.0,10.83,7.0600000000000005,True
11279951.IV.T1246..HH,11279951,1607,16.07,1636.0,16.36,0.28999999999999915,True
11279951.IV.T1299..EH,11279951,1984,19.84,2031.0,20.31,0.46999999999999886,True
11279951.IV.T1299..HN,11279951,1821,18.21,1882.0,18.82,0.6099999999999994,True
11279951.IV.TERO..HH,11279951,1884,18.84,1248.0,12.48,6.359999999999999,True
11279951.IV.TERO..HN,11279951,1666,16.66,1043.0,10.43,6.23,True
1128031.IV.CAFE..HH,1128031,1945,19.45,2006.0,20.06,0.6099999999999994,True
1128031.IV.CAFE..HN,1128031,1914,19.14,,,,False
1128031.IV.CDRU..HH,1128031,2109,21.09,2133.0,21.330000000000002,0.240000000000002,True
1128031.IV.MCRV..HH,1128031,1544,15.44,1134.0,11.34,4.1,True
1128031.IV.SNAL..HH,1128031,1928,19.28,1935.0,19.35,0.07000000000000028,True
11280401.IV.CAMP..HH,11280401,1814,18.14,1812.0,18.12,0.019999999999999574,True
11280401.IV.FIAM..HN,11280401,1844,18.44,1858.0,18.580000000000002,0.14000000000000057,True
11280401.IV.GIGS..HH,11280401,2003,20.03,2034.0,20.34,0.3099999999999987,True
11280401.IV.LNSS..HH,11280401,1996,19.96,2012.0,20.12,0.16000000000000014,True
11280401.IV.MC2..EH,11280401,1916,19.16,2014.0,20.14,0.9800000000000004,True
11280401.IV.RM33..EH,11280401,2083,20.830000000000002,2071.0,20.71,0.120000000000001,True
11280401.IV.RM33..HN,11280401,2043,20.43,2044.0,20.44,0.010000000000001563,True
11280401.IV.T1243..HH,11280401,1911,19.11,1918.0,19.18,0.07000000000000028,True
11280401.IV.T1243..HN,11280401,1734,17.34,1743.0,17.43,0.08999999999999986,True
11280401.IV.T1246..HH,11280401,1695,16.95,1697.0,16.97,0.019999999999999574,True
11280401.IV.T1247..HH,11280401,1823,18.23,1824.0,18.240000000000002,0.010000000000001563,True
11280401.IV.T1299..EH,11280401,1950,19.5,1597.0,15.97,3.5299999999999994,True
11280401.IV.T1299..HN,11280401,1921,19.21,1572.0,15.72,3.49,True
11280401.IV.TERO..HH,11280401,1878,18.78,1891.0,18.91,0.129999999999999,True
1128071.IV.ASSB..HH,1128071,1934,19.34,1937.0,19.37,0.030000000000001137,True
1128071.IV.ATCC..EH,1128071,1925,19.25,1924.0,19.240000000000002,0.00999999999999801,True
1128071.IV.ATVO..HH,1128071,2178,21.78,1671.0,16.71,5.07,True
1128071.IV.CESI..HH,1128071,1705,17.05,1721.0,17.21,0.16000000000000014,True
1128071.IV.MURB..HH,1128071,1967,19.67,1968.0,19.68,0.00999999999999801,True
1128071.IV.MURB..HN,1128071,1971,19.71,1979.0,19.79,0.0799999999999983,True
11280731.XO.AM05..EH,11280731,1732,17.32,1700.0,17.0,0.3200000000000003,True
11280731.XO.AM05..HN,11280731,1648,16.48,1643.0,16.43,0.05000000000000071,True
11280731.IV.AOI..HH,11280731,1796,17.96,1812.0,18.12,0.16000000000000014,True
11280731.IV.ARRO..EH,11280731,1628,16.28,1396.0,13.96,2.3200000000000003,True
11280731.IV.ARVD..HH,11280731,1769,17.69,1066.0,10.66,7.030000000000001,True
11280731.IV.ATCC..EH,11280731,1884,18.84,1887.0,18.87,0.030000000000001137,True
11280731.IV.ATCC..HN,11280731,1660,16.6,1685.0,16.85,0.25,True
11280731.IV.ATFO..HH,11280731,2069,20.69,2081.0,20.81,0.11999999999999744,True
11280731.IV.ATFO..HN,11280731,1934,19.34,1968.0,19.68,0.33999999999999986,True
11280731.IV.ATPI..EH,11280731,1778,17.78,1795.0,17.95,0.16999999999999815,True
11280731.IV.ATVO..HH,11280731,1973,19.73,1970.0,19.7,0.030000000000001137,True
11280731.IV.ATVO..HN,11280731,1825,18.25,1925.0,19.25,1.0,True
11280731.IV.BADI..EH,11280731,1802,18.02,1840.0,18.400000000000002,0.38000000000000256,True
11280731.IV.CAFI..HH,11280731,2014,20.14,2040.0,20.400000000000002,0.26000000000000156,True
11280731.IV.CAFI..HN,11280731,2166,21.66,2250.0,22.5,0.8399999999999999,True
11280731.IV.CAMP..HH,11280731,1894,18.94,1901.0,19.01,0.07000000000000028,True
11280731.IV.CERT..HH,11280731,1866,18.66,1739.0,17.39,1.2699999999999996,True
11280731.IV.CESI..HH,11280731,2001,20.01,1974.0,19.740000000000002,0.2699999999999996,True
11280731.IV.CESX..HH,11280731,2114,21.14,2131.0,21.31,0.16999999999999815,True
11280731.IV.CING..HH,11280731,1778,17.78,1782.0,17.82,0.03999999999999915,True
11280731.IV.COR1..EH,11280731,1945,19.45,1967.0,19.67,0.22000000000000242,True
11280731.IV.CRE..HH,11280731,1728,17.28,1756.0,17.56,0.2799999999999976,True
11280731.IV.CSP1..EH,11280731,2003,20.03,1961.0,19.61,0.4200000000000017,True
11280731.IV.EL6..EH,11280731,1950,19.5,1929.0,19.29,0.21000000000000085,True
11280731.IV.FAGN..HH,11280731,1561,15.610000000000001,1713.0,17.13,1.5199999999999978,True
11280731.IV.FDMO..HH,11280731,1746,17.46,1399.0,13.99,3.4700000000000006,True
11280731.IV.FEMA..HN,11280731,1632,16.32,1624.0,16.240000000000002,0.0799999999999983,True
11280731.IV.FIAM..HH,11280731,1946,19.46,1984.0,19.84,0.379999999999999,True
11280731.IV.FIAM..HN,11280731,1923,19.23,1969.0,19.69,0.46000000000000085,True
11280731.IV.FIU1..HN,11280731,1766,17.66,1796.0,17.96,0.3000000000000007,True
11280731.IV.FOSV..EH,11280731,1637,16.37,1638.0,16.38,0.00999999999999801,True
11280731.IV.FOSV..HN,11280731,1682,16.82,1707.0,17.07,0.25,True
11280731.IV.FRON..EH,11280731,1943,19.43,1233.0,12.33,7.1,True
11280731.IV.FSSB..HH,11280731,1653,16.53,1668.0,16.68,0.14999999999999858,True
11280731.IV.GIGS..HH,11280731,1717,17.17,1732.0,17.32,0.14999999999999858,True
11280731.IV.GUMA..HH,11280731,1712,17.12,1693.0,16.93,0.19000000000000128,True
11280731.IV.GUMA..HN,11280731,1634,16.34,1630.0,16.3,0.03999999999999915,True
11280731.IV.LNSS..HH,11280731,2081,20.81,2085.0,20.85,0.0400000000000027,True
11280731.IV.MC2..EH,11280731,1644,16.44,1171.0,11.71,4.73,True
11280731.IV.MCIV..HH,11280731,1945,19.45,2145.0,21.45,2.0,True
11280731.IV.MDAR..HN,11280731,1971,19.71,1988.0,19.88,0.16999999999999815,True
11280731.IV.MMUR..HN,11280731,1599,15.99,1619.0,16.19,0.20000000000000107,True
11280731.IV.MNTP..HN,11280731,1764,17.64,1785.0,17.85,0.21000000000000085,True
11280731.IV.MOMA..HH,11280731,1986,19.86,1872.0,18.72,1.1400000000000006,True
11280731.IV.MOMA..HN,11280731,1850,18.5,1880.0,18.8,0.3000000000000007,True
11280731.IV.MPAG..EH,11280731,2020,20.2,2013.0,20.13,0.07000000000000028,True
11280731.IV.MPAG..HN,11280731,1814,18.14,11997.0,119.97,101.83,True
11280731.IV.MTCE..HH,11280731,1955,19.55,2157.0,21.57,2.0199999999999996,True
11280731.IV.MURB..HH,11280731,1721,17.21,1734.0,17.34,0.129999999999999,True
11280731.IV.MURB..HN,11280731,1728,17.28,1791.0,17.91,0.629999999999999,True
11280731.IV.NRCA..HH,11280731,1812,18.12,1774.0,17.740000000000002,0.379999999999999,True
11280731.IV.NRCA..HN,11280731,1821,18.21,1811.0,18.11,0.10000000000000142,True
11280731.IV.OFFI..HH,11280731,1980,19.8,2004.0,20.04,0.23999999999999844,True
11280731.IV.PARC..HH,11280731,1911,19.11,1959.0,19.59,0.4800000000000004,True
11280731.IV.PIEI..HH,11280731,2122,21.22,2142.0,21.42,0.20000000000000284,True
11280731.IV.PIEI..HN,11280731,2066,20.66,3449.0,34.49,13.830000000000002,True
11280731.IV.PIO1..HN,11280731,1791,17.91,1844.0,18.44,0.5300000000000011,True
11280731.IV.PP3..EH,11280731,1884,18.84,1942.0,19.42,0.5800000000000018,True
11280731.IV.PP3..HN,11280731,1877,18.77,1468.0,14.68,4.09,True
11280731.IV.PTQR..HH,11280731,1984,19.84,2430.0,24.3,4.460000000000001,True
11280731.IV.RM33..EH,11280731,1830,18.3,1830.0,18.3,0.0,True
11280731.IV.RM33..HN,11280731,1780,17.8,1818.0,18.18,0.379999999999999,True
11280731.IV.SACS..HH,11280731,1955,19.55,1970.0,19.7,0.14999999999999858,True
11280731.IV.SACS..HN,11280731,1653,16.53,1850.0,18.5,1.9699999999999989,True
11280731.IV.SEF1..HN,11280731,1625,16.25,1626.0,16.26,0.010000000000001563,True
11280731.IV.SMA1..EH,11280731,1682,16.82,1088.0,10.88,5.9399999999999995,True
11280731.IV.SNTG..HH,11280731,2146,21.46,2127.0,21.27,0.19000000000000128,True
11280731.IV.SNTG..HN,11280731,1986,19.86,1990.0,19.900000000000002,0.0400000000000027,True
11280731.IV.SRES..HH,11280731,2009,20.09,2200.0,22.0,1.9100000000000001,True
11280731.IV.SSFR..HH,11280731,1939,19.39,1947.0,19.47,0.0799999999999983,True
11280731.IV.SSFR..HN,11280731,1877,18.77,1891.0,18.91,0.14000000000000057,True
11280731.IV.T0110..HH,11280731,1677,16.77,1702.0,17.02,0.25,True
11280731.IV.T1201..HN,11280731,1714,17.14,1095.0,10.950000000000001,6.1899999999999995,True
11280731.IV.T1204..EH,11280731,1732,17.32,1738.0,17.38,0.05999999999999872,True
11280731.IV.T1211..EH,11280731,2368,23.68,2358.0,23.580000000000002,0.09999999999999787,True
11280731.IV.T1211..HN,11280731,3560,35.6,3625.0,36.25,0.6499999999999986,True
11280731.IV.T1212..EH,11280731,5231,52.31,1439.0,14.39,37.92,True
11280731.IV.T1212..HN,11280731,2359,23.59,1845.0,18.45,5.140000000000001,True
11280731.IV.T1213..EH,11280731,2569,25.69,2580.0,25.8,0.10999999999999943,True
11280731.IV.T1213..HN,11280731,2377,23.77,2394.0,23.94,0.1700000000000017,True
11280731.IV.T1215..EH,11280731,2093,20.93,2069.0,20.69,0.23999999999999844,True
11280731.IV.T1215..HN,11280731,5040,50.4,5043.0,50.43,0.030000000000001137,True
11280731.IV.T1216..EH,11280731,2095,20.95,999.0,9.99,10.959999999999999,True
11280731.IV.T1216..HN,11280731,2284,22.84,1041.0,10.41,12.43,True
11280731.IV.T1217..EH,11280731,1764,17.64,1759.0,17.59,0.05000000000000071,True
11280731.IV.T1217..HN,11280731,2825,28.25,999.0,9.99,18.259999999999998,True
11280731.IV.T1218..EH,11280731,4463,44.63,1975.0,19.75,24.880000000000003,True
11280731.IV.T1218..HN,11280731,2172,21.72,2203.0,22.03,0.3100000000000023,True
11280731.IV.T1219..EH,11280731,1728,17.28,1399.0,13.99,3.290000000000001,True
11280731.IV.T1219..HN,11280731,5443,54.43,1118.0,11.18,43.25,True
11280731.IV.T1220..EH,11280731,2409,24.09,1957.0,19.57,4.52,True
11280731.IV.T1220..HN,11280731,2623,26.23,2160.0,21.6,4.629999999999999,True
11280731.IV.T1221..EH,11280731,2444,24.44,2421.0,24.21,0.23000000000000043,True
11280731.IV.T1221..HN,11280731,6006,60.06,1378.0,13.780000000000001,46.28,True
11280731.IV.T1241..EH,11280731,1650,16.5,1603.0,16.03,0.46999999999999886,True
11280731.IV.T1241..HN,11280731,1659,16.59,1656.0,16.56,0.030000000000001137,True
11280731.IV.T1243..HH,11280731,2005,20.05,1533.0,15.33,4.720000000000001,True
11280731.IV.T1243..HN,11280731,1932,19.32,1942.0,19.42,0.10000000000000142,True
11280731.IV.T1244..EH,11280731,1725,17.25,1731.0,17.31,0.05999999999999872,True
11280731.IV.T1244..HN,11280731,1795,17.95,1803.0,18.03,0.08000000000000185,True
11280731.IV.T1245..HH,11280731,2061,20.61,2010.0,20.1,0.509999999999998,True
11280731.IV.T1246..HH,11280731,1848,18.48,1852.0,18.52,0.03999999999999915,True
11280731.IV.T1247..HH,11280731,1635,16.35,1725.0,17.25,0.8999999999999986,True
11280731.IV.T1256..HH,11280731,1862,18.62,1790.0,17.900000000000002,0.7199999999999989,True
11280731.IV.T1256..HN,11280731,1714,17.14,1699.0,16.990000000000002,0.14999999999999858,True
11280731.IV.T1299..EH,11280731,2010,20.1,2025.0,20.25,0.14999999999999858,True
11280731.IV.T1299..HN,11280731,1873,18.73,1898.0,18.98,0.25,True
11280731.IV.TERO..HH,11280731,1546,15.46,1544.0,15.44,0.02000000000000135,True
11280731.IV.TERO..HN,11280731,1542,15.42,1549.0,15.49,0.07000000000000028,True
11280731.IV.VCEL..EH,11280731,1753,17.53,1769.0,17.69,0.16000000000000014,True
11282341.IV.ACER..HH,11282341,2060,20.6,2072.0,20.72,0.11999999999999744,True
11282341.IV.ACER..HN,11282341,1920,19.2,1982.0,19.82,0.620000000000001,True
11282341.IV.AMUR..HH,11282341,1668,16.68,1675.0,16.75,0.07000000000000028,True
11282341.IV.AOI..HH,11282341,1996,19.96,2031.0,20.31,0.34999999999999787,True
11282341.IV.APRC..HN,11282341,1807,18.07,1813.0,18.13,0.05999999999999872,True
11282341.IV.ARRO..EH,11282341,2145,21.45,1774.0,17.740000000000002,3.7099999999999973,True
11282341.IV.ARVD..HH,11282341,1820,18.2,1875.0,18.75,0.5500000000000007,True
11282341.IV.ASSB..HH,11282341,1559,15.59,1284.0,12.84,2.75,True
11282341.IV.ATCC..EH,11282341,1964,19.64,1968.0,19.68,0.03999999999999915,True
11282341.IV.ATCC..HN,11282341,1887,18.87,1924.0,19.240000000000002,0.370000000000001,True
11282341.IV.ATFO..HH,11282341,1850,18.5,1862.0,18.62,0.120000000000001,True
11282341.IV.ATFO..HN,11282341,1556,15.56,1607.0,16.07,0.5099999999999998,True
11282341.MN.BLY..HH,11282341,1955,19.55,1983.0,19.830000000000002,0.28000000000000114,True
11282341.MN.BLY..HL,11282341,2046,20.46,2098.0,20.98,0.5199999999999996,True
11282341.IV.BSSO..HH,11282341,1748,17.48,1752.0,17.52,0.03999999999999915,True
11282341.IV.BSSO..HN,11282341,1873,18.73,1914.0,19.14,0.41000000000000014,True
11282341.IV.CAMP..HH,11282341,1837,18.37,1811.0,18.11,0.26000000000000156,True
11282341.IV.CAPA..HH,11282341,2291,22.91,2284.0,22.84,0.07000000000000028,True
11282341.IV.CERA..HH,11282341,1911,19.11,1928.0,19.28,0.1700000000000017,True
11282341.IV.CERA..HN,11282341,1987,19.87,2073.0,20.73,0.8599999999999994,True
11282341.IV.CERT..HH,11282341,1814,18.14,1773.0,17.73,0.41000000000000014,True
11282341.IV.CESI..HH,11282341,1882,18.82,1451.0,14.51,4.3100000000000005,True
11282341.IV.CESX..HH,11282341,2037,20.37,2038.0,20.38,0.00999999999999801,True
11282341.IV.CIGN..HH,11282341,1991,19.91,1953.0,19.53,0.379999999999999,True
11282341.IV.CING..HH,11282341,1945,19.45,1059.0,10.59,8.86,True
11282341.IV.CMPR..HH,11282341,2039,20.39,1292.0,12.92,7.470000000000001,True
11282341.IV.COR1..EH,11282341,2041,20.41,2055.0,20.55,0.14000000000000057,True
11282341.IV.CSP1..EH,11282341,2056,20.56,2100.0,21.0,0.4400000000000013,True
11282341.MN.CUC..HH,11282341,2000,20.0,1132.0,11.32,8.68,True
11282341.MN.CUC..HN,11282341,2048,20.48,2099.0,20.990000000000002,0.5100000000000016,True
11282341.IV.EL6..EH,11282341,1800,18.0,1767.0,17.67,0.3299999999999983,True
11282341.IV.FAGN..HH,11282341,2017,20.17,2055.0,20.55,0.379999999999999,True
11282341.IV.FOSV..EH,11282341,1955,19.55,1956.0,19.56,0.00999999999999801,True
11282341.IV.FOSV..HN,11282341,1887,18.87,1935.0,19.35,0.4800000000000004,True
11282341.IV.FRES..HH,11282341,1832,18.32,1827.0,18.27,0.05000000000000071,True
11282341.IV.FRON..EH,11282341,1853,18.53,1274.0,12.74,5.790000000000001,True
11282341.IV.FSSB..HH,11282341,1832,18.32,1863.0,18.63,0.3099999999999987,True
11282341.IV.GATE..HH,11282341,1837,18.37,1838.0,18.38,0.00999999999999801,True
11282341.IV.GATE..HN,11282341,1773,17.73,1777.0,17.77,0.03999999999999915,True
11282341.IV.GIGS..HH,11282341,1948,19.48,1938.0,19.38,0.10000000000000142,True
11282341.IV.GIUL..HH,11282341,2111,21.11,2194.0,21.94,0.8300000000000018,True
11282341.IV.GUAR..HH,11282341,1791,17.91,1835.0,18.35,0.4400000000000013,True
11282341.IV.INTR..HH,11282341,2057,20.57,2083.0,20.830000000000002,0.26000000000000156,True
11282341.IV.INTR..HN,11282341,1909,19.09,1971.0,19.71,0.620000000000001,True
11282341.IV.LTRZ..EH,11282341,1837,18.37,1840.0,18.400000000000002,0.030000000000001137,True
11282341.IV.MCEL..HH,11282341,1853,18.53,1795.0,17.95,0.5800000000000018,True
11282341.IV.MCEL..HN,11282341,2234,22.34,2234.0,22.34,0.0,True
11282341.IV.MELA..HH,11282341,2046,20.46,2021.0,20.21,0.25,True
11282341.IV.MELA..HN,11282341,2048,20.48,2046.0,20.46,0.019999999999999574,True
11282341.IV.MGR..HH,11282341,2092,20.92,999.0,9.99,10.930000000000001,True
11282341.IV.MGR..HN,11282341,2097,20.97,2193.0,21.93,0.9600000000000009,True
11282341.IV.MIDA..HH,11282341,1628,16.28,1633.0,16.330000000000002,0.05000000000000071,True
11282341.IV.MIDA..HN,11282341,1639,16.39,1687.0,16.87,0.4800000000000004,True
11282341.IV.MIGL..HH,11282341,1946,19.46,1937.0,19.37,0.08999999999999986,True
11282341.IV.MOCO..HH,11282341,1590,15.9,1562.0,15.620000000000001,0.27999999999999936,True
11282341.IV.MOCO..HN,11282341,1556,15.56,1604.0,16.04,0.47999999999999865,True
11282341.IV.MODR..HH,11282341,1592,15.92,1551.0,15.51,0.41000000000000014,True
11282341.IV.MPAG..EH,11282341,2114,21.14,2106.0,21.06,0.08000000000000185,True
